word,phonetic,definition,translation,pos,collins,oxford,tag,bnc,frq,exchange,detail,audio
abandon,ә'bændәn,"n. the trait of lacking restraint or control; reckless freedom from inhibition or worry\nv. forsake, leave behind\nv. give up with the intent of never claiming again\nv. stop maintaining or insisting on; of ideas or claims","vt. 放弃, 抛弃, 遗弃, 使屈从, 沉溺, 放纵\nn. 放任, 无拘束, 狂热",,3,1,gk cet4 cet6 ky toefl gre,2057,2182,d:abandoned/p:abandoned/i:abandoning/3:abandons,,
abnormal,æb'nɒ:mәl,a. not normal; not typical or usual or regular or conforming to a norm\na. departing from the normal in e.g. intelligence and development\ns. much greater than the normal,"a. 反常的, 不规则的, 变态的, 畸形的\nn. 畸形的人",,1,,gk cet4 cet6 ky toefl ielts,6548,8241,s:abnormals,,
abolish,ә'bɒliʃ,v. do away with,"vt. 废止, 革除, 消灭\n[经] 废除, 取消, 裁撤",,2,,gk cet6 ky toefl ielts gre,3736,7490,d:abolished/i:abolishing/p:abolished/3:abolishes,,
abortion,ә'bɒ:ʃәn,n. termination of pregnancy,"n. 流产, 堕胎, 失败, 夭折, 中止\n[医] 流产, 小产; 顿挫",,3,,gk ielts,4341,1969,s:abortions,,
abrupt,ә'brʌpt,s. marked by sudden changes in subject and sharp transitions\ns. exceedingly sudden and unexpected\ns. extremely steep\ns. surprisingly and unceremoniously brusque in manner,"a. 突然的, 唐突的, 陡峭的, 不连贯的",,2,,gk cet6 ky toefl ielts gre,8560,8703,,,
absence,'æbsәns,"n. the state of being absent\nn. failure to be present\nn. the time interval during which something or somebody is away\nn. the occurrence of an abrupt, transient loss or impairment of consciousness (which is not subsequently remembered), sometimes with light twitching, fluttering eyelids, etc.; common in petit mal epilepsy","n. 缺席, 缺乏, 没有\n[医] 失神",,3,1,gk cet4 cet6 ky toefl,1585,2524,s:absences,,
absorb,әb'sɒ:b,"v. become imbued\nv. take up mentally\nv. take up, as of debts or payments\nv. take in, also metaphorically","vt. 吸收, 使全神贯注, 同化, 买进, 理解, 承受, 忍受, 承担\n[医] 吸收",,2,1,gk cet4 cet6 ky toefl ielts gre,2879,3120,d:absorbed/p:absorbed/3:absorbs/i:absorbing,,
abstract,'æbstrækt,v. consider a concept without thinking of a specific example; consider abstractly or theoretically\nv. consider apart from a particular case or instance\nv. give an abstract (of)\na. existing only in the mind; separated from embodiment,"a. 抽象的, 深奥的\nn. 摘要, 抽象概念\nvt. 摘要, 提炼, 使抽象化\n[计] 摘录; 摘要; 抽象",,2,,gk cet4 cet6 ky toefl ielts gre,3729,4007,s:abstracts/d:abstracted/i:abstracting/3:abstracts/p:abstracted,,
absurd,әb'sә:d,n. a situation in which life seems irrational and meaningless\ns. inconsistent with reason or logic or common sense\ns. incongruous; inviting ridicule,"a. 荒谬的, 不合理的, 可笑的\nn. 荒诞",,2,,gk cet6 ky toefl ielts gre,5676,5901,s:absurds,,
abundance,ә'bʌndәns,n. the property of a more than adequate quantity or supply\nn. (physics) the ratio of the number of atoms of a specific isotope of an element to the total number of isotopes present\nn. (chemistry) the ratio of the total mass of an element in the earth's crust to the total mass of the earth's crust; expressed as a percentage or in parts per million,"n. 丰富, 充足, 大量\n[经] 丰富, 充裕",,1,,cet6 ky toefl ielts gre,7038,5425,s:abundances,,
abundant,ә'bʌndәnt,a. present in great quantity,"a. 丰富的, 充分的, 大量的",,1,,gk cet4 ky toefl gre,7823,6223,,,
abuse,ә'bju:s.ә'bju:z,n. a rude expression intended to offend or hurt\nv. use foul or abusive language towards\nv. use wrongly or improperly or excessively,"n. 滥用, 虐待, 恶习, 辱骂\nvt. 滥用, 辱骂, 虐待",,4,1,gk cet4 cet6 ky toefl ielts gre,2352,1540,d:abused/s:abuses/i:abusing/3:abuses/p:abused,,
academic,.ækә'demik,a. associated with academia or an academy\ns. hypothetical or theoretical and not expected to produce an immediate or practical result\ns. marked by a narrow focus on or display of learning especially its trivial aspects,"a. 学院的, 学术的, 不切实际的\nn. 大学生, 大学教师, 学者, 学会会员",,3,1,gk cet4 cet6 ky toefl ielts gre,1941,1465,s:academics,,
accelerate,әk'selәreit,v. move faster\nv. cause to move faster,"v. 加速, 促进",,2,,gk cet4 cet6 ky toefl ielts gre,5328,4925,p:accelerated/d:accelerated/i:accelerating/3:accelerates,,
acceptance,әk'septәns,n. the state of being acceptable and accepted\nn. (contract law) words signifying consent to the terms of an offer (thereby creating a contract)\nn. banking: a time draft drawn on and accepted by a bank\nn. the act of taking something that is offered,"n. 接受, 接纳, 承认, 同意, 赞同, 容忍, 相信\n[经] 承兑, 认付, (工程)验收",,2,,cet4 cet6 ky,2899,3443,s:acceptances,,
access,'ækses,n. the right to obtain or make use of or take advantage of something (as services or membership)\nn. a way of entering or leaving\nn. a code (a series of characters or digits) that must be entered in some way (typed or dialed or spoken) to get the use of something (a telephone line or a computer or a local area network etc.)\nn. (computer science) the operation of reading or writing stored information,"n. 通路, 入口, 接近, 进入, 使用权, 发作\nvt. 访问, 存取, 接近, 使用\n[计] 访问, 存取",,3,1,gk cet4 cet6 ky toefl ielts gre,999,1113,d:accessed/i:accessing/3:accesses/s:accesses/p:accessed,,
accessory,әk'sesәri,"n. clothing that is worn or carried, but not part of your main clothing\nn. a supplementary component that improves capability\nn. someone who helps another person commit a crime\ns. furnishing added support","n. 附件, 零件, 附加物, 从犯, 同谋\na. 附属的, 补充的, 同谋的, 帮凶的, 非主要的, 副的\n[计] 附件",,2,,cet4 cet6 ky toefl ielts gre,7048,6429,s:accessories,,
accident,'æksidәnt,n. an unfortunate mishap; especially one causing damage or injury\nn. anything that happens suddenly or by chance without an apparent cause,"n. 意外事件, 机遇, 事故, 次要方面\n[化] 意外事故; 事故",,3,1,zk gk cet4 ky toefl,1187,1707,s:accidents,,
accommodate,ә'kɒmәdeit,v. provide with something desired or needed\nv. have room for; hold without crowding\nv. make (one thing) compatible with (another),"vt. 使适应, 调和, 通融, 容纳, 向...提供\nvi. 适应",,2,,cet4 cet6 ky toefl ielts gre,3404,3717,d:accommodated/i:accommodating/3:accommodates/p:accommodated,,
accommodation,ә.kɒmә'deiʃәn,n. a settlement of differences\nn. in the theories of Jean Piaget: the modification of internal representations in order to accommodate a changing knowledge of reality\nn. living quarters provided for public convenience\nn. the act of providing something (lodging or seat or food) to meet a need,"n. 膳宿, 预订铺位, 适应性调节, 调和, 贷款\n[医] 调节(眼); 适应",,2,1,gk cet4 cet6 ky ielts,2048,5369,s:accommodations,,
accomplish,ә'kʌmpliʃ,v put in effect\nv to gain with effort,"vt. 完成, 达到, 实现, 使完美",,2,,gk cet4 ky toefl ielts gre,5546,2345,d:accomplished/p:accomplished/i:accomplishing/3:accomplishes,,
accord,ә'kɒ:d,n. concurrence of opinion\nn. sympathetic compatibility\nv. allow to have,"n. 一致, 调和, 协定\nvt. 给与, 使一致\nvi. 相符合",,5,,cet4 cet6 ky toefl ielts gre,5594,6075,i:according/d:accorded/3:accords/s:accords/p:accorded,,
accordance,ә'kɒ:dәns,n. the act of granting rights,"n. 一致, 和谐",,1,,cet4 cet6 ky,32964,8086,,,
account,ә'kaunt,n. a formal contractual relationship established to provide for regular banking or brokerage or business services\nn. importance or value\nn. a statement of recent transactions and the resulting balance\nn. the quality of taking advantage,"n. 报告, 解释, 估价, 理由, 利润, 算账, 帐目\nvi. 报帐, 解释, 导致, 报偿, 占, 杀死\nvt. 认为\n[计] 帐户, 帐号",,5,1,gk cet4 ky toefl ielts,498,1071,s:accounts/d:accounted/i:accounting/3:accounts/p:accounted,,
accumulate,ә'kju:mjuleit,v. collect or gather,"v. 积聚, 堆积",,2,,gk cet4 cet6 ky toefl ielts gre,4997,5083,d:accumulated/i:accumulating/3:accumulates/p:accumulated,,
accurate,'ækjurәt,"a. conforming exactly or almost exactly to fact or to a standard or performing with total accuracy\ns. (of ideas, images, representations, expressions) characterized by perfect conformity to fact or truth; strictly correct","a. 正确的, 精确的\n[经] 准确的, 精确的",,3,1,cet4 cet6 ky toefl ielts gre,2738,2728,,,
accuse,ә'kju:z,v. bring an accusation against; level a charge against,"vt. 指责, 控告, 归咎于\nvi. 指责, 控告",,4,1,gk cet4 cet6 ky toefl ielts gre,1893,2024,d:accused/p:accused/i:accusing/3:accuses,,
accustomed,ә'kʌstәmd,a. (often followed by `to') in the habit of or adapted to\ns. commonly used or practiced; usual,"a. 惯常的, 习惯了的",,1,,gk cet4 cet6 ky toefl,6431,8524,d:accustomed/0:accustomed/1:dp/p:accustomed,,
achievement,ә'tʃi:vmәnt,n the action of accomplishing something,"n. 完成, 成就, 功业",,2,1,gk cet4 cet6 toefl ielts,1978,2021,s:achievements,,
acid,'æsid,n. any of various water-soluble compounds having a sour taste and capable of turning litmus red and reacting with a base to form a salt\nn. street name for lysergic acid diethylamide\ns. having the characteristics of an acid,"n. 酸, 酸类物质, 尖刻, 迷幻药\na. 酸的, 酸性的, 尖刻的, 敏锐的\n[计] 自动文档互参与索引生成程序",,3,1,gk cet4 cet6 ky toefl ielts,1597,3238,s:acids,,
acknowledge,әk'nɒlidʒ,"v. report the receipt of\nv. express obligation, thanks, or gratitude for\nv. accept as legally binding and valid\nv. accept (someone) to be what is claimed or accept his power and authority","vt. 承认, 告知收悉, 答谢, 报偿\n[经] 承认, 答谢, 收到的通知",,3,1,gk cet4 cet6 ky toefl ielts gre,2105,1654,p:acknowledged/d:acknowledged/3:acknowledges/i:acknowledging,,
acquaint,ә'kweint,v. inform,"vt. 使认识, 介绍",,1,,cet6 ky toefl ielts gre,9574,9630,d:acquainted/i:acquainting/p:acquainted/3:acquaints,,
acquaintance,ә'kweintәns,n. personal knowledge or information about someone or something\nn. a relationship less intimate than friendship\nn. a person with whom you are acquainted,"n. 认识, 相识者",,2,,gk cet4 cet6 ky toefl gre,5967,6274,s:acquaintances,,
acquire,ә'kwaiә,v. locate (a moving entity) by means of a tracking system such as radar\nv. win something through one's efforts,"vt. 获得, 学到\n[电] 目标锁定",,3,1,gk cet4 cet6 ky toefl ielts,1407,2063,d:acquired/p:acquired/i:acquiring/3:acquires,,
activate,'æktiveit,v. make active or more active\nv. make more adsorptive\nv. aerate (sewage) so as to favor the growth of organisms that decompose organic matter\nv. make (substances) radioactive,"vt. 使活动, 使激活, 正式建成\nvi. 有活力",,1,,ky toefl ielts,4543,6113,d:activated/i:activating/3:activates/p:activated,,
acute,ә'kju:t,a. having or experiencing a rapid onset and short but severe course\ns. extremely sharp or intense\ns. having or demonstrating ability to recognize or draw fine distinctions\na. of an angle; less than 90 degrees,"a. 尖锐的, 敏锐的, 激烈的, 严重的, 急性的\n[医] 急性的; 尖锐的",,2,,gk cet4 cet6 ky toefl ielts gre,3249,5255,s:acutes/t:acutest,,
adapt,ә'dæpt,"v. make fit for, or change to suit a new purpose","vt. 使适应, 改编\nvi. 适应",,2,1,gk cet4 cet6 ky toefl ielts gre,2816,2933,d:adapted/i:adapting/p:adapted/3:adapts,,
addict,ә'dikt,"n. someone who is so ardently devoted to something that it resembles an addiction\nn. someone who is physiologically dependent on a substance; abrupt deprivation of the substance produces withdrawal symptoms\nv. to cause (someone or oneself) to become dependent (on something, especially a narcotic drug)","vt. 使沉溺, 使上瘾\nn. 入迷的人, 上瘾者",,2,,cet6 ky toefl ielts gre,10019,6091,d:addicted/s:addicts/i:addicting/p:addicted/3:addicts,,
addition,ә'diʃәn,n. a component that is added to something to improve it\nn. the act of adding one thing to another\nn. a quantity that is added\nn. a suburban area laid out in streets and lots for a future residential area,"n. 加法, 增加的人(或物)\n[计] 加法",,4,1,gk cet4 cet6 ky ielts gre,2841,2048,s:additions,,
additional,ә'diʃәnәl,s further or added,"a. 附加的, 另外的, 额外的\n[机] 加添的, 附加的",,,1,cet4 cet6 ky toefl ielts,1310,1319,,,
adequate,'ædikwәt,a. having the requisite qualities or resources to meet a task\ns. sufficient for the purpose\ns. about average; acceptable,"a. 适当的, 足够的\n[法] 胜任的, 适当的, 充分的",,3,1,gk cet4 cet6 ky toefl ielts gre,2398,3297,,,
adhere,әd'hiә,v. be compatible or in accordance with\nv. follow through or carry out a plan without deviation\nv. be a devoted follower or supporter\nv. stick to firmly,"vi. 依附, 粘着, 坚持, 追随, 拥护\nvt. 使粘附",,2,,cet4 cet6 ky toefl ielts gre,6380,6516,d:adhered/i:adhering/p:adhered/3:adheres,,
adjacent,ә'dʒeisәnt,"s. nearest in space or position; immediately adjoining without intervening space\ns. having a common boundary or edge; abutting; touching; Massachusetts and Conncecticut""\ns. near or close to but not necessarily touching","a. 毗连的, 邻近的, 连接的\n[机] 相邻的, 邻位的, 交界的",,1,,cet6 ky toefl ielts gre,5391,6649,,,
adjoin,ә'dʒɒin,v. attach or add,"v. 邻接, 毗连",,1,,cet6 ky toefl ielts,11337,17562,i:adjoining/3:adjoins/p:adjoined/d:adjoined,,
adjust,ә'dʒʌst,v. alter or regulate so as to achieve accuracy or conform to a standard\nv. adapt or conform oneself to new or different conditions\nv. make correspondent or conformable\nv. decide how much is to be paid on an insurance claim,"vt. 调整, 使适应于, 校准\nvi. 适应于, 被调节, 相互熟悉而适应",,3,1,gk cet4 cet6 ky toefl ielts gre,2811,2300,d:adjusted/i:adjusting/p:adjusted/3:adjusts,,
administration,әd.mini'streiʃәn,n. a method of tending to or managing the affairs of a some group of people (especially the group's business affairs)\nn. the persons (or committees or departments etc.) who make up a body for the purpose of administering something\nn. the act of administering medication\nn. the act of meting out justice according to the law,"n. 行政, 管理, 政府机关\n[化] 给药",,4,,gk cet4 cet6 ky toefl ielts,1383,635,s:administrations,,
admit,әd'mit,"v. declare to be true or admit the existence or reality or truth of\nv. allow to enter; grant entry to\nv. allow participation in or the right to be part of; permit to exercise the rights, functions, and responsibilities of\nv. afford possibility","vt. 承认, 接受, 允许进入, 容许\nvi. 开向, 容许, 承认",,4,1,gk cet4 ky toefl,887,1089,p:admitted/d:admitted/3:admits/i:admitting,,
adolescent,.ædәu'lesәnt,n. a juvenile between the onset of puberty and maturity\na. relating to or peculiar to or suggestive of an adolescent\ns. being of the age 13 through 19\ns. displaying or suggesting a lack of maturity,"a. 青春期的, 青少年的\nn. 青少年",,2,,gk cet6 ky toefl gre,8678,3386,s:adolescents,,
adopt,ә'dɒpt,"v. choose and follow; as of theories, ideas, policies, strategies or plans\nv. take up and practice as one's own\nv. take into one's family","vt. 采用, 正式通过, 收养, 接受\n[医] 采取",,4,1,gk cet4 cet6 ky toefl ielts gre,1157,1632,d:adopted/p:adopted/i:adopting/3:adopts,,
adore,ә'dɒ:,v. love intensely,"vt. 崇拜, 爱慕, 喜爱\nvi. 崇拜, 爱慕",,2,,gk cet6 ky toefl ielts gre,8708,7705,p:adored/3:adores/d:adored/i:adoring,,
advantage,әd'vɑ:ntidʒ,n. the quality of having a superior or more favorable position\nn. (tennis) first point scored after deuce\nn. benefit resulting from some event or action\nv. give an advantage to,"n. 优点, 便利, 好处, 优势\nvt. 有助于",,4,1,zk gk cet4 ky,969,1301,s:advantages/d:advantaged/i:advantaging/p:advantaged/3:advantages,,
adverse,'ædvә:s,s. contrary to your interests or welfare\ns. in an opposing direction,"a. 不利的, 敌对的, 相反的, 逆的\n[法] 相反的, 敌对的, 逆的",,2,,cet6 ky toefl ielts gre,5120,6307,,,
advocate,'ædvәkeit,n. a person who pleads for a cause or propounds an idea\nn. a lawyer who pleads cases in court,"n. 提倡者, 拥护者\nvt. 主张, 提倡",,3,,gk cet4 cet6 ky toefl ielts gre,4031,2623,d:advocated/s:advocates/i:advocating/p:advocated/3:advocates,,
aerial,'єәriәl,a. existing or living or growing or operating in the air,"a. 空中的, 航空的, 空气的, 空想的\nn. 天线",,1,,cet6 ky ielts gre,7551,7339,s:aerials,,
aesthetic,i:s'θetik,n. (philosophy) a philosophical theory as to what is beautiful\na. relating to or dealing with the subject of aesthetics\na. concerning or characterized by an appreciation of beauty or good taste\ns. aesthetically pleasing,"a. 美学的, 审美的, 有美感的",,2,,cet6 ky toefl ielts gre,5161,4296,,,
affection,ә'fekʃәn,n. a positive feeling of liking,"n. 影响, 病, 喜爱, 情感, 倾向\n[医] 疾患, 病变, 病; 感情",,2,1,gk cet4 cet6 ky toefl ielts gre,4103,5137,s:affections,,
affiliate,ә'filieit,n. a subordinate or subsidiary associate; a person who is affiliated with another or with an organization\nn. a subsidiary or subordinate organization that is affiliated with another organization\nv. join in an affiliation,"vt. 使紧密联系, 使附属, 接纳, 收养\nvi. 发生联系, 参加",,2,,cet6 ky toefl ielts gre,14490,6929,d:affiliated/s:affiliates/i:affiliating/p:affiliated/3:affiliates,,
affirm,ә'fә:m,v. to declare or affirm solemnly and formally as true\nv. say yes to,"v. 断言, 确认",,2,,cet6 ky toefl ielts gre,7903,5714,p:affirmed/d:affirmed/i:affirming/3:affirms/s:affirms,,
afflict,ә'flikt,v. cause great unhappiness for; distress\nv. cause physical pain or suffering in,"vt. 使苦恼, 折磨",,,,cet6 toefl ielts gre,11138,9633,d:afflicted/3:afflicts/i:afflicting/p:afflicted,,
aggregate,'ægrigәt,"n. material such as sand or gravel used with cement and water to make concrete, mortar, or plaster\nn. a sum total of many heterogenous things taken together\nv. amount in the aggregate to\nv. gather in a mass, sum, or whole","n. 合计, 总计, 聚集体\na. 合计的, 聚集的\nv. 聚集, 集合, 合计达\n[计] 聚合体; 聚集",,2,,toefl ielts gre,5505,12841,s:aggregates/d:aggregated/i:aggregating/3:aggregates/p:aggregated,,
aggressive,ә'gresiv,"a. having or showing determination and energetic pursuit of your ends; positive in his convictions""\ns. tending to spread quickly\ns. characteristic of an enemy or one eager to fight","a. 侵略的, 挑畔的, 进取的\n[法] 侵略的, 爱挑衅的, 行为过火的",,3,1,gk cet4 cet6 ky toefl ielts gre,3648,2514,,,
agony,'ægәni,n. intense feelings of suffering; acute mental or physical pain\nn. a state of acute pain,"n. 极大的痛苦, 挣扎\n[医] 濒死苦闷; 剧痛",,2,,cet4 cet6 ky ielts gre,5575,7577,s:agonies,,
agreeable,ә'griәbl,a. conforming to your own liking or feelings or nature\ns. prepared to agree or consent,"a. 令人愉快的, 同意的\n[医] 佳适的",,1,,cet6 ky toefl ielts gre,9587,13667,,,
aid,eid,n. a resource\nn. the activity of contributing to the fulfillment of a need or furtherance of an effort or purpose\nn. money to support a worthy person or cause,"n. 帮助, 外援, 助手\nvt. 援助, 帮助, 有助于\nvi. 帮助\n[计] 自动内部诊断",,5,1,gk cet4 cet6 ky,1096,1640,s:aids/d:aided/i:aiding/p:aided/3:aids,,
air-condition,"'eәkәn,diʃən",v. control the humidity and temperature of,"vt. 设以空调设备, 用空调调节",,,,,0,0,i:air-conditioning/p:air-conditioned/3:air-conditions/d:air-conditioned,,
aisle,ail,n. a long narrow passage (as in a cave or woods)\nn. passageway between seating areas as in an auditorium or passenger vehicle or between areas of shelves of goods as in stores\nn. part of a church divided laterally from the nave proper by rows of pillars or columns,"n. 走廊, 侧廊, 过道\n[机] 走道",,1,,ky ielts,7161,4484,s:aisles,,
alarm,ә'lɑ:m,n. fear resulting from the awareness of danger\nn. a device that signals the occurrence of some undesirable event\nn. an automatic signal (usually a sound) warning of danger\nv. warn or arouse to a sense of danger or call to a state of preparedness,"n. 惊恐, 警报, 警钟\nvt. 使惊恐, 警告\n[计] 报警信号",,3,1,gk cet4 ky toefl ielts,3004,3693,s:alarms/d:alarmed/p:alarmed/i:alarming/3:alarms,,
album,'ælbәm,n. one or more recordings issued together; originally released on 12-inch phonograph records (usually with attractive record covers) and later on cassette audiotape and compact disc\nn. a book of blank pages with pockets or envelopes; for organizing photographs or stamp collections etc,"n. 粘贴簿, 唱片套\n[医] 白色物",,4,,gk cet6 ky ielts,2991,2215,s:albums,,
alcohol,'ælkәhɒl,n. a liquor or brew containing alcohol as the active agent\nn. any of a series of volatile hydroxyl compounds that are made from hydrocarbons by distillation,"n. 酒精, 酒\n[化] 醇; 乙醇; 酒精",,3,1,gk cet4 ky,2654,2191,s:alcohols,,
alert,ә'lә:t,n. condition of heightened watchfulness or preparation for action\nn. a warning serves to make you more alert to danger\na. engaged in or accustomed to close observation\ns. quick and energetic,"a. 警觉的, 灵敏的, 留心的\nn. 警报\nvt. 使警觉, 通知, 使意识到",,3,,cet4 cet6 ky toefl gre,4966,5318,d:alerted/p:alerted/i:alerting/3:alerts/s:alerts,,
alien,'eiljәn,v. transfer property or ownership\ns. not contained in or deriving from the essential nature of something\ns. being or from or characteristic of another place or part of the world,"n. 外国人, 外侨\na. 外国的, 相异的",,2,,cet6 ky toefl ielts,5998,3977,s:aliens/i:aliening/p:aliened/3:aliens/d:aliened,,
alienate,'eiljәneit,v. make withdrawn or isolated or emotionally dissociated,"vt. 使疏远, 离间, 转让\n[法] 转让, 让与, 疏远",,2,,toefl ielts gre,8590,8136,d:alienated/p:alienated/i:alienating/3:alienates,,
allege,ә'ledʒ,v. report or maintain,"vt. 宣称, 主张, 提出, 断言\n[法] 断言, 指称, 指证",,4,,cet6 ky toefl ielts gre,3738,5319,d:alleged/p:alleged/i:alleging/3:alleges,,
alleviate,ә'li:vieit,"v provide physical relief, as from pain\nv make easier","vt. 减轻, 使缓和",,1,,cet6 ky toefl ielts gre,7706,7531,d:alleviated/i:alleviating/3:alleviates/p:alleviated,,
alliance,ә'laiәns,n. the state of being allied or confederated\nn. a connection based on kinship or marriage or common interest\nn. an organization of people (or countries) involved in a pact or treaty\nn. a formal agreement establishing an association or alliance between nations or other groups to achieve a particular aim,"n. 联盟, 联合\n[法] 同盟, 联盟, 联姻",,3,,cet6 ky toefl ielts,2354,3376,s:alliances,,
allocate,'ælәukeit,v. distribute according to a plan or set apart for a special purpose,"vt. 分派, 分配\n[计] 分配",,2,,gk cet6 ky toefl ielts gre,3035,6763,d:allocated/i:allocating/3:allocates/p:allocated,,
alloy,'ælɒi. ә'lɒi,n. a mixture containing two or more metallic elements or metallic and nonmetallic elements usually fused together or dissolving into each other when molten\nv. make an alloy of,"n. 合金\nvt. 将...铸成合金, 减低成色\nvi. 合铸",,1,,cet4 cet6 ky toefl ielts,10493,11808,s:alloys/i:alloying/d:alloyed/p:alloyed/3:alloys,,
alter,'ɒ:ltә,v. make an alteration to\nv. remove the ovaries of,v. 改变,,3,1,cet4 cet6 ky toefl ielts gre,2121,2889,d:altered/i:altering/3:alters/p:altered,,
alternate,'ɒ:ltәnәt,v. go back and forth; swing back and forth between two states or conditions\nv. exchange people temporarily to fulfill certain jobs and functions\nv. do something in turns\ns. every second one of a series,"a. 交替的, 轮流的, 间隔的\nv. 轮流, (使)交替",,2,,cet6 ky toefl ielts gre,9515,7396,i:alternating/p:alternated/3:alternates/d:alternated/s:alternates,,
alternative,ɒ:l'tә:nәtiv,s. necessitating a choice between mutually exclusive possibilities\ns. pertaining to unconventional choices,"n. 两者择一, 供替代的选择\na. 两者择一的, 供选择的\n[计] 选择对象",,4,1,gk cet4 cet6 ky toefl ielts,1752,2073,s:alternatives,,
ambiguous,æm'bigjuәs,a. having more than one possible meaning\ns. having no intrinsic or objective meaning; not organized in conventional patterns,"a. 不明确的, 模棱两可的\n[法] 意思含糊的, 模棱两可的, 暧昧的",,2,,gk cet6 ky toefl ielts gre,6442,7071,,,
ambition,æm'biʃәn,n. a cherished desire\nn. a strong drive for success\nv. have as one's ambition,"n. 野心, 志向",,3,1,gk cet4 cet6 ky toefl ielts,3185,4283,s:ambitions,,
ambitious,æm'biʃәs,a. having a strong desire for success or achievement\ns. requiring full use of your abilities or resources,"a. 有野心的, 抱负不凡的, 雄心勃勃的",,2,,cet6 ky toefl ielts,4298,4287,,,
amend,ә'mend,v. make amendments to,"vt. 修改, 改善, 改良\nvi. 改过自新",,2,,ky toefl ielts gre,4585,7371,d:amended/i:amending/p:amended/3:amends/s:amends,,
ammunition,.æmju'niʃәn,n. projectiles to be fired from a gun\nn. any nuclear or chemical or biological material that can be used as a weapon of mass destruction\nn. information that can be used to attack or defend a claim or argument or viewpoint,"n. 军火, 弹药\n[机] 弹药",,2,,ielts,7653,6837,s:ammunitions,,
amplify,'æmplifai,v. increase the volume of,"vt. 增强, 放大, 扩大, 详述\nvi. 引伸",,1,,cet4 cet6 ky toefl ielts gre,9902,9595,d:amplified/p:amplified/i:amplifying/3:amplifies,,
analogy,ә'nælәdʒi,n. an inference that if things agree in some respects they probably agree in others\nn. drawing a comparison in order to show a similarity in some respect,"n. 相似, 类似\n[计] 模拟",,1,,cet6 ky toefl ielts gre,5394,5913,s:analogies,,
analyse,'ænәlaiz,"v consider in detail and subject to an analysis in order to discover essential features or meaning\nv break down into components or essential features\nv make a mathematical, chemical, or grammatical analysis of; break down into components or essential features\nv subject to psychoanalytic treatment","vt. 分析, 细察, 分解\n[经] 分析",,2,1,cet4 cet6 ky,2142,12788,d:analysed/i:analysing/p:analysed/3:analyses/s:analyses,,
analysis,ә'nælәsis,"n. an investigation of the component parts of a whole and their relations in making up the whole\nn. the abstract separation of a whole into its constituent parts in order to study the parts and their relations\nn. a form of literary criticism in which the structure of a piece of writing is analyzed\nn. the use of closed-class words instead of inflections: e.g., `the father of the bride' instead of `the bride's father'",n. 分析\n[计] 分析机; 分析员; 分析; 分析程序,,3,1,gk cet4 cet6 ky toefl ielts,707,811,s:analyses,,
ancestor,'ænsestә,n. someone from whom you are descended (but usually more remote than a grandparent),"n. 祖先, 祖宗",,2,,gk cet4 cet6 ky toefl ielts gre,4793,4137,s:ancestors,,
ancient,'einʃәnt,n. a very old person\nn. a person who lived in ancient times\ns. belonging to times long past especially of the historical period before the fall of the Western Roman Empire\ns. very old,"a. 古代的, 古老的, 年老的, 旧的",,3,1,zk gk cet4 cet6 ky ielts,1841,1817,s:ancients,,
annoy,ә'nɒi,"v. cause annoyance in; disturb, especially by minor irritations","vt. 使恼怒, 骚扰",,1,1,gk toefl ielts gre,7731,9844,p:annoyed/3:annoys/d:annoyed/i:annoying,,
annual,'ænjuәl,n. (botany) a plant that completes its entire life cycle within the space of a year\nn. a reference book that is published regularly once every year\na. completing its life cycle within a year\ns. occurring or payable every year,"n. 年刊, 年报\na. 每年的, 一年一次的, 全年的, 一年生的",,4,1,gk cet4 ky toefl ielts,1215,1361,s:annuals,,
anonymous,ә'nɒnimәs,a. having no known name or identity or known source\ns. not known or lacking marked individuality,"a. 姓氏不详的, 无名的, 无特色的\n[计] 无记录",,2,,cet6 ky toefl ielts gre,4958,4318,,,
anticipate,æn'tisipeit,v. act in advance of; deal with ahead of time\nv. realize beforehand\nv. be excited or anxious about\nv. be a forerunner of or occur earlier than,"vt. 预期, 占先, 加速, 提前使用\n[医] 提前出现, 先期发生",,2,1,cet4 cet6 ky toefl ielts gre,3106,3187,d:anticipated/i:anticipating/p:anticipated/3:anticipates,,
anxiety,æŋ'zaiәti,"n. (psychiatry) a relatively permanent state of worry and nervousness occurring in a variety of mental disorders, usually accompanied by compulsive behavior or attacks of panic\nn. a vague unpleasant emotion that is experienced in anticipation of some (usually ill-defined) misfortune","n. 焦虑, 忧虑, 令人焦虑的事\n[医] 焦虑",,3,1,gk cet4 cet6 ky toefl ielts,2612,2467,s:anxieties,,
apartment,ә'pɑ:tmәnt,n. a suite of rooms usually on one floor of an apartment house,"n. 房间, 公寓",,3,1,gk cet4 ky ielts,3711,1273,s:apartments,,
apology,ә'pɒlәdʒi,n. an expression of regret at having caused trouble for someone\nn. a formal written defense of something you believe in strongly\nn. a poor example,"n. 道歉, 辩护\n[法] 道歉, 谢罪, 辩解者",,2,,gk cet4 ky toefl,4950,4944,s:apologies,,
apparatus,.æpә'reitәs,n. equipment designed to serve a specific function\nn. (anatomy) a group of body parts that work together to perform a given function,"n. 装置, 器具, 器官\n[化] 仪器; 器械",,1,,cet4 cet6 ky ielts gre,5318,6978,,,
appeal,ә'pi:l,n. attractiveness that interests or pleases or stimulates\nn. (law) a legal proceeding in which the appellant resorts to a higher court for the purpose of obtaining a review of a lower court decision and a reversal of the lower court's judgment or the granting of a new trial\nv. take a court case to a higher court for review\nv. request earnestly (something from somebody); ask for aid or protection,"n. 恳求, 诉请, 上诉, 吸引力\nvi. 呼吁, 诉请, 要求, 上诉, 有吸引力\nvt. 将...上诉",,4,1,gk cet4 cet6 ky toefl ielts gre,942,1852,s:appeals/p:appealed/i:appealing/d:appealed/3:appeals,,
appearance,ә'piәrәns,n. outward or visible aspect of a person or thing\nn. the event of coming into sight\nn. formal attendance (in court or at a hearing) of a party in an action\nn. a mental representation,"n. 出现, 露面, 外观, 外表, 出版\n[计] 外观, 版面",,4,1,gk cet4 ky ielts,1435,1684,s:appearances,,
appease,ә'pi:z,v cause to be more favorably inclined; gain the good will of\nv overcome or allay\nv make peace with,"vt. 抚慰, 缓解, 平息, 姑息\n[法] 使和缓, 使满足, 姑息",,1,,gre,13880,12426,d:appeased/i:appeasing/p:appeased/3:appeases,,
appendix,ә'pendiks,n. supplementary material that is collected and appended at the back of a book\nn. a vestigial process that extends from the lower end of the cecum and that resembles a small pouch,"n. 附录, 附加物, 阑尾\n[化] 增补",,1,,gk cet6 ky ielts,3748,12249,s:appendices,,
applaud,ә'plɒ:d,v. clap one's hands or shout after performances to indicate approval\nv. express approval of,"v. 拍手喝彩, 称赞, 赞同",,2,,gk cet6 ky toefl ielts gre,7585,5722,p:applauded/d:applauded/i:applauding/3:applauds,,
appliance,ә'plaiәns,n. a device or control that is very useful for a particular job\nn. durable goods for home or office use,"n. 器械, 用具, 应用\n[医] 矫正器; 器",,2,,cet4 cet6 ky toefl ielts,7150,6043,s:appliances,,
application,.æpli'keiʃәn,n. the act of bringing something to bear; using it for a particular purpose\nn. a verbal or written request for assistance or employment or admission to a school\nn. the work of applying something; \nn. a program that gives a computer instructions that provide the user with tools to accomplish a task,"n. 应用, 申请, 志愿书, 应用程序\n[计] 应用, 应用程序",,3,1,gk cet4 cet6 ky toefl ielts gre,608,1519,s:applications,,
apply,ә'plai,v. be pertinent or relevant or applicable\nv. ask (for something)\nv. refer (a word or name) to a person or thing\nv. apply oneself to,"vt. 涂, 应用\nvi. 申请, 适用",,4,1,gk cet4 cet6 ky toefl ielts,522,938,d:applied/3:applies/i:applying/p:applied,,
appraisal,ә'preizәl,"n. the classification of someone or something with respect to its worth\nn. a document appraising the value of something (as for insurance or taxation)\nn. an expert estimation of the quality, quantity, and other characteristics of someone or something","n. 评价, 估价\n[经] 评价, 评估",,1,,cet6 ky toefl ielts,5032,7757,s:appraisals,,
approach,ә'prәutʃ,n. ideas or actions intended to deal with a problem or situation\nn. the act of drawing spatially closer to something\nn. the event of one object coming closer to another\nn. the temporal property of becoming nearer in time,"n. 接近, 入门\nvt. 接近, 近似, 找...商量\nvi. 靠近",,4,1,gk cet4 cet6 ky toefl ielts gre,583,750,s:approaches/p:approached/i:approaching/d:approached/3:approaches,,
appropriate,ә'prәupriәt,"v. take possession of by force, as after an invasion\na. suitable for a particular person or place or condition etc","a. 适当的\n[经] 适当的, 拨出, 占用",,3,1,gk cet4 cet6 ky toefl ielts gre,883,1493,d:appropriated/3:appropriates/p:appropriated/i:appropriating,,
approve,ә'pru:v,v. give sanction to\nv. judge to be right or commendable; think well of,"vt. 赞同, 核准, 为...提供证据\nvi. 赞许",,4,1,gk cet4 cet6 ky toefl,1762,2053,d:approved/p:approved/i:approving/3:approves,,
apt,æpt,s. (usually followed by `to') naturally disposed toward\ns. at risk of or subject to experiencing something usually unpleasant\ns. mentally quick and resourceful,"a. 有...倾向的, 易于的, 恰当的, 聪明的\n[计] 自动数控语言, 自动图象传输, 自动程序控制, 自动程序设计工具",,2,,cet6 ky toefl ielts gre,7584,6999,s:apts/r:apter/t:aptest,,
arbitrary,'ɑ:bitrәri,a. based on or subject to individual discretion or preference or sometimes impulse or caprice,"a. 任意的, 武断的, 专治的, 霸道的",,1,,gk cet4 cet6 ky toefl ielts gre,5353,7545,,,
arc,ɑ:k,n. a continuous portion of a circle,"n. 弧, 弧形, 弓形, 弧光\n[化] 弧",,1,,cet6 toefl ielts,6611,5923,s:arcs/i:arcking/p:arcked/3:arcs/d:arcked,,
arena,ә'ri:nә,n. the central area of an ancient Roman amphitheater where contests and spectacles were held; especially an area that was strewn with sand\nn. a playing field where sports events take place,"n. 角斗场, 舞台, 场地\n[医] 尿沉渣, 尿沙; 脑沙",,2,,toefl ielts gre,5616,3590,s:arenas,,
argue,'ɑ:gju,v. present reasons and arguments\nv. have an argument about something\nv. give evidence of,"vi. 提出理由, 争论, 辩论\nvt. 主张, 辩论, 证明, 说服",,4,1,gk cet4 cet6 ky ielts,674,778,d:argued/p:argued/3:argues/i:arguing,,
armor,'ɑ:mә,n. protective covering made of metal and used in combat\nn. a military unit consisting of armored fighting vehicles\nn. tough more-or-less rigid protective covering of an animal or plant,"n. 盔甲, 潜水服, 装甲\nvt. 为...装甲",,,,toefl,0,5785,i:armoring/p:armored/3:armors/d:armored,,
arouse,ә'rauz,"v. call forth (emotions, feelings, and responses)\nv. to begin moving, ""As the thunder started the sleeping children began to stir""\nv. stimulate sexually","vt. 唤醒, 鼓励, 引起\nvi. 醒来",,2,,cet4 cet6 ky toefl ielts gre,4546,7151,d:aroused/p:aroused/i:arousing/3:arouses,,
arrange,ә'reindʒ,"v. put into a proper or systematic order\nv. make arrangements for\nv. adapt for performance in a different way\nv. arrange thoughts, ideas, temporal events","v. 安排, 排列, 达成协议\n[计] 重排",,4,1,gk cet4 ky toefl,1324,2216,d:arranged/i:arranging/p:arranged/3:arranges,,
arrangement,ә'reindʒmәnt,n. an orderly grouping (of things or persons) considered as a unit; the result of arranging\nn. an organized structure for arranging or classifying\nn. the act of arranging and adapting a piece of music,"n. 排列, 整齐, 安排\n[计] 排列",,3,1,gk cet4 toefl,1092,2357,s:arrangements,,
array,ә'rei,n. an orderly arrangement\nn. an impressive display\nn. especially fine or decorative clothing\nn. an arrangement of aerials spaced to give desired directional characteristics,"n. 排列, 衣服, 大批, 军队\nvt. 布署, 打扮, 排列\n[计] 数组; 阵列",,2,,cet6 ky toefl ielts gre,4766,3554,s:arrays/p:arrayed/d:arrayed/i:arraying/3:arrays,,
arrest,ә'rest,n. the state of inactivity following an interruption,"n. 逮捕, 监禁\nvt. 拘捕, 抑制, 吸引, 阻止",,4,1,gk cet4 cet6 ky toefl gre,2134,2140,d:arrested/s:arrests/i:arresting/p:arrested/3:arrests,,
arrogant,'ærәɡәnt,s. having or showing feelings of unwarranted importance out of overbearing pride,"a. 自大的, 傲慢的",,2,,cet6 ky toefl ielts gre,7752,7597,,,
artery,'ɑ:tәri,n. a blood vessel that carries blood from the heart to the body\nn. a major thoroughfare that bears important traffic,"n. 动脉, 干道, 要道\n[医] 动脉",,2,,ky toefl ielts gre,7981,5962,s:arteries,,
articulate,ɑ:'tikjulit,v. unite by forming a joint or joints\nv. express or state clearly\na. expressing yourself easily or characterized by clear expressive language,"a. 发音清晰的, 口才好的\nvt. 明白地说, 以关节连接, 使成为系统的整体",,2,,cet6 ky toefl ielts gre,6482,4865,d:articulated/i:articulating/3:articulates/p:articulated,,
artificial,.ɑ:ti'fiʃәl,a. contrived by art rather than nature\ns. artificially formal\ns. not arising from natural growth or characterized by vital processes,"a. 人造的, 假的, 非原地产的\n[医] 人工的, 人造的, 伟牟",,2,1,gk cet4 cet6 ky toefl ielts gre,3499,4003,s:artificials,,
artillery,ɑ:'tilәri,n. large but transportable armament\nn. an army unit that uses big guns,"n. 火炮, 炮兵, 炮术\n[机] 火炮, 炮兵",,2,,ielts gre,7223,6538,s:artilleries,,
ascend,ә'send,"v. travel up, ""We ascended the mountain""\nv. go back in order of genealogical succession\nv. become king or queen\nv. appear to be moving upward, as by means of tendrils","vi. 上升, 追溯, 登高\nvt. 攀登",,1,,cet6 ky toefl ielts,11375,9518,p:ascended/3:ascends/d:ascended/i:ascending,,
ascertain,.æsә'tein,v. learn or discover with certainty,"vt. 确定, 查明\n[法] 查明, 弄清, 确定",,1,,cet6 ky toefl ielts,5989,9571,d:ascertained/i:ascertaining/p:ascertained/3:ascertains,,
ascribe,ә'skraib,v attribute or credit to,"vt. 归因于, 归咎于\n[法] 归咎于",,1,,cet4 cet6 toefl ielts gre,7963,10907,d:ascribed/i:ascribing/3:ascribes/p:ascribed/s:ascribes,,
aspect,'æspekt,n. a distinct feature or element in a problem\nn. a characteristic to be considered\nn. the beginning or duration or completion or repetition of the action of a verb,"n. 外观, 方面, 面貌, 方向\n[医] 方面, 局面; 外观",,4,1,gk cet4 cet6 ky toefl gre,862,1357,s:aspects,,
aspiration,.æspә'reiʃәn,n. a will to succeed\nn. a manner of articulation involving an audible release of breath,"n. 热望, 志向, 渴望\n[医] 吸入; 吸[引], 吸引术",,,,cet6 toefl ielts gre,4763,5607,s:aspirations,,
assassination,ә.sæsi'neiʃәn,n. murder of a public figure by surprise attack,"n. 暗杀\n[法] 暗杀, 行刺",,,,ielts,7855,5434,s:assassinations,,
assault,ә'sɒ:t,n. close fighting during the culmination of a military attack\nn. a threatened or attempted physical attack by someone who appears to be able to cause bodily harm if not stopped\nn. thoroughbred that won the triple crown in 1946,"n. 攻击, 袭击\nvt. 袭击, 攻击\nvi. 发动攻击",,3,,cet6 ky toefl ielts gre,2970,2860,s:assaults/d:assaulted/i:assaulting/p:assaulted/3:assaults,,
assemble,ә'sembl,v. create by putting components or members together\nv. get people together,"vt. 集合, 收集, 装配\nvi. 集合\n[计] 汇编",,2,,cet4 cet6 ky toefl ielts gre,3928,3557,d:assembled/i:assembling/p:assembled/3:assembles,,
assert,ә'sә:t,v. state categorically\nv. insist on having one's opinions and rights recognized,"vt. 主张, 坚称, 断言\n[法] 宣称, 断言, 维护",,2,,cet6 ky toefl ielts gre,3438,3147,p:asserted/i:asserting/3:asserts/d:asserted,,
assess,ә'ses,"v. charge (a person or a property) with a payment, such as a tax or a fine\nv. estimate the value of (property) for taxation","vt. 估定, 对...征税, 评定\n[经] 估计, 估价, 确定(税款罚款等)的金额",,4,,gk cet4 cet6 ky toefl ielts gre,1488,2042,d:assessed/i:assessing/3:assesses/p:assessed,,
asset,'æset,n. a useful or valuable quality,"n. 资产, 有益的东西",,4,,cet6 ky toefl ielts gre,1498,2094,s:assets,,
assign,ә'sain,v. give out\nv. select something or someone for a specific purpose\nv. transfer one's right to\nv. decide as to where something belongs in a scheme,"vt. 分配, 指派, 赋值\n[计] 赋值",,2,,cet4 cet6 ky toefl ielts,3876,2611,d:assigned/i:assigning/3:assigns/p:assigned,,
assignment,ә'sainmәnt,n. a duty that you are assigned to perform (especially in the armed forces)\nn. the instrument by which a claim or right or interest or property is transferred from one person to another\nn. the act of distributing something to designated places or persons\nn. an undertaking that you have been assigned to do (as by an instructor),"n. 分配, 功课, 任务, 转让, 归因, 陈述\n[计] 赋值",,2,,cet4 cet6 ky toefl ielts,3817,3128,s:assignments,,
assimilate,ә'simileit,"v. become similar to one's environment\nv. make similar\nv. take (gas, light or heat) into a solution\nv. become similar in sound","vt. 使同化, 吸收, 使相拟, 把...比作\nvi. 被吸收, 被同化",,1,,cet6 ky toefl ielts gre,8860,9426,d:assimilated/i:assimilating/p:assimilated/3:assimilates,,
assistance,ә'sistәns,n the activity of contributing to the fulfillment of a need or furtherance of an effort or purpose\nn a resource,"n. 协助, 援助\n[经] 援助, 帮助",,3,1,gk ky toefl ielts,2096,2081,,,
associate,ә'sәuʃieit,"n. a person who joins with others in some activity or endeavor\nn. a person with subordinate membership in a society, institution, or commercial enterprise\nn. any event that usually accompanies or is closely connected with another\nv. make a logical or causal connection","n. 同伴, 伙伴, 关联的事物\nvt. 使联合, 使发生联系\nvi. 交往\n[计] 关联",,3,1,gk cet4 cet6 ky toefl ielts gre,1216,1354,d:associated/s:associates/i:associating/p:associated/3:associates,,
association,ә.sәuʃә'eiʃәn,n. a formal organization of people or groups of people\nn. the act of consorting with or joining with others\nn. the state of being connected together as in memory or imagination\nn. the process of bringing ideas or events together in memory or imagination,n. 协会\n[计] 关联,,4,1,gk cet4 cet6 ky toefl ielts,742,1859,s:associations,,
assume,ә'sju:m,"v. take to be the case or to be true; accept without verification or proof\nv. take on titles, offices, duties, responsibilities\nv. take on a certain form, attribute, or aspect\nv. occupy or take on","vt. 假定, 承担, 呈现\nvi. 装腔作势, 僭越",,4,1,gk cet4 cet6 ky toefl ielts gre,886,1091,d:assumed/i:assuming/p:assumed/3:assumes,,
assumption,ә'sʌmpʃәn,n. a hypothesis that is taken for granted\nn. the act of taking possession of or power over something\nn. celebration in the Roman Catholic Church of the Virgin Mary's being taken up into heaven when her earthly life ended; corresponds to the Dormition in the Eastern Orthodox Church\nn. (Christianity) the taking up of the body and soul of the Virgin Mary when her earthly life had ended,"n. 假定, 自负, 担任, 假装\n[经] 假定, 承担",,3,,gk cet4 cet6 ky toefl ielts gre,1693,2606,s:assumptions,,
assurance,ә'ʃuәrәns,n. freedom from doubt; belief in yourself and your abilities\nn. a binding commitment to do or give or refrain from something\nn. a statement intended to inspire confidence\nn. a British term for some kinds of insurance,"n. 保证, 把握, 信心, 保险\n[经] 保证, 担保, 保险",,2,,cet6 ky ielts,3133,5702,s:assurances,,
assure,ә'ʃuә,v. inform positively and with certainty and confidence\nv. assure somebody of the truth of something with the intention of giving the listener confidence,"vt. 保证, 使确信, 弄清楚, 担保\n[法] 确信, 保证, 保障",,2,1,cet4 cet6 ky toefl ielts gre,2640,2571,p:assured/d:assured/3:assures/i:assuring,,
athlete,'æθli:t,n. a person trained to compete in sports,"n. 运动员, 运动选手\n[医] 运动员",,3,,gk cet4 cet6 ky toefl ielts,6584,1600,s:athletes,,
atlas,'ætlәs,n. (Greek mythology) a Titan who was forced by Zeus to bear the sky on his shoulders\nn. a collection of maps in book form\nn. the 1st cervical vertebra\nn. a figure of a man used as a supporting column,"n. 地图集, 图表集\n[计] 自动测试和负载分析系统",,1,,ielts,12003,15805,,,
atmosphere,'ætmәsfiә,n. a particular environment or surrounding influence\nn. the mass of air surrounding the Earth\nn. the weather or climate at some place\nn. the envelope of gases surrounding any celestial body,"n. 大气, 空气, 气氛\n[医] 大气; 大气压",,3,1,gk cet4 cet6 ky toefl,1855,2217,s:atmospheres,,
attach,ә'tætʃ,v. cause to be attached\nv. be attached; be in contact with\nv. become attached,"vt. 附上, 使依附, 使附属, 使喜爱, 系, 缚\nvi. 附属, 归属, 联系在一起\n[计] 挂接服务器命令, 关联, 挂接, 附加",,3,1,gk cet4 cet6 ky toefl ielts gre,1849,2320,d:attached/i:attaching/3:attaches/p:attached,,
attack,ә'tæk,n. (military) an offensive against an enemy (using weapons)\nn. an offensive move in a sport or game\nn. the act of attacking\nn. a decisive manner of beginning a musical tone or phrase,"n. 攻击, 抨击\nvt. 攻击, 抨击, 动手干\nvi. 攻击",,5,1,gk cet4 cet6 ky ielts,913,791,s:attacks/d:attacked/p:attacked/i:attacking/3:attacks,,
attain,ә'tein,"v to gain with effort\nv reach a point in time, or a certain state or level\nv find unexpectedly\nv reach a destination, either real or abstract","vt. 达到, 获得\nvi. 达到",,1,,gk cet4 cet6 ky toefl ielts gre,5042,5323,d:attained/i:attaining/p:attained/3:attains,,
attempt,ә'tempt,n. earnest and conscientious activity intended to do or accomplish something,"n. 尝试, 企图\nvt. 尝试, 企图",,5,1,gk cet4 cet6 ky toefl ielts,740,1227,s:attempts/i:attempting/d:attempted/p:attempted/3:attempts,,
attendant,ә'tendәnt,"n. someone who waits on or tends to or attends to the needs of another\nn. a person who is present and participates in a meeting\ns. being present (at meeting or event etc.) ""attendant members of the congreation""\ns. following or accompanying as a consequence","n. 随从, 侍者, 出席者\na. 侍候的, 伴随的, 出席的, 在场的",,2,,cet6 ky toefl ielts,7630,5430,s:attendants,,
attitude,'ætitju:d,n. a complex mental state involving beliefs and feelings and values and dispositions to act in certain ways\nn. a theatrical pose created for effect\nn. position of aircraft or spacecraft relative to a frame of reference (the horizon or direction of motion),"n. 态度, 看法, 姿势\n[医] 体态, 姿势, 态度",,4,1,gk cet4 ky,920,1155,s:attitudes,,
attract,ә'trækt,v. direct toward itself or oneself by means of some psychological power or physical attributes\nv. be attractive to\nv. exert a force on (a body) causing it to approach or prevent it from moving away,"vt. 吸引, 诱惑\nvi. 有吸引力",,4,1,gk cet4 ky toefl,1477,1867,d:attracted/p:attracted/3:attracts/i:attracting,,
attractive,ә'træktiv,a. pleasing to the eye or mind especially through beauty or charm\ns. having power to arouse interest\na. having the properties of a magnet; the ability to draw or pull;,"a. 吸引人的, 有魅力的\n[法] 有吸引力的, 有迷惑力的",,3,1,gk cet4 ky toefl ielts,1781,2811,,,
attribute,ә'tribju:t,n. an abstraction belonging to or characteristic of an entity,"n. 属性, 标志, 定语\nvt. 把...归于, 认为...属于\n[计] 属性",,2,,cet4 cet6 ky toefl ielts gre,3247,3346,d:attributed/s:attributes/p:attributed/3:attributes/i:attributing,,
auction,'ɒ:kʃәn,n. a variety of bridge in which tricks made in excess of the contract are scored toward game; now generally superseded by contract bridge\nn. the public sale of something to the highest bidder\nv. sell at an auction,n. 拍卖\nvt. 拍卖,,3,,ky ielts gre,4370,4632,s:auctions/d:auctioned/p:auctioned/i:auctioning/3:auctions,,
audience,'ɒ:diәns,n. a gathering of spectators or listeners at a (usually public) performance\nn. the part of the general public interested in a source of information or entertainment,"n. 听众, 观众, 读者\n[法] 听讼, 观众, 听众",,4,1,gk cet4 cet6 ky toefl ielts gre,1463,1074,s:audiences,,
authentic,ɒ:'θentik,s. conforming to fact and therefore worthy of belief\ns. not counterfeit or copied,"a. 可靠的, 可信的, 真正的\n[法] 被认证的, 确认的, 可信的",,2,,gk cet6 ky toefl ielts gre,6476,5000,s:authentics,,
author,'ɒ:θә,v. be the author of,"n. 作家, 作家的著作, 创始人\n[法] 作者, 著作人, 本人",,4,1,gk cet4 cet6 ky ielts,1382,685,s:authors/i:authoring/p:authored/3:authors/d:authored,,
authoritative,ɒ:'θɒritәtiv,s. having authority or ascendancy or influence\ns. of recognized authority or excellence\ns. sanctioned by established authority,"a. 权威性的, 官方的, 命令式的\n[法] 官方的, 当局的, 权威的",,1,,toefl ielts,7691,9152,,,
authority,ɒ:'θɒriti,n. the power or right to give orders or make decisions\nn. (usually plural) persons who exercise (administrative) control over others\nn. an expert whose views are taken as definitive\nn. official permission or approval,"n. 权力, 当权者, 当局, 权威, 专家\n[经] 代理权, 授权, 权威",,5,1,gk cet4 cet6 ky toefl ielts,285,832,s:authorities,,
authorize,'ɒ:θәraiz,v. grant authorization or clearance for,"vt. 授权, 批准, 委托\n[经] 授权, 委任, 认可",,2,,toefl ielts,8119,4767,d:authorized/i:authorizing/p:authorized/3:authorizes,,
autonomous,ɒ:'tɒnәmәs,s. (of political bodies) not controlled by outside forces\ns. existing as an independent entity\ns. (of persons) free from external control and constraint in e.g. action and judgment,a. 自治的\n[医] 自主的,,2,,gk toefl gre,5495,7499,,,
autonomy,ɒ:'tɒnәmi,n. immunity from arbitrary exercise of authority: political independence\nn. personal independence,"n. 自治, 自治权\n[医] 自主性",,,,ky toefl ielts gre,3908,4712,s:autonomies,,
avail,ә'veil,"n. a means of serving\nv. use to one's advantage\nv. be of use to, be useful to\nv. take or use","vi. 有用, 有利\nvt. 有利于\nn. 效用, 利益",,1,,cet6 ky ielts,13705,14262,p:availed/d:availed/i:availing/3:avails,,
available,ә'veilәbl,a. obtainable or accessible and ready for use or service\ns. not busy; not otherwise committed\ns. convenient for use or disposal,"a. 可利用的, 可获得的, 有效的\n[医] 有效的, 可得的",,5,1,zk gk cet4 cet6 ky toefl ielts gre,334,622,,,
avert,ә'vә:t,v. turn away or aside,"vt. 转开, 避免, 防止",,2,,cet6 ky toefl ielts gre,7737,7555,d:averted/p:averted/i:averting/3:averts,,
aviation,.eivi'eiʃәn,n. the aggregation of a country's military aircraft\nn. the operation of aircraft to provide transportation\nn. the art of operating aircraft,"n. 航空, 航空学, 飞行术\n[法] 航空, 飞行, 飞行术",,2,,cet4 cet6 ky toefl ielts,5895,7923,,,
avoid,ә'vɒid,v. stay clear from; keep away from; keep out of the way of someone or something\nv. refrain from doing something,"vt. 避免, 防止, 撤消\n[法] 避免, 回避, 躲开",,4,1,zk gk cet4 ky toefl ielts gre,835,908,d:avoided/i:avoiding/p:avoided/3:avoids,,
award,ә'wɒ:d,"n. a grant made by a law court\nn. a tangible symbol signifying approval or distinction\nv. give, especially as an honor or reward\nv. give as judged due or on the basis of merit","n. 奖品, 裁定, 判决\nvt. 授予, 给予",,4,1,gk cet4 cet6 ky ielts,590,2573,d:awarded/s:awards/p:awarded/i:awarding/3:awards,,
aware,ә'wєә,a. (sometimes followed by `of') having or showing knowledge or understanding or realization or perception,"a. 知道的, 有觉悟的",,4,1,gk cet4 ky toefl ielts,921,1439,,,
awkward,'ɒ:kwәd,s. causing inconvenience\na. lacking grace or skill in manner or movement or performance\ns. difficult to handle or manage especially because of shape\ns. not elegant or graceful in expression,"a. 笨拙的, 棘手的",,2,1,gk cet4 cet6 ky toefl ielts gre,4097,4992,,,
axis,'æksis,n. a straight line through a body or figure that satisfies certain conditions\nn. the main stem or central part about which plant organs or plant parts such as branches are arranged\nn. in World War II the alliance of Germany and Italy in 1936 which later included Japan and other nations\nn. the 2nd cervical vertebra; serves as a pivot for turning the head,n. 轴\n[计] 坐标轴,,1,,cet4 cet6 ky toefl ielts gre,5787,5598,,,
background,'bækgraund,n. a person's social heritage: previous experience or training\nn. the part of a scene (or picture) that lies behind objects in the foreground\nn. information that is essential to understanding a situation or problem\nn. extraneous signals that can be confused with the phenomenon to be observed or measured,"n. 背景, 背景资料\n[计] 背景, 后台",,3,1,zk gk cet4 ky toefl ielts,1369,1402,s:backgrounds,,
bacteria,bæk'tiәriә,n. (microbiology) single-celled or noncellular spherical or spiral or rod-shaped organisms lacking chlorophyll that reproduce by fission; important as pathogens and for biochemical properties; taxonomy is difficult; often considered to be plants,"pl. 细菌\n[医] 细菌, [无芽胞]杆菌",,2,1,cet4 cet6 toefl ielts gre,0,3611,0:bacterium/1:s,,
ballet,'bælei,n. a theatrical representation of a story that is performed to music by trained dancers\nn. music written for a ballet,n. 芭蕾舞,,2,,gk cet6 ky toefl ielts,4421,6552,s:ballets,,
bamboo,bæm'bu:,n. the hard woody stems of bamboo plants; used in construction and crafts and fishing poles\nn. woody tropical grass having hollow woody stems; mature canes used for construction and furniture,n. 竹子\n[医] 竹类,,1,,zk gk cet6 ielts,12165,8248,s:bamboos,,
band,bænd,n. instrumentalists not including string players\nn. a stripe or stripes of contrasting color\nn. an adornment consisting of a strip of a contrasting color or material\nn. a range of frequencies between two limits,"n. 带子, 队, 乐队\nv. 联合, 结合\n[计] 频带; 波段; 区",,4,1,gk cet4 ky toefl ielts gre,1145,1277,s:bands/3:bands/d:banded/i:banding/p:banded,,
bandage,'bændidʒ,n. a piece of soft material that covers and protects an injured part of the body\nv. dress by covering or binding,n. 绷带\n[化] 帘布筒; 实心轮胎; 紧带; 绷带,,1,1,gk cet6 ky ielts gre,10433,9428,s:bandages/d:bandaged/p:bandaged/i:bandaging/3:bandages,,
bang,bæŋ,n. a sudden very loud noise\nn. a border of hair that is cut short and hangs across the forehead\nn. the swift release of a store of affective force\nv. to produce a sharp often metallic explosive or percussive sound,"n. 重击, 突然巨响, 刘海\nv. 发巨响, 重击\nadv. 砰然地, 突然巨响地, 直接地\n[计] 撞击符",,2,,gk cet4 cet6 ky toefl ielts,4572,5069,i:banging/p:banged/s:bangs/d:banged/3:bangs,,
banquet,'bæŋkwit,n. a ceremonial dinner party for many people\nn. a meal that is well prepared and greatly enjoyed,n. 宴会,,1,,cet6 ky toefl ielts gre,9592,9056,s:banquets/i:banquetting/p:banqueted/3:banquets/d:banqueted,,
barely,'bєәli,r. only a very short time before,adv. 几乎不,,3,,cet4 cet6 ky toefl ielts,3192,1973,,,
bargain,'bɑ:gin,n. an agreement between parties (usually arrived at after discussion) fixing obligations of each\nn. an advantageous purchase\nv. come to terms; arrive at an agreement,"n. 交易, 买卖协定, 特价商品\nv. 讲价, 交易",,3,1,gk cet4 cet6 ky ielts gre,4926,4962,s:bargains/i:bargaining/d:bargained/p:bargained/3:bargains,,
barren,'bærәn,n. an uninhabited wilderness that is worthless for cultivation\ns. not bearing offspring\ns. completely wanting or lacking,"a. 不育的, 贫瘠的\nn. 荒地",,1,,cet6 ky toefl ielts gre,9656,8809,s:barrens,,
barricade,.bæri'keid,n. a barrier (usually thrown up hastily) to impede the advance of an enemy\nv. render unsuitable for passage\nv. prevent access to by barricading\nv. block off with barricades,"n. 路障, 障碍\nvt. 设路障于, 阻碍",,2,,toefl ielts gre,14615,11273,s:barricades/d:barricaded/p:barricaded/i:barricading/3:barricades,,
barrier,'bæriә,n. a structure or object that impedes free movement\nn. any condition that makes it difficult to make progress or to achieve an objective\nn. anything serving to maintain separation by obstructing vision or access,"n. 障碍, 栅栏\n[化] 势垒; 阻片; 阻挡层",,3,1,gk cet4 cet6 ky toefl ielts gre,2629,2609,s:barriers,,
basis,'beisis,n. the fundamental assumptions from which something is begun or developed or calculated or explained\nn. the most important or necessary part of something,"n. 基础, 主要成分\n[化] 基底",,4,1,gk cet4 ky ielts,694,1307,,,
batch,bætʃ,n. all the loaves of bread baked at the same time\nn. (often followed by `of') a large number or amount or extent\nn. a collection of things or persons to be handled together\nv. batch together; assemble or process as a batch,"n. 一次所烘的面包, 一次所制之量, 一组, 批, 成批, 分批\nv. 成批, 分批处理\n[计] 一批",,2,,cet6 ky ielts gre,5555,6640,s:batches/i:batching/d:batched/p:batched/3:batches,,
batter,'bætә,"n. (baseball) a ballplayer who is batting\nn. a liquid or semiliquid mixture, as of flour, eggs, and milk, used in cooking",v. 连续猛打（尤其指妇女），猛击\nn. 面糊（食物），击球员，打击手,,2,,toefl ielts,8746,7225,d:battered/p:battered/i:battering/3:batters,,
beam,bi:m,"n. long thick piece of wood or metal or concrete, etc., used in construction\nn. a group of nearly parallel lines of electromagnetic radiation\nn. a column of light (as from a beacon)\nn. (nautical) breadth amidships","n. 横梁, 杆, 光线, 容光焕发\nvi. 用梁支承, 微笑, 射出光线\nvt. 照耀, 感到欣喜\n[计] 束",,2,,gk cet4 cet6 ky toefl ielts gre,3945,3741,s:beams/p:beamed/i:beaming/d:beamed/3:beams,,
beforehand,bi'fɒ:hænd,s being ahead of time or need\nr ahead of time; in anticipation,adv. 预先,,1,,cet4 cet6 ky toefl ielts,6844,10479,,,
behave,bi'heiv,v. behave in a certain manner\nv. behave well or properly,"vi. 举止端正, 行为规矩\nvt. 检点(自己的)行为, 使表现好",,3,1,gk cet4 cet6 ky toefl ielts,2463,3660,i:behaving/p:behaved/d:behaved/3:behaves,,
behavior,bi'heivjә,n. manner of acting or controlling yourself\nn. the action or reaction of something (as a machine or substance) under specified circumstances\nn. (psychology) the aggregate of the responses or reactions or movements made by an organism in any situation,"n. 行为, 举止\n[医] 行为",,,,cet4 cet6 ky toefl ielts,28403,658,s:behaviors,,
belly,'beli,n. a protruding abdomen\nn. a part that bulges deeply\nn. the hollow inside of something\nn. the underpart of the body of certain vertebrates such as snakes or fish,"n. 腹部, 食欲\nvt. 使鼓起\nvi. 鼓起, 匍匐前进",,2,,gk ky ielts,5691,3805,s:bellies/p:bellied/i:bellying/d:bellied/3:bellies,,
beneficial,.beni'fiʃәl,s. promoting or enhancing well-being,"a. 有益的, 受益的\n[经] 有使用权的, 可享利益的",,2,,gk cet4 ky toefl ielts,4578,4991,,,
benefit,'benifit,n. financial assistance in time of need\nn. something that aids or promotes well-being\nn. a performance to raise money for a charitable cause\nv. be beneficial for,n. 利益\nvt. 有益于\nvi. 受益,,4,1,gk cet4 cet6 ky toefl ielts,656,812,s:benefits/d:benefited/3:benefits/p:benefited/i:benefiting,,
betray,bi'trei,v. reveal unintentionally\nv. deliver to an enemy by treachery,"vt. 出卖, 背叛, 辜负, 暴露\n[法] 出卖, 背叛, 泄漏",,2,,gk cet4 cet6 ky toefl ielts gre,6030,4974,d:betrayed/p:betrayed/i:betraying/3:betrays,,
bewilder,bi'wildә,v. cause to be confused emotionally,"vt. 使迷惑, 使不知所措",,,,cet6 ky toefl ielts gre,34058,30215,d:bewildered/p:bewildered/3:bewilders/i:bewildering/s:bewilders,,
beyond,bi'jɒnd,r. farther along in space or time or degree\nr. on the farther side from the observer\nr. in addition,"prep. 超过, 在那一边, 迟于\nadv. 在远处\nn. 更远处",,4,1,zk gk cet4 ky,944,746,,,
bibliography,.bibli'ɒgrәfi,n. a list of writings with time and place of publication (such as the writings of a single author or the works referred to in preparing a document etc.),n. 参考书目\n[计] 书目; 文献目录,,1,,ky ielts gre,9291,14033,s:bibliographies,,
biography,bai'ɒgrәfi,n. an account of the series of events making up a person's life,n. 传记,,2,,gk ky toefl ielts,5647,4875,s:biographies,,
bizarre,bi'zɑ:,s. conspicuously or grossly unconventional or unusual,a. 奇异的,,2,,cet6 ky toefl ielts gre,5305,4957,,,
blank,blæŋk,n. a piece of material ready to be made into something\nn. a cartridge containing an explosive charge but no bullet\nv. keep the opposing (baseball) team from winning\ns. (of a surface) not written or printed on,"n. 空格, 空白\na. 空白的, 空虚的, 完全的, 无色的\nvi. 消失, 成为空白\nvt. 使无效, 取消, 封锁\n[计] 空白",,2,1,gk cet4 ky ielts,4310,4578,s:blanks/p:blanked/d:blanked/i:blanking/r:blanker/3:blanks,,
blaze,bleiz,n. a strong flame that burns brightly\nn. a light-colored marking\nv. shine brightly and intensively\nv. burn brightly and intensely,"n. 火焰, 烈火, 光辉\nvi. 燃烧, 发光\nvt. 使燃烧, 宣布, 在树皮上刻痕",,2,,cet4 cet6 ky toefl ielts,7128,8056,i:blazing/p:blazed/s:blazes/d:blazed/3:blazes,,
bleed,bli:d,v. draw blood\nv. get or extort (money or other possessions) from someone\nv. drain of liquid or steam,"vi. 流血, 悲痛, 渗出\nvt. 使出血, 榨取",,2,,gk cet4 cet6 ky toefl ielts,6460,5218,i:bleeding/3:bleeds/d:bled/p:bled,,
blink,bliŋk,n. a reflex that closes and opens the eyes rapidly\nv. briefly shut the eyes,"vi. 眨眼, 闪亮\nvt. 眨眼, 使闪亮\nn. 眨眼, 瞬间, 闪光, 闪烁\n[计] 闪烁",,2,,cet6 toefl ielts,6283,4607,p:blinked/i:blinking/3:blinks/s:blinks/d:blinked,,
blossom,'blɒsәm,v. develop or come to a promising stage,"n. 花, 花开的状态, 兴旺期\nvi. 开花, 兴旺, 发展",,2,,cet4 cet6 ky toefl ielts gre,10180,6437,s:blossoms/p:blossomed/d:blossomed/3:blossoms/i:blossoming,,
blunder,'blʌndә,n. an embarrassing mistake,"n. 大错, 大失策\nvi. 失策, 跌跌撞撞地走, 犯错\nvt. 做错",,1,,cet6 ky toefl ielts gre,12081,13190,s:blunders/i:blundering/p:blundered/d:blundered/3:blunders,,
blunt,blʌnt,v. make less intense\nv. make less sharp\ns. having a broad or rounded end\ns. used of a knife or other blade; not sharp,"a. 钝的, 坦率的, 麻痹的",,2,,cet6 ky toefl ielts gre,8413,7053,r:blunter/d:blunted/3:blunts/i:blunting/p:blunted/t:bluntest,,
blur,blә:,n. a hazy or indistinct representation\nv. to make less distinct or clear\nv. make dim or indistinct\nv. become vague or indistinct,"vt. 使模糊, 弄脏\nvi. 弄脏, 模糊",,2,,cet6 ky ielts gre,7648,6364,d:blurred/p:blurred/i:blurring/3:blurs/s:blurs,,
blush,blʌʃ,"n. sudden reddening of the face (as from embarrassment or guilt or shame or modesty)\nv. turn red, as if in embarrassment or shame\nv. become rosy or reddish","vi. 脸红, 羞愧\nvt. 弄成红色\nn. 脸红",,1,,cet6 ky toefl ielts gre,8221,9003,p:blushed/i:blushing/s:blushes/d:blushed/3:blushes,,
bonus,'bәunәs,n. anything that tends to arouse\nn. an additional payment (or other remuneration) to employees as a means of increasing output,"n. 奖金, 红利\n[经] 奖金, 红利, 额外补贴",,2,,gk cet6 ky toefl ielts,3780,4172,s:bonuses,,
booklet,'buklit,n. a small book usually having a paper cover,n. 小册子,,2,,ielts,5157,10619,s:booklets,,
boom,bu:m,n. a deep prolonged loud noise\nn. a state of economic prosperity\nn. a sudden happening that brings good fortune (as a sudden opportunity to make money)\nn. a pole carrying an overhead microphone projected over a film or tv set,"n. 繁荣, 隆隆声\nvi. 急速发展, 发隆隆声\nvt. 使兴旺, 发隆隆声",,3,,gk ky toefl ielts gre,3920,3171,p:boomed/s:booms/i:booming/d:boomed/3:booms,,
booth,bu:θ,n. a table (in a restaurant or bar) surrounded by two high-backed benches\nn. small area set off by walls for special use\nn. United States actor and assassin of President Lincoln (1838-1865)\nn. a small shop at a fair; for selling goods or entertainment,"n. 亭, 摊棚\n[经] 货摊, 电话间",,1,,gk cet4 cet6 ky ielts,9834,4300,s:booths,,
border,'bɒ:dә,n. a strip forming the outer edge of something\nv. provide with a border or edge\nv. lie adjacent to another or share a boundary,"n. 边缘, 边境, 边界, 花坛\nvt. 在...上镶边, 接近\nvi. 接界, 近似\n[计] 边框",,4,1,gk cet4 ky toefl ielts,1789,1344,s:borders/i:bordering/d:bordered/p:bordered/3:borders,,
boring,'bɒ:riŋ,n. the act of drilling a hole in the earth in the hope of producing petroleum\ns. so lacking in interest as to cause mental weariness,"a. 烦人的, 无聊的, 无趣的\n[机] 成孔期, 搪孔",,2,1,zk gk toefl gre,4124,4915,i:boring/0:boring/1:i/s:borings,,
bounce,bauns,n. the quality of a substance that is able to rebound\nn. rebounding from an impact (or series of impacts)\nv. spring back; spring away from an impact\nv. hit something so that it bounces,"n. 跳, 跳跃, 弹力, 撞击\nvi. 反跳, 弹跳\nvt. 使跳回, 撞击\n[计] 打回",,2,,gk cet4 cet6 ky toefl ielts,4778,3792,p:bounced/i:bouncing/d:bounced/3:bounces/s:bounces,,
bound,baund,"v. form the boundary of; be contiguous to\na. confined by bonds\na. held with another element, substance or material in chemical or physical union\na. secured with a cover or binding; often used as a combining form","n. 跃, 回跳, 范围, 边界\na. 受约束的, 装有封面的, 有义务的, 关联的, 被束缚的, 准备去...的, 便秘的\nvi. 跳跃, 弹起\nvt. 使跳, 限制, 形成...的疆界\nbind过去式和过去分词\n[计] 装订的",,3,1,gk cet4 cet6 ky toefl ielts,3174,8004,0:bind/1:dp/s:bounds/d:bounded/i:bounding/p:bound/3:bounds,,
bowel,'bauәl,n the part of the alimentary canal between the stomach and the anus,"n. 肠, 内脏, 内部\nvt. 挖...的内脏",,2,,ky ielts,4431,9380,s:bowels,,
boycott,'bɒikɒt,n. a group's refusal to have commercial dealings with some organization in protest against its policies\nv. refuse to sponsor; refuse to do business with,n. 联合抵制\nvt. 联合抵制,,2,,gk cet6 ky toefl ielts gre,9191,8514,d:boycotted/p:boycotted/i:boycotting/s:boycotts/3:boycotts,,
brace,breis,n. a support that steadies or strengthens something else\nn. either of two punctuation marks ({ or }) used to enclose textual material\nn. a rope on a square-rigged ship that is used to swing a yard about and secure it\nn. elastic straps that hold trousers up (usually used in the plural),"n. 支柱, 曲柄, 支撑, 一对\nvt. 紧缚, 支撑, 激励\nvi. 打起精神\n[计] 花括号",,2,,cet6 ky toefl ielts gre,8937,6591,s:braces/p:braced/i:bracing/d:braced/3:braces,,
bracket,'brækit,n. a category falling within certain defined limits\nn. either of two punctuation marks (`<' or `>') used in computer programming and sometimes used to enclose textual material\nn. either of two punctuation marks ([ or ]) used to enclose textual material\nn. a support projecting from a wall (as to hold a shelf),"n. 支架, 括弧, 托架\nvt. 装托架, 括入括弧\n[计] 方括号; 括号",,1,,ky ielts gre,5578,7618,s:brackets/d:bracketed/p:bracketed/3:brackets/i:bracketing,,
brand,brænd,"n. a recognizable kind\nn. identification mark on skin, made by burning\nn. a piece of wood that has been burned or is burning\nv. burn with a branding iron to indicate ownership; of animals","n. 商标, 牌子, 烙印\nvt. 打烙印于",,3,1,gk cet4 cet6 ky ielts gre,3387,2570,s:brands/d:branded/i:branding/p:branded/3:brands,,
breach,bri:tʃ,n. a failure to perform some promised act or obligation\nn. an opening (especially a gap in a dike or fortification),"n. 裂口, 违背, 破坏, 违反, 突破, 破裂\nvt. 攻破, 突破\nvi. 跳出水面",,2,,ky toefl ielts gre,2451,7862,s:breaches/d:breached/i:breaching/p:breached/3:breaches,,
breakdown,'breikdaun,n. a mental or physical breakdown\nn. a cessation of normal operation\nn. an analysis into mutually exclusive categories,"n. 崩溃, 故障\n[化] 事故; 击穿",,,,cet6 ky toefl ielts,4096,5147,s:breakdowns,,
breakthrough,'breikθru:,n. making an important discovery\nn. a penetration of a barrier such as an enemy's defense,"n. 突破\n[经] 突破, 新发现, 新进展",,,,gk ielts,6455,5308,s:breakthroughs,,
breed,bri:d,"n. a special variety of domesticated animals within a species\nn. a special type\nv. copulate with a female, used especially of horses\nv. cause to procreate (animals)","n. 种类, 品种\nv. 养育, 引起, 饲养, 繁殖",,3,1,cet4 cet6 ky toefl ielts gre,3721,5698,s:breeds/d:bred/p:bred/i:breeding/3:breeds,,
brew,bru:,n. drink made by steeping and boiling and fermenting rather than distilling\nv. prepare by brewing\nv. sit or let sit in boiling water so as to extract the flavor,"n. 酿造酒, 酝酿\nv. 酿造, 酝酿",,2,,toefl ielts,9680,10422,d:brewed/i:brewing/s:brews/3:brews/p:brewed,,
bribe,braib,n. payment made to a person in a position of trust to corrupt his judgment\nv. make illegal payments to in exchange for favors or influence,"n. 贿赂\nvt. 贿赂, 收买\nvi. 行贿",,2,,cet6 ky ielts gre,11092,10665,s:bribes/d:bribed/p:bribed/i:bribing/3:bribes,,
brief,bri:f,n. a document stating the facts and points of law of a client's case\nn. a condensed written summary or abstract\nv. give essential information to someone\ns. of short duration or distance,"n. 摘要, 简报\na. 简短的, 短暂的\nvt. 对...作简报, 摘要, 节录",,4,1,gk cet4 ky toefl,1863,2146,d:briefed/s:briefs/i:briefing/t:briefest/r:briefer/p:briefed/3:briefs,,
brilliant,'briljәnt,s. of surpassing excellence\ns. characterized by grandeur\ns. full of light; shining intensely,"a. 光辉的, 灿烂的, 有才气的\n[机] 亮的",,3,1,gk cet4 ky ielts,2429,3159,s:brilliants,,
brink,briŋk,n. a region marking a boundary\nn. the edge of a steep place,"n. 边缘, 陡岸",,2,,toefl ielts gre,9615,7663,s:brinks,,
brisk,brisk,v. become brisk\ns. very active,"a. 强烈的, 寒冷而干燥的, 活泼的\nvt. 使活泼\nvi. 活跃起来",,2,,cet4 cet6 ky toefl ielts gre,8623,9149,r:brisker/i:brisking/t:briskest,,
bronze,brɒnz,n. an alloy of copper and tin and sometimes other elements; also any copper-base alloy containing other elements in place of tin\nn. a sculpture made of bronze\nv. give the color and appearance of bronze to something\ns. of the color of bronze,"n. 青铜, 铜像\na. 青铜色的",,2,,cet4 cet6 ky toefl ielts,4024,4926,s:bronzes/i:bronzing/p:bronzed/3:bronzes/d:bronzed,,
brood,bru:d,"n. the young of an animal cared for at one time\nv. think moodily or anxiously about something\nv. hang over, as of something threatening, dark, or menacing\nv. sit on (eggs)","n. 一窝, 一伙\nvt. 孵, 沉思",,1,,cet4 cet6 ielts gre,15462,14517,p:brooded/s:broods/i:brooding/3:broods/d:brooded,,
bruise,bru:z,n. an injury that doesn't break the skin but results in some discoloration\nv. injure the underlying soft tissue or bone of\nv. break up into small pieces for food preparation\nv. damage (plant tissue) by abrasion or pressure,"n. 青肿, 挫伤, 擦伤\nvi. 受伤, 擦伤\nvt. 使受伤, 研碎",,2,,cet4 cet6 ky toefl ielts gre,8010,7621,s:bruises/d:bruised/i:bruising/p:bruised/3:bruises,,
brutal,'bru:tәl,s. harsh\ns. disagreeably direct and precise,"a. 残忍的, 野蛮的, 不讲理的",,2,,cet6 ky toefl ielts gre,6402,4697,s:brutals,,
buck,bʌk,n. United States author whose novels drew on her experiences as a missionary in China (1892-1973)\nn. mature male of various mammals (especially deer or antelope)\nv. to strive with determination\nv. resist,"n. 元, 雄鹿, 纨绔子弟, 鞍马, 培克(赌博时的庄家标志), 碱水, 自夸, 谈话\nvi. 马背突然拱起, 反对, 吹牛, 闲聊\nvt. 马背突然拱起将骑手摔下, 反对, 用碱水洗\na. 雄的",,2,,ielts gre,7627,2493,s:bucks/i:bucking/p:bucked/d:bucked/3:bucks,,
bud,bʌd,n. a partially opened flower\nn. a swelling on a plant stem consisting of overlapping immature leaves or petals\nv. develop buds\nv. start to grow or develop,"n. 芽, 花蕾\nvi. 发芽, 萌芽\nvt. 使发芽",,2,,cet4 cet6 ky toefl ielts gre,6466,6961,s:buds/i:budding/d:budded/p:budded/3:buds,,
budget,'bʌdʒit,n. a sum of money allocated for a particular purpose\nn. a summary of intended expenditures along with proposals for how to meet them\nv. make a budget,"n. 预算\nvi. 编预算\nvt. 编入预算, 安排\na. 廉价的",,4,1,gk cet4 cet6 ky toefl ielts gre,1062,1054,s:budgets/d:budgeted/p:budgeted/i:budgeting/3:budgets,,
bug,bʌg,"n. general term for any insect or similar creeping or crawling invertebrate\nn. a fault or defect in a computer program, system, or machine\nn. a small hidden microphone; for listening secretly","n. 错误, 虫, 病菌, 缺陷, 窃听器, 癖好, 防盗报警器, 双座小汽车, 要人\nvt. 装防盗报警器, 装窃听器, 激怒\nvi. 捉虫, 暴突\n[计] 缺点, 错误",,2,,cet6 ky ielts,7685,4159,s:bugs/d:bugged/i:bugging/3:bugs/p:bugged,,
bulk,bʌlk,n. the property of something that is great in magnitude\nn. the property possessed by a large mass\nv. stick out or up,"n. 大小, 体积, 大块, 大多数\nvt. 显得大, 显得重要",,2,,cet4 cet6 ky toefl ielts gre,3369,4660,p:bulked/i:bulking/s:bulks/3:bulks/d:bulked,,
bull,bul,n. uncastrated adult male of domestic cattle\nn. a large and strong and heavyset man\nn. a serious and ludicrous blunder\nn. uncomplimentary terms for a policeman,"n. 公牛\n[法] 买方, 买空者",,2,,cet4 cet6 ky ielts,5006,4207,s:bulls/i:bulling/p:bulled/3:bulls/d:bulled,,
bulletin,'bulitin,n. a brief report (especially an official statement issued for immediate publication or broadcast)\nv. make public by bulletin,"n. 公告, 布告, 公报\n[电] 电子布告栏",,2,,cet6 ky ielts,5751,6424,s:bulletins/i:bulletining/p:bulletined/3:bulletins/d:bulletined,,
bully,'buli,n. a cruel and brutal fellow\nn. a hired thug,"n. 欺凌弱小者, 土霸\nvt. 威胁, 恐吓, 欺负\nvi. 欺负\na. 特好的, 第一流的\nadv. 十分",,2,,ky toefl ielts gre,8526,7398,d:bullied/s:bullies/i:bullying/p:bullied/3:bullies,,
bump,bʌmp,n. a lump on the body caused by a blow\nv. knock against with force or violence\nv. dance erotically or dance with the pelvis thrust forward,"n. 撞击, 肿块\nvt. 碰撞\nvi. 撞, 颠簸而行",,2,,cet6 ky toefl ielts gre,6508,5504,i:bumping/p:bumped/s:bumps/d:bumped/3:bumps,,
burden,'bә:dn,n. an onerous or difficult concern\nn. the central idea that is expanded in a document or discourse\nv. weight down with a load,"n. 负担, 重载, 担子, 责任\nvt. 装货于, 烦扰, 使负担",,3,,gk cet4 cet6 ky toefl,2696,2665,s:burdens/d:burdened/i:burdening/p:burdened/3:burdens,,
bureaucracy,bjuә'rɒkrәsi,n. nonelective government officials\nn. a government that is administered primarily by bureaus that are staffed with nonelective officials\nn. any organization in which action is obstructed by insistence on unnecessary procedures and red tape,"n. 官僚, 官吏\n[法] 官僚主义, 官僚政治, 官僚机构",,2,,cet6 ky ielts gre,4420,4976,s:bureaucracies,,
burial,'beriәl,n. the ritual placing of a corpse in a grave,"n. 埋葬, 葬礼\n[法] 埋葬, 葬礼",,1,,gk cet6 toefl ielts gre,5406,6234,s:burials,,
bust,bʌst,n. a sculpture of the head and shoulders of a person\nn. an occasion for excessive eating or drinking,"n. 半身像, 胸部, 失败, 殴打\nvt. 使爆裂, 使破产\nvi. 爆裂, 破产\n[计] 操作错",,2,,toefl ielts gre,9832,6688,s:busts/i:busting/d:busted/0:bust/1:dp/p:busted/3:busts/r:buster,,
buzz,bʌz,n. sound of rapid vibration\nn. a confusion of activity and gossip\nv. make a buzzing sound\nv. fly low,"n. 嗡嗡声, 流言\nvi. 发出嗡嗡声, 说闲话\nvt. 使嗡嗡叫, 散布",,2,,cet6 toefl ielts,8051,8191,3:buzzes/s:buzzes/i:buzzing/p:buzzed/d:buzzed,,
bypass,'baipɑ:s,n. a surgically created shunt (usually around a damaged part)\nv. avoid something unpleasant or laborious,"n. 旁路\nvt. 省略, 绕过, 忽视, 回避",,2,,cet6 ky ielts,8253,7601,i:bypassing/d:bypassed/s:bypasses/p:bypassed/3:bypasses,,
cabin,'kæbin,"n. small room on a ship or boat where people sleep\nn. a small house built of wood; usually in a wooded area\nn. the enclosed compartment of an aircraft or spacecraft where passengers are carried\nv. confine to a small space, such as a cabin","n. 小屋, 客舱\nvt. 关在小屋",,2,,cet4 cet6 ky toefl ielts,4831,3152,s:cabins/i:cabining/p:cabined/3:cabins/d:cabined,,
cabinet,'kæbinit,"n. a piece of furniture resembling a cupboard with doors and shelves and drawers; for storage or display\nn. persons appointed by a head of state to head executive departments of government and act as official advisers\nn. a storage compartment for clothes and valuables; usually it has a lock\nn. housing for electronic instruments, as radio or television","n. 橱柜, 内阁\na. 内阁的, 细木工做的\n[计] 机柜",,4,1,cet4 cet6 ky toefl ielts gre,1378,2693,s:cabinets,,
cable,'keibl,n. a telegram sent abroad\nn. a conductor for transmitting electrical or optical signals or electric power\nn. a very strong thick rope made of twisted hemp or steel wire\nn. a nautical unit of depth,"n. 电缆, 海底电报, 缆, 索\nvi. 打海底电报\nvt. 发海底电报, 缚住\n[计] 电缆",,3,1,cet4 cet6 ky toefl ielts,3033,2003,s:cables/p:cabled/d:cabled/i:cabling/3:cables,,
cafeteria,.kæfi'tiәriә,n. a restaurant where you serve yourself and pay a cashier,n. 自助餐厅\n[经] 自助餐厅,,1,,gk cet4 cet6 ky ielts,19059,7076,s:cafeterias,,
calcium,'kælsiәm,n. a white metallic element that burns with a brilliant light; the fifth most abundant element in the earth's crust; an important component of most plants and animals,n. 钙\n[化] 钙Ca,,2,,ky toefl ielts gre,4908,5615,,,
calorie,'kælәri,n. a unit of heat equal to the amount of heat required to raise the temperature of one kilogram of water by one degree at one atmosphere pressure; used by nutritionists to characterize the energy-producing potential in food\nn. unit of heat defined as the quantity of heat required to raise the temperature of 1 gram of water by 1 degree centigrade at atmospheric pressure,n. 卡路里（热量单位）,,2,,ky toefl ielts gre,13241,0,,,
cancel,'kænsәl,v. postpone indefinitely or annul something that was scheduled\nv. make up for\nv. declare null and void; make ineffective\nv. make invalid for use,"n. 取消, 撤消, 盖销(邮票)\nvt. 取消, 删去, 抵销, 盖销\nvi. 相互抵销\n[计] 作废",,3,1,zk gk cet4 cet6 ky toefl ielts,3183,3915,d:cancelled/p:cancelled/i:cancelling/3:cancels,,
cancer,'kænsә,n. any malignant growth or tumor caused by abnormal and uncontrolled cell division; it may spread to other parts of the body through the lymphatic system or the blood stream\nn. (astrology) a person who is born while the sun is in Cancer\nn. a small zodiacal constellation in the northern hemisphere; between Leo and Gemini\nn. the fourth sign of the zodiac; the sun is in this sign from about June 21 to July 22,"n. 癌, 恶性肿瘤\n[医] 癌",,4,1,zk cet4 cet6 ky,1943,1029,s:cancers,,
candidate,'kændideit,n. someone who is considered for something (for an office or prize or honor etc.),"n. 候选人, 投考者\n[法] 候选, 候补者",,4,1,gk cet4 cet6 ky toefl ielts gre,1227,957,s:candidates,,
cane,kein,"n. a stick that people can lean on to help them walk\nn. a strong slender often flexible stem as of bamboos, reeds, rattans, or sugar cane\nn. a stiff switch used to hit students as punishment\nv. beat with a cane","n. 手杖, 细长的茎, 藤条\nvt. 以杖击, 以藤编制",,2,,cet6 ielts gre,7719,5299,s:canes/d:caned/p:caned/i:caning/3:canes,,
cannon,'kænәn,n. a large artillery gun that is usually on wheels\nn. heavy gun fired from a tank\nn. (Middle Ages) a cylindrical piece of armor plate to protect the arm\nn. heavy automatic gun fired from an airplane,"n. 大炮, 加农炮\nv. 炮轰",,2,,cet4 cet6 ky ielts,7136,8430,s:cannons/p:cannoned/i:cannoning/d:cannoned/3:cannons,,
canon,'kænәn,n. a rule or especially body of rules or principles generally established as valid and fundamental in a field or art or philosophy\nn. a priest who is a member of a cathedral chapter\nn. a contrapuntal piece of music in which a melody in one part is imitated exactly in other parts\nn. a complete list of saints that have been recognized by the Roman Catholic Church,"n. 教会法规, 圣典, 准则, 标准, 教士\n[医] 规范, [加农]炮",,1,,gre,8063,8526,s:canons,,
canvas,'kænvәs,"n. a heavy, closely woven fabric (used for clothing or chairs or sails or tents)\nn. an oil painting on canvas fabric\nn. the setting for a narrative or fictional or dramatic account\nn. the mat that forms the floor of the ring in which boxers or professional wrestlers compete","n. 帆布, 画布, 油画\n[化] 帆布",,2,,cet4 cet6 ky toefl ielts gre,4541,3732,s:canvases/i:canvassing/d:canvassed/p:canvassed/3:canvases,,
capable,'keipәbl,a. (usually followed by `of') having capacity or ability\ns. possibly accepting or permitting\na. (followed by `of') having the temperament or inclination for,"a. 有能力的, 能的, 能干的",,3,1,cet4 cet6 ky toefl,1848,2392,,,
capacity,kә'pæsiti,n. capability to perform or produce\nn. the amount that can be contained\nn. the maximum production possible\nn. a specified function,"n. 容量, 能力, 才能, 资格\n[计] 容量",,3,1,cet4 cet6 ky toefl ielts,1507,1777,s:capacities,,
cape,keip,n. a strip of land projecting into a body of water\nn. a sleeveless garment like a cloak but shorter,"n. 岬, 海角, 披肩, 斗蓬",,2,,cet6 ky ielts gre,6613,8474,s:capes/i:caping,,
capsule,'kæpsju:l,n. a small container\nn. a pill in the form of a small rounded gelatinous container with medicine inside\nn. a dry dehiscent seed vessel or the spore-containing structure of e.g. mosses\nn. a structure that encloses a body part,"n. 胶囊, 蒴果, 瓶帽, 航天舱\n[化] 胶囊剂",,1,,gk cet6 ky ielts gre,10031,7480,s:capsules/i:capsuling/p:capsuled/3:capsules/d:capsuled,,
caption,'kæpʃәn,"n. taking exception; especially a quibble based on a captious argument\nn. brief description accompanying an illustration\nv. provide with a caption, as of a photograph or a drawing","n. 说明, 字幕, 标题\nvt. 加上标题, 加上说明\n[计] 标题",,4,,gk ielts gre,10185,9117,s:captions/d:captioned/p:captioned/i:captioning/3:captions,,
captive,'kæptiv,n. an animal that is confined\nn. a person held in the grip of a strong emotion or passion\ns. being in captivity\ns. giving or marked by complete attention to,"n. 俘虏, 迷恋者\na. 被俘的, 被迷住的",,2,,cet4 cet6 ky ielts,11324,9226,s:captives,,
cardinal,'kɑ:dinәl,n. (Roman Catholic Church) one of a group of more than 100 prominent bishops in the Sacred College who advise the Pope and elect new Popes\nn. a variable color averaging a vivid red\nn. crested thick-billed North American finch having bright red plumage in the male\ns. serving as an essential component,"n. 红衣主教, 鲜红色\na. 主要的, 深红色的",,2,,ky toefl ielts gre,7343,15572,s:cardinals,,
carve,kɑ:v,v. form by carving\nv. engrave or cut by chipping away at a surface\nv. cut to pieces,"v. 雕刻, 切开",,2,,gk cet4 cet6 ky toefl ielts gre,4931,3803,d:carved/p:carved/i:carving/3:carves,,
cast,kɑ:st. kæst,n. the actors in a play\nn. the distinctive form in which a thing is made\nn. bandage consisting of a firm covering (often made of plaster of Paris) that immobilizes broken bones while they heal\nn. object formed by a mold,"n. 演员阵容, 投掷, 铸件, 预测, 特性\nvt. 投, 掷, 抛, 脱落, 铸, 使弯曲, 计算\nvi. 投, 计算, 浇铸成型",,4,1,gk cet4 cet6 ky toefl ielts gre,2328,2035,d:cast/0:cast/1:dp/i:casting/p:cast/3:casts/s:casts,,
casual,'kæʒjuәl,s. marked by blithe unconcern\ns. without or seeming to be without plan or method; offhand\ns. appropriate for ordinary or routine occasions\ns. occurring or appearing or singled out by chance,"a. 偶然的, 不经意的, 便装的\nn. 临时工, 待命士兵",,2,,gk cet4 cet6 ky toefl ielts gre,3781,3955,s:casuals,,
casualty,'kæʒjuәlti,n. someone injured or killed or captured or missing in a military engagement\nn. someone injured or killed in an accident\nn. a decrease of military personnel or equipment,"n. 意外事故, 伤亡, 受害者\n[化] 事故",,3,,cet6 ky toefl ielts gre,3944,4230,s:casualties,,
catastrophe,kә'tæstrәfi,n. a state of extreme (usually irremediable) ruin and misfortune\nn. a sudden violent change in the earth's surface,"n. 大灾难, 大祸\n[化] 突变",,2,,gk cet6 ky toefl ielts gre,8422,6648,s:catastrophes,,
cater,'keitә,v. supply food ready to eat; for parties and banquets,"v. 提供饮食及服务, 投合, 迎合",,2,,gk cet6 ky toefl ielts gre,3809,6945,i:catering/d:catered/3:caters/p:catered,,
cathedral,kә'θi:drәl,n. any large and important church\nn. the principal Christian church building of a bishop's diocese\na. relating to or containing or issuing from a bishop's office or throne,n. 大教堂,,2,,gk cet4 cet6 ky toefl ielts gre,2894,7382,s:cathedrals,,
catholic,'kæθәlik,n. a member of a Catholic church\na. of or relating to or supporting Catholicism\ns. free from provincial prejudices or attachments,"n. 天主教徒\na. 天主教的, 普遍的, 广泛的, 宽宏大量的",,3,,gk cet6 ky toefl ielts gre,2595,1757,s:catholics,,
caution,'kɒ:ʃәn,n. the trait of being cautious; being attentive to possible danger\nn. a warning against certain acts\nn. judiciousness in avoiding harm or danger\nv. warn strongly; put on guard,"n. 小心, 慎重, 警示\nvt. 警告\n[计] 警告",,2,,gk cet6 ky toefl ielts,4721,5286,d:cautioned/p:cautioned/s:cautions/3:cautions/i:cautioning,,
cautious,'kɒ:ʃәs,"a. showing careful forethought; never making swift decisions""\ns. avoiding excess","a. 谨慎的, 小心的",,3,,gk cet4 cet6 ky toefl ielts,5239,5231,,,
cavity,'kæviti,n. space that is surrounded by something\nn. soft decayed area in a tooth; progressive decay can lead to the death of a tooth\nn. (anatomy) a natural hollow or sinus within the body,"n. 洞, 空穴, 腔\n[化] 空穴",,1,,cet6 toefl ielts gre,8851,7556,s:cavities,,
cellar,'selә,n. storage space where wines are stored,"n. 地窖, 地下室, 藏酒",,1,,gk cet4 cet6 ky toefl ielts gre,6029,7671,s:cellars,,
cemetery,'semitәri,n. a tract of land used for burials,"n. 墓地, 公墓\n[法] 公墓, 墓地",,2,,ky ielts gre,5666,4589,s:cemeteries,,
census,'sensәs,n. a periodic count of the population\nv. conduct a census,n. 户口普查\nvt. 实施统计调查,,2,,ky toefl ielts gre,5187,6047,s:censuses,,
ceramic,si'ræmik,n. an artifact made of hard brittle material produced from nonmetallic minerals by firing at high temperatures\na. of or relating to or made from a ceramic,a. 陶瓷的\nn. 陶瓷制品,,2,,cet6 ielts gre,10129,7807,s:ceramics,,
cereal,'siәriәl,n. grass whose starchy grains are used as food: wheat; rice; rye; oats; maize; buckwheat; millet\nn. a breakfast food prepared from grain\na. made of grain or relating to grain or the plants that produce it,"n. 谷类食品, 谷类植物\na. 谷类的",,2,,cet6 ky ielts gre,6012,6122,s:cereals,,
certainty,'sә:tәnti,n. the state of being certain\nn. something that is certain,"n. 确定, 确实的事情\n[法] 确定, 肯定, 必然的事",,2,,cet4 cet6 ky ielts gre,4284,5560,s:certainties,,
certify,'sә:tifai,v. guarantee payment on; of checks\nv. guarantee as meeting a certain standard\nv. declare legally insane,"v. 证明, 保证",,1,,ky ielts,12018,7042,d:certified/i:certifying/3:certifies/p:certified,,
challenge,'tʃælindʒ,n. a demanding or stimulating situation\nn. a call to engage in a contest or fight\nn. questioning a statement and demanding an explanation\nn. a formal objection to the selection of a particular person as a juror,"n. 挑战, 盘问\nvt. 向...挑战, 要求, 怀疑\nvi. 挑战, 对(证据等)表示异议",,4,1,gk cet4 cet6 ky toefl ielts,1506,984,s:challenges/d:challenged/p:challenged/i:challenging/3:challenges,,
champagne,ʃæm'pein,n. a white sparkling wine either produced in Champagne or resembling that produced there\nn. a region of northeastern France,"n. 香槟酒, 香槟酒色\n[化] 香槟酒",,2,,ky ielts,3557,5400,s:champagnes,,
champion,'tʃæmpiәn,n. someone who has won first place in a competition\nn. someone who fights for a cause\nv. protect or fight for as a champion\ns. holding first place in a contest,"n. 冠军, 拥护者, 战士\nvt. 保卫, 拥护\na. 优胜的",,4,,gk cet4 cet6 ky toefl ielts gre,1938,2758,s:champions/d:championed/i:championing/p:championed/3:champions,,
chant,tʃænt. tʃɑ:nt,n. a repetitive song in which as many syllables as necessary are assigned to a single tone\nv. recite with musical intonation; recite as a chant or a psalm,"n. 圣歌, 赞美诗\nv. 吟唱, 诵扬",,2,,zk gk ielts gre,8567,6880,i:chanting/p:chanted/s:chants/d:chanted/3:chants,,
chapel,'tʃæpәl,n. a place of worship that has its own altar,"n. 小教堂, 礼拜式",,2,,toefl ielts gre,3240,7252,s:chapels,,
character,'kærәktә,n. the inherent complex of attributes that determines a persons moral and ethical actions and reactions\nn. an actor's portrayal of someone in a play\nn. a person of a specified kind (usually with many eccentricities)\nn. good repute,"n. 个性, 字符, 人物, 性质, 品格, 资格\n[计] 字符",,4,1,gk cet4 cet6 ky toefl,805,786,s:characters/i:charactering/p:charactered/3:characters/d:charactered,,
characteristic,.kærәktә'ristik,n. a distinguishing quality\nn. the integer part (positive or negative) of the representation of a logarithm; in the expression log 643 = 2.808 the characteristic is 2\nn. any measurable property of a device measured under closely specified conditions\na. typical or distinctive,"n. 特性, 特征, 特色\na. 特性的, 特有的, 有特色的\n[计] 阶; 指数",,3,1,gk cet4 cet6 ky toefl ielts gre,1811,2032,s:characteristics,,
characterize,'kærәktәraiz,v. be characteristic of,"vt. 描绘...的特性, 刻划...的性格",,2,,cet4 cet6 ky toefl ielts gre,4894,2859,d:characterized/p:characterized/3:characterizes/i:characterizing,,
charge,tʃɑ:dʒ,n. an impetuous rush toward someone or something\nn. (criminal law) a pleading describing some wrong or offense\nn. the price charged for some article or service\nn. the quantity of unbalanced electricity in a body (either positive or negative) and construed as an excess or deficiency of electrons,"n. 指控, 费用, 冲锋, 电荷, 炸药, 主管, 被托管人, 命令\nvt. 控诉, 加罪于, 使充满, 使充电, 使承担\nvi. 冲锋, 要价, 收费",,5,1,gk cet4 cet6 ky toefl ielts,675,923,s:charges/d:charged/p:charged/i:charging/3:charges,,
chase,tʃeis,n. United States politician and jurist who served as chief justice of the United States Supreme Court (1808-1873)\nn. a rectangular metal frame used in letterpress printing to hold together the pages or columns of composed type that are printed at one time\nv. go after with the intent to catch\nv. pursue someone sexually or romantically,"n. 追求, 狩猎, 追逐\nvt. 追捕, 追逐, 雕刻, 在...上镶嵌宝石\nvi. 追赶, 奔跑",,3,1,cet4 cet6 ky ielts gre,3378,3312,i:chasing/d:chased/p:chased/3:chases/s:chases,,
cherish,'tʃeriʃ,v be fond of; be attached to,"vt. 珍爱, 怀有, 爱护",,1,,cet6 ky toefl ielts,11106,8660,d:cherished/p:cherished/3:cherishes/i:cherishing,,
chief,tʃi:f,s. most important element,"n. 领袖, 酋长, 长官, 主要部分\na. 主要的, 首位的",,5,1,gk cet4 ky toefl ielts,1283,1446,s:chiefs,,
chip,tʃip,n. a triangular wooden float attached to the end of a log line\nn. a piece of dried bovine dung\nn. a thin crisp slice of potato fried in deep fat\nn. a small disk-shaped counter used to represent money when gambling,"n. 屑片, 薄片, 碎片\nvt. 削, 切, 削成碎片, 使摔倒, 凿\nvi. 削下屑片\n[计] 孔屑; 组件; 晶片; 芯片",,3,1,cet6 ky toefl ielts gre,2397,2159,s:chips/p:chipped/d:chipped/i:chipping/3:chips,,
cholesterol,kә'lestәrɒl,n. an animal sterol that is normally synthesized by the liver; the most abundant steroid in animal tissues,n. 胆固醇\n[化] 胆固醇; 胆固醇,,2,,,7417,3119,,,
chord,kɒ:d,n. a straight line connecting two points on a curve\nn. a combination of three or more notes that blend harmoniously when sounded together\nv. play chords on (a string instrument),"n. 弦, 和音\n[医] 索, 带",,2,,cet6 toefl ielts gre,5783,7270,s:chords/i:chording/p:chorded/3:chords/d:chorded,,
chorus,'kɒ:rәs,n. any utterance produced simultaneously by a group\nn. a group of people assembled to sing together\nn. a body of dancers or singers who perform together\nn. a company of actors who comment (by speaking or singing in unison) on the action in a classical Greek play,"n. 合唱队, 齐声\nv. 齐声说道, 合唱",,2,,gk cet6 ky toefl ielts gre,5335,5274,s:choruses/p:chorused/i:chorusing/3:choruses/d:chorused,,
chronic,'krɒnik,a. being long-lasting and recurrent or characterized by long suffering\ns. of long duration\ns. habitual,"a. 慢性的, 习惯性的\nn. 慢性病患者",,2,,cet6 ky toefl ielts gre,4016,3654,,,
chunk,tʃʌŋk,n. a substantial amount,"n. 大块, 矮胖的人(或物)\n[经] 定样",,2,,toefl ielts gre,6981,4502,s:chunks/i:chunking/d:chunked/p:chunked,,
circulation,.sә:kju'leiʃәn,n. the dissemination of copies of periodicals (as newspapers or magazines)\nn. movement through a circuit; especially the movement of blood through the heart and blood vessels\nn. (library science) the count of books that are loaned by a library over a specified period\nn. number of copies of a newspaper or magazine that are sold,"n. 流通, 循环, 发行量\n[化] 环流",,2,,cet6 toefl gre,4291,5384,s:circulations,,
circumstance,'sә:kәmstәns,n. a condition that accompanies or influences some event or activity\nn. information that should be kept in mind when making a decision\nn. formal ceremony about important occasions,"n. 环境, 状况, 事件",,3,1,gk cet4 cet6 toefl ielts,905,1780,s:circumstances,,
circus,'sә:kәs,"n. a travelling company of entertainers; including trained animals\nn. a performance given by a traveling company of acrobats, clowns, and trained animals\nn. a frenetic disorganized (and often comic) disturbance suggestive of a large public entertainment\nn. (antiquity) an open-air stadium for chariot races and gladiatorial games","n. 马戏团, 马戏, 竞技场",,2,,gk cet6 ky ielts,6391,6045,s:circuses,,
cite,sait,"n a short note recognizing a source of information or of a quoted passage\nv make reference to\nv commend\nv refer to\nv repeat a passage from\nv refer to for illustration or proof\nv advance evidence for\nv call in an official matter, such as to attend court","vt. 引用, 引证, 表彰\n[建] 引证, 指引",,3,,cet6 ky toefl ielts gre,2993,1932,d:cited/3:cites/i:citing/p:cited,,
claim,kleim,n. an assertion of a right (as to money or property)\nn. an assertion that something is true or factual\nn. demand for something as rightful or due\nn. an informal right to something,"n. 要求, 要求权, 断言, 权利\nvt. 要求, 认领, 主张\nvi. 提出要求, 主张, 断言",,5,1,cet4 cet6 ky toefl ielts gre,533,874,p:claimed/s:claims/3:claims/d:claimed/i:claiming,,
clamp,klæmp,n. a device (generally used by carpenters) that holds things firmly together\nv. fasten or fix with a clamp\nv. impose or inflict forcefully,"n. 夹钳\nvt. 夹紧, 强加",,2,,cet6 toefl ielts gre,8614,8228,d:clamped/p:clamped/i:clamping/s:clamps/3:clamps,,
clan,klæn,n group of people related by blood or marriage,"n. 氏族, 宗族, 集团\n[医] 支",,2,,toefl ielts,7945,5636,s:clans,,
clarity,'klærәti,n. free from obscurity and easy to understand; the comprehensibility of clear expression,"n. 清楚, 明晰\n[化] 透明度; 透明性; 清晰性",,1,,ky ielts gre,5359,5443,s:clarities,,
clash,klæʃ,n. a state of conflict between persons\nn. a state of conflict between colors\nv. be incompatible; be or come into conflict\nv. disagree violently,"n. 冲突, 撞击声, 抵触\nvi. 冲突, 抵触\nvt. 使发出撞击声\n[计] 对撞",,3,,cet6 ky ielts gre,3873,6143,s:clashes/d:clashed/p:clashed/i:clashing/3:clashes,,
clasp,klɑ:sp,n. a fastener (as a buckle or hook) that is used to hold two things together\nn. the act of grasping\nv. hold firmly and tightly\nv. grasp firmly,"n. 扣子, 钩, 紧握\nv. 扣紧, 紧握",,1,,cet4 cet6 ky ielts gre,7433,8998,p:clasped/i:clasping/d:clasped/s:clasps/3:clasps,,
classic,'klæsik,n. a creation of the highest excellence\nn. an artist who has created classic works,"n. 古典作品, 杰作, 大艺术家\na. 第一流的, 最优秀的, 古典的",,4,1,gk cet4 cet6 ky ielts,2967,2616,s:classics,,
classical,'klæsikl,a. of or relating to the most highly developed stage of an earlier civilisation and its culture\na. of or relating to the study of the literary works of ancient Greece and Rome\ns. (language) having the form used by ancient standard authors\ns. of or pertaining to or characteristic of the ancient Greek and Roman cultures,"a. 古典的, 正统派的, 经典的\n[医] 古典的; 标准的, 典型的",,3,,gk cet4 cet6 ky ielts,2562,3489,s:classicals,,
classification,.klæsifi'keiʃәn,n. a group of people or things arranged by class or category\nn. the basic cognitive process of arranging into classes or categories\nn. restriction imposed by the government on documents or weapons that are available only to certain authorized people,"n. 分类, 分级\n[化] 分级; 分粒; 分类",,1,,cet4 cet6 ky toefl,3753,5891,s:classifications,,
clearance,'kliәrәns,n. the distance by which one thing clears another; the space between them\nn. permission to proceed,"n. 清除, 间隙\n[化] 间隙; 空隙",,1,,ielts,5606,8962,s:clearances,,
clerk,klә:k,"n. an employee who performs clerical work (e.g., keeps records or accounts)\nv. work as a clerk, as in the legal business","n. 办事员, 职员, 文书\nvi. 当店员",,2,1,gk cet4 ky toefl,2959,3877,s:clerks/i:clerking/p:clerked/3:clerks/d:clerked,,
client,'klaiәnt,n. a person who seeks the advice of a lawyer,"n. 客户, 顾客, 委托人\n[计] 客户, 客户机, 客户机程序",,3,1,cet6 ky ielts,907,1157,s:clients,,
cliff,klif,n. a steep high face of rock,"n. 悬崖, 绝壁",,2,,cet4 cet6 ky toefl ielts,3551,4312,s:cliffs,,
climate,'klaimit,n. the weather in some location averaged over some long period of time\nn. the prevailing psychological state,"n. 气候, 社会趋势, 气候区\n[医] 气候",,3,1,gk cet4 ky toefl,2643,2103,s:climates,,
climax,'klaimæks,n. the highest point of anything conceived of as growing or developing or unfolding\nn. the decisive moment in a novel or play\nn. the most severe stage of a disease\nn. arrangement of clauses in ascending order of forcefulness,"n. 高潮, 极点, 层进法\nv. (使)达到顶点, (使)达到高潮",,2,,cet6 ky toefl ielts gre,6990,10683,s:climaxes/p:climaxed/i:climaxing/3:climaxes/d:climaxed,,
cling,kliŋ,n. fruit (especially peach) whose flesh adheres strongly to the pit\nv. come or be in close contact with; stick or hold together and resist separation\nv. to remain emotionally or intellectually attached\nv. hold on tightly or tenaciously,"vi. 粘紧, 附着, 紧贴, 坚持",,2,,cet6 ky toefl ielts gre,3983,4605,p:clung/i:clinging/3:clings/d:clung,,
clip,klip,n. any of various small fasteners used to hold loose articles together\nn. an article of jewelry that can be clipped onto a hat or dress\nn. the act of clipping or snipping\nn. a sharp slanting blow,"n. 修剪, 夹子, 回形针, 剪下来的东西\nvt. 修剪, 痛打, 夹牢, 剪报\nvi. 剪报",,2,,cet6 ky toefl ielts gre,6959,4208,s:clips/d:clipped/p:clipped/i:clipping/3:clips,,
clockwise,'klɒkwaiz,a. in the same direction as the rotating hands of a clock\nr. in the direction that the hands of a clock move,a. 顺时针方向的\nadv. 顺时针方向地,,1,,cet6 ky toefl ielts,16117,11482,,,
clone,klәun,n. a group of genetically identical cells or organisms derived from a single cell or individual by some kind of asexual reproduction\nv. make multiple identical copies of,n. 无性系\n[计] 代用件,,1,,zk gk ky,7440,9023,s:clones/i:cloning/p:cloned/3:clones/d:cloned,,
closet,'klɒzit,"n. a small private room for study or prayer\nv. confine to a small space, as for intensive work","n. 壁橱, 小室\na. 秘密的, 空谈的\nvt. 把...关入小室",,1,1,cet6 ky ielts gre,11999,3473,s:closets/d:closeted/p:closeted/i:closetting/3:closets,,
clue,klu:,n. evidence that helps to solve a problem\nv. roll into a ball,"n. 线索, 暗示\nvt. 暗示, 提供线索",,2,,cet4 cet6 ky toefl ielts,3489,3331,s:clues/d:clued/p:clued/i:cluing/3:clues,,
cluster,'klʌstә,v. come together as in a cluster or flock,"n. 串, 丛, 群, 簇\nvi. 成串, 丛生\nvt. 使聚集\n[计] 簇",,2,,cet6 ky toefl ielts gre,4369,3200,s:clusters/p:clustered/d:clustered/i:clustering/3:clusters,,
clutch,klʌtʃ,n. a tense critical situation\nn. a number of birds hatched at the same time\nn. a pedal or lever that engages or disengages a rotating shaft and a driving mechanism\nn. a coupling that connects or disconnects driving and driven parts of a driving mechanism,"n. 抓紧, 掌握, 离合器, 一窝小鸡\nvt. 抓住, 踩汽车离合器踏板\nvi. 抓\n[计] 联轴器; 离合器",,2,,cet6 ky toefl ielts,4855,5145,i:clutching/p:clutched/s:clutches/d:clutched/3:clutches,,
coalition,.kәuә'liʃәn,n. the state of being combined into one body,"n. 结合体, 结合, 联合\n[经] 联合, 联盟",,3,,cet6 ky toefl ielts gre,2996,2241,s:coalitions,,
coarse,kɒ:s,a. of textures that are rough to the touch or substances consisting of relatively large particles\ns. lacking refinement or cultivation or taste\ns. of low or inferior quality or value,"a. 粗糙的, 下等的, 粗俗的\n[计] 粗略的",,2,,cet4 cet6 ky toefl ielts gre,7031,7903,r:coarser/t:coarsest/i:coarsing,,
cocaine,kә'kein,n. a narcotic (alkaloid) extracted from coca leaves; used as a surface anesthetic or taken for pleasure; can become powerfully addictive,"n. 可卡因, 古柯碱\n[化] 可卡因; 古柯碱",,2,,ky ielts,7289,4315,,,
cocktail,'kɒkteil,n. a short mixed drink\nn. an appetizer served as a first course at a meal,"n. 鸡尾酒, 开味品\na. 鸡尾酒会的",,2,,ielts,6452,5220,s:cocktails,,
cognitive,'kɒgnitiv,a. of or being or relating to or involving cognition,"a. 认知的, 认识的",,1,,cet6 ky toefl ielts,5220,3344,,,
coherent,kәu'hiәrәnt,"a. marked by an orderly, logical, and aesthetically consistent relation of parts\ns. capable of thinking and expressing yourself in a clear and consistent manner\na. (physics) of waves having a constant phase relation\ns. sticking together","a. 互相耦合的, 清晰的, 明了的，凝聚性的, 连贯的",,1,,cet6 ky toefl ielts gre,5289,7004,,,
coincide,.kәuin'said,"v. go with, fall together\nv. be the same","vi. 一致, 符合\n[化] 重合",,2,,cet6 ky toefl ielts gre,4134,6656,p:coincided/3:coincides/i:coinciding/d:coincided,,
coincidence,kәu'insidәns,n. an event that might have been arranged although it was really accidental\nn. the quality of occupying the same position or area in space,"n. 巧合, 同时发生\n[电] 符合计数器",,2,,gk cet6 ky toefl ielts,5527,5812,s:coincidences,,
collaboration,kә.læbә'ræʃәn,n. act of working jointly\nn. act of cooperating traitorously with an enemy that is occupying your country,"n. 合作, 勾结\n[法] 通敌卖国者, 奸细",,2,,cet6 toefl ielts,4618,4176,s:collaborations,,
collapse,kә'læps,"n. an abrupt failure of function or complete physical exhaustion\nn. a natural event caused by something suddenly falling down or caving in\nv. break down, literally or metaphorically\nv. fold or close up","n. 崩溃, 倒塌, 虚脱\nvi. 倒塌, 崩溃, 瓦解\nvt. 使倒塌, 折叠\n[计] 折叠",,4,1,cet4 cet6 ky toefl ielts gre,3094,3212,p:collapsed/d:collapsed/i:collapsing/s:collapses/3:collapses,,
colleague,'kɒli:g,n. an associate that one works with\nn. a person who is member of one's class or profession,"n. 同事, 同僚",,4,1,gk cet4 cet6 ky toefl,1338,1518,s:colleagues,,
collide,kә'laid,v. cause to collide\nv. crash together with violent impact,"vi. 碰撞, 互撞, 抵触",,1,,cet6 ky toefl ielts,7759,7588,p:collided/i:colliding/d:collided/3:collides,,
collision,kә'liʒәn,n. (physics) a brief event in which two or more bodies come together\nn. an accident resulting from violent impact of a moving object\nn. a conflict of opposed ideas or attitudes or goals,"n. 碰撞, 冲突, 抵触\n[计] 冲突",,2,,gk cet4 cet6 ky toefl ielts gre,6488,5633,s:collisions,,
colonial,kә'lәunjәl,"n. a resident of a colony\na. of or relating to or characteristic of or inhabiting a colony\na. of animals who live in colonies, such as ants\ns. composed of many distinct individuals united to form a whole or colony","a. 殖民的, 殖民地的\n[法] 殖民地居民",,2,,cet6 ky toefl ielts,4415,3321,s:colonials,,
combat,'kɒmbæt,n. an engagement fought between two military forces,"n. 争斗, 战斗\nvi. 战斗, 争斗\nvt. 与...战斗, 与...斗争",,3,,cet6 ky ielts gre,5622,3412,i:combating/3:combats/d:combatted/p:combated,,
combination,.kɒmbi'neiʃәn,n. a collection of things that have been combined; an assemblage of separate parts or qualities\nn. a coordinated sequence of chess moves\nn. a sequence of numbers or letters that opens a combination lock\nn. a group of people (often temporary) having a common purpose,"n. 组合, 合并, 联合\n[计] 组合图",,3,1,cet4 cet6 ky toefl,1732,1808,s:combinations,,
combine,kәm'bain,n. harvester that heads and threshes and cleans grain while moving across the field\nv. add together from different sources\nv. join for a common purpose or in a common action,"v. (使)联合, (使)结合\nn. (企业的)联合, 联合收割机",,3,1,gk cet4 cet6 ky toefl ielts,1581,1448,d:combined/i:combining/3:combines/p:combined/s:combines,,
comet,'kɒmit,n. (astronomy) a relatively small extraterrestrial body consisting of a frozen mass that travels around the sun in a highly elliptical orbit,n. 彗星,,2,,toefl ielts,10128,5217,s:comets,,
comic,'kɒmik,a. of or relating to or characteristic of comedy,"n. 连环漫画, 喜剧演员, 滑稽的人\na. 滑稽的, 有趣的, 喜剧的",,2,,ky toefl ielts gre,6002,5277,s:comics,,
command,kә'mɑ:nd,n. an authoritative direction or instruction to do something\nn. a military unit or region under the control of a single officer\nn. the power or authority to command\nn. availability for use,"n. 命令, 指挥, 控制, 部队, 司令部\nv. 命令, 指挥, 控制\n[计] 命令; 指令; DOS外部命令:启动新的命令处理器",,3,1,gk cet4 cet6 ky,2166,2378,s:commands/p:commanded/d:commanded/3:commands/i:commanding,,
commemorate,kә'memәreit,"v. mark by some ceremony or observation\nv. call to remembrance; keep alive the memory of someone or something, as in a ceremony\nv. be or provide a memorial to a person or an event",vt. 纪念,,2,,ky toefl ielts gre,7928,8691,i:commemorating/d:commemorated/3:commemorates/p:commemorated,,
commence,kә'mens,"v take the first step or steps in carrying out an action\nv set in motion, cause to start\nv get off the ground","v. (使)开始, 得学位",,1,,cet6 ky toefl ielts gre,4318,9454,d:commenced/i:commencing/p:commenced/3:commences,,
commend,kә'mend,"v. express approval of\nv. present as worthy of regard, kindness, or confidence\nv. give to in charge\nv. express a good opinion of","vt. 嘉奖, 委托给, 推荐",,1,,cet6 ky toefl ielts,7594,10548,d:commended/p:commended/3:commends/i:commending,,
commentary,'kɒmәntәri,n a written explanation or criticism or illustration that is added to a book or other textual material,"n. 注释, 评论, 说明\n[法] 注释, 评注, 评论",,2,,cet6 toefl ielts gre,5593,5032,s:commentaries,,
commercial,kә'mә:ʃәl,n. a commercially sponsored ad on radio or television\na. connected with or engaged in or sponsored by or used in commerce or commercial enterprises\na. of or relating to commercialism\ns. of the kind or quality used in commerce; average or inferior,"a. 商业的, 商用的, 商品化的\nn. 商业广告节目",,4,1,cet4 cet6 ky toefl ielts,1235,1027,s:commercials,,
commission,kә'miʃәn,n. a fee for services rendered based on a percentage of an amount received or collected or agreed to be paid (as distinguished from a salary)\nn. the act of granting authority to undertake certain functions\nn. the state of being in good working order and ready for operation\nn. a formal statement of a command or injunction to do something,"n. 委任状, 任官令, 所委职责, 佣金, 犯, 委托, 所托之事\nvt. 委任, 委托制作, 使服役",,4,1,cet4 cet6 ky toefl ielts gre,898,2379,d:commissioned/s:commissions/p:commissioned/i:commissioning/3:commissions,,
commit,kә'mit,v. cause to be admitted; of persons to an institution\nv. engage in or perform,"vt. 委托(托付), 犯罪, 指派...作战, 使承担义务\n[法] 犯, 做, 把...交托给",,4,1,gk cet4 cet6 ky toefl ielts gre,1393,1394,d:committed/i:committing/p:committed/3:commits,,
commitment,kә'mitmәnt,n. the act of binding yourself (intellectually or emotionally) to a course of action\nn. an engagement by contract involving financial obligation\nn. a message that makes a pledge\nn. the official act of consigning a person to confinement (as in a prison or mental hospital),"n. 委托, 交押, 承担义务, 赞助\n[医] 院禁",,2,1,gk cet4 cet6 toefl ielts,1355,1616,s:commitments,,
committee,kә'miti,n. a special group delegated to consider some matter\nn. a self-constituted organization to promote something,n. 委员会\n[经] 委员会,,5,1,gk cet4 cet6 ky toefl ielts,450,1428,s:committees,,
commodity,kә'mɒditi,n. articles of commerce,"n. 农产品, 商品, 有用的物品\n[经] 商品, 货物, 日用品",,2,,cet6 ky toefl ielts gre,4365,4581,s:commodities,,
commonplace,'kɒmәnpleis,s. completely ordinary and unremarkable\ns. not challenging; dull and lacking excitement,"n. 寻常事, 老生常谈, 普通的东西\na. 平凡的, 普通的",,1,,cet6 ky toefl ielts gre,8456,8669,s:commonplaces,,
commonwealth,'kɔmәnwelθ,n. the official name of some states in the United States (Massachusetts and Pennsylvania and Virginia and Kentucky) and associated territories (Puerto Rico)\nn. a world organization of autonomous states that are united in allegiance to a central power but are not subordinate to it or to one another,n. 共和国；联邦；国民整体,,2,,cet6 ky ielts gre,3891,14121,,,
communicate,kә'mju:nikeit,v. transmit information\nv. transmit thoughts or feelings\nv. join or connect\nv. be in verbal contact; interchange information or ideas,"vt. 显露, 传达, 感染\nvi. 通讯",,3,1,zk gk cet4 cet6 ky toefl gre,3006,2672,d:communicated/i:communicating/3:communicates/p:communicated,,
communication,kә.mju:ni'keiʃәn,n. the activity of communicating; the activity of conveying information\nn. something that is communicated by or to or between people or groups\nn. a connection allowing access between persons or places,"n. 交流, 交通, 通讯\n[计] 通信",,3,1,zk gk cet4 cet6 ky toefl ielts,1039,1250,s:communications,,
community,kә'mju:niti,n. a group of people living in a particular local area\nn. common ownership\nn. a group of nations having common interests\nn. agreement as to goals,"n. 社区, 公众, 共有, 共同体\n[经] 公众, 共有, 社会",,5,1,cet4 cet6 ky toefl ielts,335,296,s:communities,,
commute,kә'mju:t,"n. a regular journey of some distance to and from your place of work\nv. exchange positions without a change in value\nv. travel back and forth regularly, as between one's place of work and home\nv. exchange a penalty for a less severe one","vt. 交换, 折偿, 减轻\nvi. 代偿, 经常乘车来往",,2,,cet6 ky toefl ielts gre,11235,6867,i:commuting/d:commuted/p:commuted/3:commutes,,
compact,kәm'pækt,n. a small cosmetics case with a mirror; to be carried in a woman's purse\nn. a small and economical car\nv. have the property of being packable or of compacting easily\na. closely and firmly united or packed together,"a. 紧凑的, 紧密的, 简洁的\nvt. 使紧密结合, 压缩\nvi. 变坚实",,2,,cet6 ky toefl ielts gre,4495,6203,s:compacts/d:compacted/3:compacts/i:compacting/r:compacter/p:compacted,,
companion,kәm'pænjәn,n. a friend who is frequently in the company of another\nn. a traveler who accompanies you\nn. one paid to accompany or assist or live with another,"n. 朋友, 陪伴, 指南, 升降口围罩\nvt. 陪伴",,2,,gk cet4 cet6 ky toefl ielts gre,3024,3547,s:companions/i:companioning/p:companioned/3:companions/d:companioned,,
comparable,'kɒmpәrәbl,a. able to be compared or worthy of comparison\ns. conforming in every respect,"a. 可比较的, 比得上的",,2,,cet4 cet6 ky toefl ielts,3741,4639,,,
compare,kәm'pєә,"v. examine and note the similarities or differences of\nv. be comparable\nv. consider or describe as similar, equal, or analogous\nv. to form the comparative or superlative form on an adjective or adverb","vt. 比较, 比喻, 对照\nvi. 相比\nn. 比较\n[计] 比较",,3,1,zk gk cet4 cet6 ky toefl ielts,773,831,d:compared/i:comparing/3:compares/p:compared,,
comparison,kәm'pærisn,n. the act of examining resemblances\nn. relation based on similarities and differences\nn. qualities that are comparable,"n. 比较, 对照, 比喻\n[经] 比较, 对比",,3,1,cet4 ky gre,1968,2166,s:comparisons,,
compartment,kәm'pɑ:tmәnt,"n. a space into which an area is subdivided\nn. a partitioned section, chamber, or separate room within a larger enclosed area","n. 分隔间, 卧车包房, 防水舱隔\n[医] 隔室, 隔间",,1,,ky ielts gre,6120,6561,s:compartments/d:compartmented/p:compartmented,,
compatible,kәm'pætәbl,a. able to exist and perform in harmonious or agreeable combination\na. capable of being used with or connected to other devices or components without modification\ns. capable of forming a homogeneous mixture that neither separates nor is altered by chemical interaction,"a. 能共处的, 可并立的, 适合的\n[计] 相容的; 兼容的",,2,,cet6 ky toefl ielts gre,5142,7017,s:compatibles/3:compatibles,,
compel,kәm'pel,v. force somebody to do something\nv. necessitate or exact,"vt. 强迫, 迫使",,2,,cet4 cet6 ky toefl ielts gre,4965,4449,d:compelled/i:compelling/p:compelled/3:compels/s:compels,,
compensate,'kɒmpenseit,v. adjust for\nv. make amends for; pay compensation for\nv. make payment to; compensate,"v. 偿还, 补偿, 付报酬",,2,,gk cet6 ky toefl ielts gre,4464,5037,d:compensated/i:compensating/3:compensates/p:compensated,,
compete,kәm'pi:t,v. compete for something; engage in a contest; measure oneself against others,"vi. 竞争, 对抗",,3,1,gk cet4 cet6 ky toefl gre,2583,2065,i:competing/p:competed/3:competes/d:competed,,
competence,'kɒmpitәns,n. the quality of being adequately or well qualified physically and intellectually,"n. 胜任, 职称, 能力\n[医] 能力, 活性",,1,,gk cet6 toefl ielts gre,4201,5191,s:competences,,
competitive,kәm'petitiv,a. involving competition or competitiveness\ns. subscribing to capitalistic competition\ns. showing a fighting disposition,a. 竞争的\n[经] 竞争的,,3,1,cet4 cet6 ky ielts,2363,2307,,,
compile,kәm'pail,v. use a computer program to translate source code written in a particular programming language into computer-readable machine code that can be executed,"vt. 编译, 编辑, 编纂, 收集\n[计] 编译",,2,,cet4 cet6 ky toefl ielts gre,4566,5289,d:compiled/i:compiling/p:compiled/3:compiles,,
complain,kәm'plein,"v. express complaints, discontent, displeasure, or unhappiness\nv. make a formal accusation; bring a formal charge","v. 抱怨, 抗议, 控诉",,4,1,cet4 cet6 ky toefl,2033,1859,p:complained/i:complaining/d:complained/3:complains,,
complaint,kәm'pleint,n. (formerly) a loud cry (or repeated cries) of pain or rage or sorrow\nn. an expression of grievance or resentment\nn. (civil law) the first pleading of the plaintiff setting out the facts on which the claim for relief is based,"n. 诉苦, 抱怨, 控诉\n[医] 陈诉; 病",,3,1,cet4 cet6 ky toefl ielts,1996,2325,s:complaints,,
complement,'kɒmplimәnt,n. a word or phrase used to complete a grammatical construction\nn. a complete number or quantity\nn. number needed to make up a whole force\nn. something added to complete or embellish or make perfect,"n. 补足物, 补语, 补数\nvt. 补充, 补足\n[计] 补码; 反相器; 补数",,2,,cet6 ky toefl ielts,5703,6760,d:complemented/3:complements/i:complementing/p:complemented/s:complements,,
complex,kәm'pleks,n. a conceptual whole made up of complicated and related parts\nn. a compound described in terms of the central atom to which other atoms are bound or coordinated\nn. (psychoanalysis) a combination of emotions and impulses that have been rejected from awareness but still influence a person's behavior\na. complicated in structure; consisting of interconnected parts,"n. 综合体, 情结, 络合物\na. 复杂的, 组合的",,4,1,gk cet4 cet6 ky toefl ielts,1339,1598,s:complexes/p:complexed,,
complexion,kәm'plekʃn,n. the coloring of a person's face\nn. a combination that results from coupling or interlinking\nn. a point of view or general attitude or inclination\nn. texture and appearance of the skin of the face,"n. 肤色, 情况, 局面\n[医] 体质; 面色, 面容",,1,,ielts gre,9586,10375,s:complexions,,
complicated,'kɒmplikeitid,s. difficult to analyze or understand,a. 复杂的\n[医] 并发的,,3,1,cet4 cet6 ky toefl ielts,2736,2750,d:complicated/0:complicated/1:dp/p:complicated,,
complication,.kɒmpli'keiʃәn,n. the act or process of complicating\nn. a situation or condition that is complex or confused\nn. any disease or disorder that occurs during the course of (or because of) another disease\nn. a development that complicates a situation,"n. 复杂化, 复杂情况\n[医] 并发症, 并发病",,2,,cet6 ky toefl ielts,4982,4995,s:complications,,
compliment,'kɒmplimәnt,n. a remark (or act) expressing praise and admiration\nv. say something to someone that expresses praise\nv. express respect or esteem for,"n. 称赞, 恭维, 敬意\nvt. 称赞, 褒扬, 恭维",,2,,cet6 ky toefl ielts gre,6865,7568,s:compliments/p:complimented/d:complimented/i:complimenting/3:compliments,,
comply,kәm'plai,"v. act in accordance with someone's rules, commands, or wishes","vi. 顺从, 依从\n[法] 遵守, 承诺, 照做",,2,,cet6 ky toefl ielts gre,3441,4637,d:complied/i:complying/p:complied/3:complies,,
component,kәm'pәunәnt,n. an abstract part of something\nn. an artifact that is one of the individual parts of which a composite entity is made up; especially a part that can be separated from or attached to a system,"n. 元件, 组件, 成分\na. 组成的, 构成的\n[计] 组件",,3,,gk cet4 cet6 ky toefl ielts gre,1631,1760,s:components,,
compose,kәm'pәuz,"v. form the substance of\nv. write music\nv. put together out of existing material\nv. calm (someone, especially oneself); make quiet","vt. 组成, 写作, 作曲, 使平静\nvi. 创作, 排字\n[计] 编写",,3,,cet4 cet6 ky toefl ielts gre,3128,3379,d:composed/p:composed/i:composing/3:composes,,
composite,kәm'pɒzit,"n. considered the most highly evolved dicotyledonous plants, characterized by florets arranged in dense heads that resemble single flowers\ns. consisting of separate interconnected parts\na. of or relating to or belonging to the plant family Compositae","a. 合成的, 混合成的, 菊科的\nn. 合成物, 复合材料, 菊科",,2,,cet6 ky ielts,8078,6741,s:composites,,
compound,kәm'paund,n. a whole formed by a union of two or more elements or parts\nn. (chemistry) a substance formed by chemical union of two or more elements or ingredients in definite proportion by weight\nn. an enclosure of residences and other building (especially in the Orient)\nv. put or add together,"n. 混合物, 复合词, 化合物, 院子\na. 复合的, 混合的, 化合的\nvi. 化合, 和解, 妥协\nvt. 使复合, 使化合",,2,,cet4 cet6 ky toefl ielts gre,3595,3428,s:compounds/d:compounded/3:compounds/i:compounding/p:compounded,,
comprehension,.kɒmpri'henʃәn,n. an ability to understand the meaning or importance of something (or the knowledge acquired as a result),"n. 理解, 包含",,1,,gk cet4 cet6 ky toefl,7886,7826,,,
comprehensive,.kɒmpri'hensiv,a. including all or everything\ns. broad in scope,"a. 广泛的, 有理解力的, 综合的\n[经] 广泛的, 综合的, 全面的",,3,,cet4 cet6 ky toefl gre,2442,2896,s:comprehensives,,
compromise,'kɒmprәmaiz,"n. a middle way between two extremes\nn. an accommodation in which both sides make concessions\nv. make a compromise; arrive at a compromise; we all must compromise""\nv. settle by concession","n. 妥协, 折中, 折中方案, 和解\nvi. 妥协处理\nvt. 危害",,3,,gk cet4 cet6 ky toefl ielts gre,3685,3751,s:compromises/d:compromised/i:compromising/p:compromised/3:compromises,,
compulsory,kәm'pʌlsәri,s. required by rule,"a. 被强制的, 强迫的, 义务的\n[经] 强迫的, 强制的",,2,,gk cet6 ky toefl ielts gre,3997,12735,,,
compute,kәm'pju:t,v make a mathematical calculation or computation,"v. 计算, 估算\nn. 计算, 估算",,1,,cet4 cet6 ky toefl ielts,10477,7824,d:computed/i:computing/3:computes/p:computed,,
concede,kәn'si:d,v. admit (to a wrongdoing)\nv. be willing to concede\nv. give over; surrender or relinquish to the physical control of another\nv. acknowledge defeat,"vt. 承认, 退让\nvi. 让步",,3,,cet6 ky toefl ielts gre,3862,4192,p:conceded/d:conceded/i:conceding/3:concedes,,
conceive,kәn'si:v,v. become pregnant; undergo conception,"vt. 构思, 认为\nvi. 怀孕",,2,,cet6 ky toefl ielts gre,3806,4169,d:conceived/p:conceived/3:conceives/i:conceiving,,
concentrate,'kɒnsәntreit,"n. a concentrated form of a foodstuff; the bulk is reduced by removing water\nn. a concentrated example of something\nv. make denser, stronger, or purer\nv. direct one's attention on something","n. 浓缩, 精选\nv. 集中, 专心",,3,1,gk cet4 cet6 ky ielts gre,1341,2358,d:concentrated/i:concentrating/p:concentrated/3:concentrates/s:concentrates,,
concentration,.kɒnsәn'treiʃәn,n. the strength of a solution; number of molecules of a substance in a given volume\nn. the spatial property of being crowded together\nn. strengthening the concentration (as of a solute in a mixture) by removing diluting material\nn. increase in density,"n. 集中, 专心\n[化] 浓度; 浓缩",,3,1,cet4 cet6 ky,1564,2752,s:concentrations,,
concept,'kɒnsept,n. an abstract or general idea inferred or derived from specific instances,"n. 观念, 概念\n[医] 概念",,3,1,gk cet4 cet6 ky toefl,1101,1158,s:concepts,,
conception,kɒn'sepʃәn,n. the act of becoming pregnant; fertilization of an ovum by a spermatozoon,"n. 观念, 概念\n[医] 妊娠, 受孕; 概念",,2,,cet6 toefl ielts gre,3245,4636,s:conceptions,,
concern,kәn'sә:n,n. something that interests you because it is important or affects you\nn. an anxious feeling\nn. a feeling of sympathy for someone or something\nn. something or someone that causes anxiety; a source of unhappiness,"n. 关心, 忧虑\nvt. 与...有关, 使担心, 使挂念",,5,1,gk cet4 cet6 ky ielts,836,717,s:concerns/3:concerns/p:concerned/i:concerning/d:concerned,,
concise,kәn'sais,a. expressing much in few words,"a. 简洁的, 简明的",,1,,cet6 ky toefl ielts gre,11311,15935,,,
conclude,kәn'klu:d,v. bring to a close\nv. reach a conclusion after a discussion or deliberation\nv. come to a close\nv. reach agreement on,"vt. 结束, 作结论, 推断\nvi. 结束, 推断",,3,1,gk cet4 cet6 ky toefl,1687,1670,p:concluded/d:concluded/3:concludes/i:concluding,,
condemn,kәn'dem,v. express strong disapproval of\nv. declare or judge unfit for use or habitation\nv. compel or force into a particular state or activity\nv. demonstrate the guilt of (someone),"vt. 判刑, 责备, 谴责\n[法] 定罪, 判刑, 宣告有罪",,3,,gk cet4 cet6 ky toefl ielts gre,3223,4138,d:condemned/p:condemned/i:condemning/3:condemns,,
condense,kәn'dens,v. undergo condensation; change from a gaseous to a liquid state and fall in drops\nv. remove water from\nv. cause a gas or vapor to change into a liquid\nv. become more compact or concentrated,"vt. 使浓缩, 使压缩, 缩短\nvi. 浓缩, 凝结",,1,,cet4 cet6 ky toefl ielts gre,13961,13674,d:condensed/p:condensed/i:condensing/s:condenses/3:condenses,,
conduct,"'kɔndʌkt, -dәkt","v. direct the course of; manage or control\nv. lead, as in the performance of a composition; Barenboim conducted the Chicago symphony for years""\nv. lead musicians in the performance of","n. 行为, 举动, 指导\nvt. 为人, 指挥, 管理, 实施\nvi. 领导, 传导, 指挥",,4,1,gk cet4 cet6 ky toefl gre,1792,1162,d:conducted/i:conducting/p:conducted/3:conducts,,
confer,kәn'fә:,v. have a conference in order to talk something over\nv. present,"vt. 授予, 带来\nvi. 协商",,1,,cet6 ky toefl ielts gre,4769,7144,d:conferred/3:confers/i:conferring/p:conferred,,
conference,'kɒnfәrәns,n. a prearranged meeting for consultation or exchange of information or discussion (especially one with a formal agenda)\nn. a discussion among participants who have an agreed (serious) topic,"n. 会议\n[经] 会议, 讨论会, 协商会",,5,1,zk gk cet4 cet6 ky toefl ielts gre,890,965,s:conferences,,
confidence,'kɒnfidәns,n. a feeling of trust (in someone or something)\nn. a state of confident hopefulness that events will be favorable\nn. a trustful relationship\nn. a secret that is confided or entrusted to another,n. 信心\n[电] 可靠,,4,1,cet4 cet6 ky toefl ielts gre,1342,1870,s:confidences,,
confident,'kɒnfidәnt,a. having or marked by confidence or assurance\ns. not liable to error in judgment or action,"a. 有信心的, 有把握的",,3,1,gk cet4 cet6 ky toefl ielts,2580,2866,,,
confidential,.kɒnfi'denʃәl,s. entrusted with private information and the confidence of another\ns. (of information) given in confidence or in secret\ns. denoting confidence or intimacy\ns. the level of official classification for documents next above restricted and below secret; available only to persons authorized to see documents so classified,"a. 机密的, 获他人信赖的, 易于信任他人的\n[经] 秘密件",,2,,gk cet6 ky toefl ielts gre,5254,7010,,,
configuration,kәn.figju'reiʃәn,n. an arrangement of parts or elements,"n. 结构, 表面配置, 外形, 配置\n[计] 配置",,1,,cet6 toefl ielts gre,4862,6153,s:configurations,,
confine,kәn'fain,v. prevent from leaving or from being removed\nv. deprive of freedom; take into confinement,"vt. 限制, 使不外出, 禁闭\nvi. 邻接, 交界\nn. 边缘, 范围, 区域",,2,1,cet4 cet6 ky toefl ielts gre,2898,5337,d:confined/s:confines/i:confining/p:confined/3:confines,,
confirm,kәn'fә:m,v. establish or strengthen as with new evidence or facts\nv. strengthen or make more firm\nv. make more firm\nv. support a person for a position,"vt. 证实, 确定, 批准, 使巩固\n[计] 确认",,4,1,gk cet4 cet6 ky toefl ielts gre,1156,1851,d:confirmed/p:confirmed/3:confirms/i:confirming,,
conflict,'kɒnflikt,n. an open clash between two opposing groups (or individuals)\nn. opposition between two simultaneous but incompatible feelings\nn. a state of opposition between persons or ideas or interests\nn. an incompatibility of dates or events,"n. 战斗, 冲突, 矛盾, 争执\nvi. 争执, 战斗, 冲突, 抵触\n[计] 冲突",,4,1,gk cet4 cet6 ky toefl ielts gre,1364,1179,s:conflicts/p:conflicted/i:conflicting/3:conflicts/d:conflicted,,
conform,kәn'fɒ:m,"v. be similar, be in line with","vt. 使一致, 使遵守, 使符合\nvi. 一致, 符合, 适应",,2,,cet6 ky toefl ielts gre,4792,6957,3:conforms/i:conforming/p:conformed/d:conformed,,
confront,kәn'frʌnt,"v. oppose, as in hostility or a competition\nv. deal with (something unpleasant) head on\nv. present somebody with something, usually to accuse or criticize\nv. be face to face with","vt. 使面对, 对抗, 遭遇, 使对质, 比较\n[法] 对证, 使对质, 比较",,3,1,cet6 ky toefl ielts gre,3105,2415,d:confronted/i:confronting/p:confronted/3:confronts,,
confusion,kәn'fju:ʒәn,n. disorder resulting from a failure to behave predictably\nn. a mental state characterized by a lack of clear and orderly thought and behavior\nn. a feeling of embarrassment that leaves you confused\nn. an act causing a disorderly combination of elements with identities lost and distinctions blended,"n. 混乱, 混淆, 无秩序\n[计] 含混",,2,1,cet4 cet6 ky toefl ielts,2692,3335,s:confusions,,
congress,'kɒŋgres,n. the legislature of the United States government\nn. a meeting of elected or appointed representatives\nn. a national legislative assembly,"n. 国会, 会议, 讨论会\n[医] 会议, 会合",,2,1,cet4 cet6 ky toefl ielts,1695,638,s:congresses,,
conscientious,.kɒnʃi'enʃәs,s. characterized by extreme care and great effort\na. guided by or in accordance with conscience or sense of right and wrong,"a. 有责任心的, 负责的, 本着良心的\n[法] 凭良心做的, 有道德感的",,1,,ky toefl ielts gre,11085,11605,,,
conscious,'kɒnʃәs,s. intentionally conceived\na. knowing and perceiving; having awareness of surroundings and sensations and thoughts\ns. (followed by `of') showing realization or recognition of something,"a. 有意识的, 知觉的, 觉察的\n[医] 有意识的, 清醒的",,3,1,cet4 cet6 ky toefl ielts,2633,3845,,,
consecutive,kәn'sekjutiv,s. in regular succession without gaps\nr. in a consecutive manner,"a. 连续的, 联贯的\n[计] 连续的; 连接的",,2,,cet6 ky toefl ielts,7149,4845,,,
consensus,kәn'sensәs,n. agreement in the judgment or opinion reached by a group as a whole,"n. 合意, 一致, 同感\n[计] 合意",,2,,gk cet6 ky toefl ielts gre,3897,3317,,,
consent,kәn'sent,n. permission to do something,"n. 同意, 许可\nvi. 同意, 赞同",,2,,cet4 cet6 ky ielts gre,2503,4391,d:consented/s:consents/p:consented/i:consenting/3:consents,,
consequence,'kɒnsikwәns,n. a phenomenon that follows and is caused by some previous phenomenon\nn. the outcome of an event especially as relative to an individual\nn. having important effects or influence,"n. 结果, 重要性\n[法] 结果, 后果, 推断",,3,1,gk cet4 cet6 ky toefl ielts gre,1234,1626,s:consequences,,
consequent,'kɒnsikwәnt,s following or accompanying as a consequence,"n. 随后发生的事情, 结果\na. 作为结果的, 合乎逻辑的",,1,,cet6 toefl ielts,6594,14817,s:consequents,,
consequently,'kɒnsikwәntli,r. (sentence connectors) because of the reason given\nr. as a consequence,adv. 所以,,2,,cet4 cet6 ky toefl,3023,4363,,,
conservation,.kɒnsә'veiʃәn,n. an occurrence of improvement by virtue of preventing loss or injury or other change\nn. the preservation and careful management of the environment and of natural resources\nn. (physics) the maintenance of a certain quantities unchanged during chemical reactions or physical transformations,"n. 保护, 保存\n[医] 保存",,2,,gk cet4 cet6 ky toefl ielts,3076,2820,,,
Conservative,kәn'sә:vәtiv,n. a person who is reluctant to accept changes and new ideas\nn. a member of a Conservative Party\na. resistant to change\ns. having social or political views favoring conservatism,"a. 保守的, 守旧的, 有保存力的\n[化] 防腐剂; 保存剂",,4,1,gk cet4 cet6 ky toefl ielts gre,1497,1837,s:conservatives,,
conserve,kәn'sә:v,"n. fruit preserved by cooking with sugar\nv. keep constant through physical or chemical reactions or evolutionary change\nv. keep in safety and protect from harm, decay, loss, or destruction\nv. use cautiously and frugally","n. 蜜饯, 果酱\nvt. 保存, 使(能量等)守恒",,2,,cet4 cet6 ky toefl ielts gre,7632,7938,d:conserved/i:conserving/p:conserved/3:conserves,,
considerable,kәn'sidәrәbl,a. large or relatively large in number or amount or extent or degree,"a. 相当的, 可观的, 重要的",,4,1,cet4 cet6 ky toefl ielts gre,1042,2855,,,
considerate,kәn'sidәrit,a. showing concern for the rights and feelings of others,"a. 体贴的, 体谅的, 考虑周到的",,1,,gk cet4 cet6 ky toefl ielts,13960,17092,,,
consist,kәn'sist,"v. have its essential character; be comprised or contained in; be embodied in\nv. be consistent in form, tenor, or character; be congruous\nv. be composed of","vi. 组成, 存在于, 一致",,3,,gk cet4 cet6 ky toefl ielts,1493,2190,3:consists/i:consisting/p:consisted/d:consisted,,
consistent,kәn'sistәnt,a. (sometimes followed by `with') in agreement or consistent or reliable\ns. the same throughout in structure or composition,"a. 一致的, 坚持的, 并立的, 坚固的",,3,,gk cet4 cet6 ky toefl gre,2670,2225,,,
console,kәn'sәul,n. a scientific instrument consisting of displays and an input device that an operator can use to monitor and control a system (especially a computer system)\nn. an ornamental scroll-shaped bracket (especially one used to support a wall fixture),"vt. 安慰, 藉慰\nn. 控制台\n[计] 控制台",,2,,cet6 ky toefl ielts gre,11790,9160,p:consoled/d:consoled/3:consoles/i:consoling/s:consoles,,
consolidate,kәn'sɒlideit,v. unite into one\nv. make firm or secure; strengthen\nv. bring together into a single whole or system\nv. form into a solid mass or whole,"vt. 巩固, 使联合, 统一\nvi. 巩固\n[计] 合并计算",,2,,cet6 ky toefl ielts gre,6138,7157,d:consolidated/i:consolidating/p:consolidated/3:consolidates,,
conspicuous,kәn'spikjuәs,a. obvious to the eye or mind,"a. 显著的, 显眼的, 出众的",,1,,cet6 ky toefl ielts gre,6526,9384,,,
constant,'kɒnstәnt,n. a quantity that does not vary\nn. a number representing a quantity assumed to have a fixed value in a specified mathematical context\na. steadfast in purpose or devotion or affection,"n. 常数, 恒量\na. 不变的, 一定的, 时常的\n[计] 常量; 常数; 恒值",,4,1,gk cet4 cet6 ky toefl ielts gre,1915,2386,s:constants,,
constituent,kәn'stitjuәnt,n. a member of a constituency; a citizen who is represented in a government by officials for whom he or she votes\nn. (grammar) a word or phrase or clause forming part of a larger grammatical construction\ns. constitutional in the structure of something (especially your physical makeup),"n. 成分, 选民, 构成物\na. 构成的, 组织的, 选举的",,2,,cet6 ky toefl ielts gre,4050,5746,s:constituents,,
constitute,kәn'stitjut,v. form or compose,"vt. 构成, 组成, 任命\n[建] 构造, 组成",,2,,cet6 ky toefl ielts gre,2270,2887,3:constitutes/p:constituted/d:constituted/i:constituting,,
constitution,.kɒnsti'tju:ʃәn,n. the act of forming or establishing something\nn. the way in which someone or something is composed\nn. a United States 44-gun frigate that was one of the first three naval ships built by the United States; it won brilliant victories over British frigates during the War of 1812 and is without doubt the most famous ship in the history of the United States Navy; it has been rebuilt and is anchored in the Charlestown Navy Yard in Boston,"n. 构成, 宪法, 体格\n[医] 体质; 结构, 组织",,3,,gk cet4 cet6 ky toefl ielts gre,2148,3917,s:constitutions,,
constrain,kәn'strein,v hold back\nv restrict,"vt. 强迫, 限制, 关押",,1,,cet6 ky toefl ielts gre,5685,7740,d:constrained/i:constraining/3:constrains/p:constrained,,
construct,kәn'strʌkt,"v. make by combining materials and parts\nv. draw with suitable instruments and under specified conditions\nv. create by linking linguistic units\nv. create by organizing and linking ideas, arguments, or concepts","vt. 构造, 建造, 对...进行构思, 作图\nn. 构成物",,3,1,gk cet4 cet6 ky toefl gre,2058,2477,d:constructed/i:constructing/s:constructs/3:constructs/p:constructed,,
consult,kәn'sʌlt,v. get or ask advice from\nv. seek information from\nv. advise professionally,"vi. 商讨, 商量, 协商, 会诊\nvt. 向...请教, 查阅, 考虑",,3,1,gk cet4 cet6 ky toefl ielts,2826,3591,d:consulted/i:consulting/p:consulted/3:consults,,
consultant,kәn'sʌltәnt,n an expert who gives advice,"n. 顾问, 征询意见者\n[医] 顾问医师",,3,,gk cet6 ky toefl ielts,2605,2480,s:consultants,,
consume,kәn'sju:m,"v. serve oneself to, or consume regularly\nv. spend extravagantly\nv. destroy completely\nv. use up (resources or materials)","vt. 消耗, 消费, 消灭\nvi. 耗尽, 毁灭",,2,,gk cet4 cet6 ky toefl,3627,3006,d:consumed/i:consuming/p:consumed/3:consumes,,
consumer,kәn'sju:mә,n. a person who uses goods or services,"n. 消费者\n[经] 消费者, 用户",,4,1,cet4 cet6 toefl ielts,1428,1052,s:consumers,,
consumption,kәn'sʌmpʃәn,n. the process of taking food into the body through the mouth (as by eating)\nn. (economics) the utilization of economic goods to satisfy needs or in manufacturing\nn. the act of consuming something,"n. 消费, 消费量, 痨病\n[化] 消耗量; 耗量",,2,,cet4 cet6 ky toefl ielts,2561,3146,,,
contact,'kɒntækt,n. close interaction\nn. the act of touching physically\nn. the state or condition of touching or of being in immediate proximity\nn. the physical coming together of two or more things,"n. 联系, 交际, 熟人, 接触\nvi. 接触, 联系\nvt. 使接触",,4,1,cet4 cet6 ky toefl ielts gre,1196,1480,s:contacts/d:contacted/p:contacted/i:contacting/3:contacts,,
contaminate,kәn'tæmineit,v. make radioactive by adding radioactive material,"vt. 弄污, 弄脏, 污染, 毒害\n[化] 污染",,2,,cet6 ky toefl ielts gre,8537,7402,d:contaminated/i:contaminating/3:contaminates/p:contaminated/s:contaminates,,
contemplate,'kɒntempleit,v. look at thoughtfully; observe deep in thought\nv. consider as a possibility,"vt. 注视, 沉思, 盘算\nvi. 冥思苦想",,2,,cet6 ky toefl ielts gre,3951,4802,i:contemplating/d:contemplated/p:contemplated/3:contemplates,,
contempt,kәn'tempt,n. lack of respect accompanied by a feeling of intense dislike\nn. a manner that is generally disrespectful and contemptuous\nn. open disrespect for a person or thing\nn. a willful disobedience to or disrespect for the authority of a court or legislative body,"n. 轻视, 轻蔑\n[法] 藐视, 侮辱, 轻视",,2,,cet4 cet6 ky toefl ielts gre,4753,6277,s:contempts,,
contend,kәn'tend,v. maintain or assert\nv. be engaged in a fight; carry on a fight,"vi. 奋斗, 斗争, 竞争\nvt. 为...斗争",,2,,cet6 ky toefl ielts gre,6083,3552,3:contends/p:contended/d:contended/i:contending,,
contention,kәn'teinʃәn,n. a point asserted as part of an argument,"n. 争论, 争辩, 所持的论点\n[计] 争用",,2,,ky toefl ielts gre,6972,6547,s:contentions,,
contest,'kɒntest,"n. an occasion on which a winner is selected from among two or more contestants\nn. a struggle between rivals\nv. to make the subject of dispute, contention, or litigation","n. 竞赛, 争论\nvt. 竞争, 争取, 争辩\nvi. 竞争",,3,1,cet4 cet6 ky ielts gre,3919,3062,s:contests/d:contested/i:contesting/p:contested/3:contests,,
continual,kәn'tinjuәl,a. occurring without interruption; chiefly restricted to what recurs regularly or frequently in a prolonged and closely spaced series\ns. `continual' (meaning seemingly uninterrupted) is often used interchangeably with `continuous' (meaning without interruption),"a. 持续不断的, 继续的\n[建] 连续的",,2,,cet4 cet6 ky toefl,7561,10050,,,
continuity,.kɒnti'nju:iti,n. uninterrupted connection or union\nn. a detailed script used in making a film in order to avoid discontinuities from shot to shot\nn. the property of a continuous and connected period of time,n. 连续性\n[化] 连续性,,1,,toefl ielts,4599,6432,s:continuities,,
contract,'kɒntrækt,n. a binding agreement between two or more persons that is enforceable by law\nn. (contract bridge) the highest bid becomes the contract setting the number of tricks that the bidder must make\nn. a variety of bridge in which the bidder receives points toward game only for the number of tricks he bid\nv. enter into a contractual arrangement,"n. 合约, 婚约, 契约\nvt. 使皱缩, 使缩短, 感染, 订约, 缔结\nvi. 皱缩, 订约, 收缩",,4,1,cet4 cet6 ky toefl ielts gre,628,1269,s:contracts/d:contracted/i:contracting/p:contracted/3:contracts,,
contradict,.kɒntrә'dikt,v. be in contradiction with\nv. deny the truth of,"vt. 反驳, 与...抵触, 与...矛盾\nvi. 反驳",,1,,gk cet6 ky toefl ielts gre,6870,6863,3:contradicts/d:contradicted/p:contradicted/i:contradicting,,
contradiction,.kɒntrә'dikʃәn,n. opposition between two conflicting forces or ideas\nn. (logic) a statement that is necessarily false\nn. the speech act of contradicting someone,"n. 反驳, 矛盾\n[法] 矛盾, 否认, 反驳",,2,,cet4 cet6 ky ielts,4353,5451,s:contradictions,,
contrast,kәn'træst,n. the opposition or dissimilarity of things that are compared\nn. the act of distinguishing by comparing differences\nn. the perceptual effect of the juxtaposition of very different colors\nn. the range of optical density and tone on a photographic negative or print (or the extent to which adjacent areas on a television screen differ in brightness),"n. 差别, 对比, 对照物\nvt. 使对比\nvi. 成对照\n[计] 反差; 对比度",,3,1,cet4 cet6 ky toefl ielts gre,1451,1762,s:contrasts/3:contrasts/d:contrasted/p:contrasted/i:contrasting,,
contribute,kәn'tribju:t,v. contribute to some cause\nv. be conducive to,"vt. 有助于, 捐助, 投稿\nvi. 出力, 捐献, 投稿",,3,1,gk cet4 cet6 ky toefl ielts,1483,1312,d:contributed/i:contributing/p:contributed/3:contributes,,
contribution,.kɒntri'bju:ʃәn,n. the part played by a person in bringing about a result\nn. a voluntary gift (as of money or service or ideas) made to some worthwhile cause\nn. act of giving in common with others for a common purpose especially to a charity\nn. an amount of money contributed,"n. 捐助, 捐助之物, 贡献\n[经] 贡献, 捐款, 补助品",,,1,gk cet4 ky ielts,1201,1776,s:contributions,,
contrive,kәn'traiv,"v make or work out a plan for; devise\nv come up with (an idea, plan, explanation, theory, or principle) after a mental effort\nv put or send forth","v. 发明, 设计, 图谋",,1,,cet6 ky toefl ielts gre,9718,15323,d:contrived/p:contrived/i:contriving/3:contrives,,
controversial,.kɒntrә'vә:ʃәl,a. marked by or capable of arousing controversy,"a. 争论的, 论争的, 被议论的",,3,,gk cet6 ky toefl ielts gre,3444,3090,,,
controversy,'kɒntrәvә:si,n. a contentious speech act; a dispute where there is strong disagreement,"n. 论争, 辩论, 论战, 争论\n[法] 论战, 争论, 争吵",,3,,cet6 ky toefl ielts,3460,2876,s:controversies,,
convene,kәn'vi:n,v. meet formally,"vt. 集合, 召集, 召唤\nvi. 聚集, 集合",,2,,cet6 toefl ielts gre,8878,7816,d:convened/p:convened/3:convenes/i:convening,,
convenience,kә'vi:njәns,n. the state of being suitable or opportune\nn. the quality of being useful and convenient,"n. 方便, 便利的事物, 方便的时候",,1,,gk cet4 cet6 ky toefl ielts gre,5559,4892,s:conveniences,,
convention,kәn'venʃәn,n. a large formal assembly\nn. something regarded as a normative example\nn. (diplomacy) an international agreement\nn. the act of convening,"n. 大会, 协定, 惯例, 约定\n[计] 约定",,3,1,cet4 cet6 ky toefl ielts,1947,2472,s:conventions,,
conventional,kәn'venʃәnl,a. following accepted customs and proprieties\ns. conforming with accepted standards\na. (weapons) using energy for propulsion or destruction that is not nuclear energy\na. unimaginative and conformist,"a. 传统的, 习惯的, 约定的\n[经] 惯例的, 常规的, 传统的",,3,1,gk cet4 cet6 ky toefl gre,2253,2554,,,
converge,kәn'vә:dʒ,v. be adjacent or come together\nv. approach a limit as the number of terms increases without limit\nv. move or draw together at a certain location\nv. come together so as to form a single product,"vi. 聚合, 集中于一点\nvt. 使集合",,1,,cet6 toefl ielts gre,8501,8179,p:converged/i:converging/3:converges/d:converged,,
conversion,kәn'vә:ʃәn,"n. an event that results in a transformation\nn. a change in the units or form of an expression: ""conversion from Fahrenheit to Centigrade""\nn. a successful free throw or try for point after a touchdown\nn. a spiritual enlightenment causing a person to lead a new life","n. 转变, 转换, 改变宗教信仰, 换位法\n[计] 转换",,2,,cet4 cet6 ky toefl ielts,3129,4664,s:conversions,,
convert,kәn'vә:t,"n. a person who has been converted to another religious or political belief\nv. change from one system to another or to a new plan or policy\nv. change the nature, purpose, or function of something\nv. change religious beliefs, or adopt a religious belief","n. 皈依者, 改变宗教信仰者\nvt. 使改变信仰, 转换, 兑换, 倒置\nvi. 皈依\n[计] 转换",,3,1,cet4 cet6 ky toefl ielts gre,2245,2895,d:converted/i:converting/p:converted/3:converts/s:converts,,
convey,kәn'vei,"v. make known; pass on, of information\nv. transfer to another\nv. transmit a title or property","vt. 传达, 运输, 转让\n[经] 转让(财产等), 搬运",,2,,gk cet4 cet6 ky toefl ielts gre,3682,3756,d:conveyed/i:conveying/3:conveys/p:conveyed,,
convict,kәn'vikt,n. a person serving a sentence in a jail or prison\nn. a person who has been convicted of a criminal offense\nv. find or declare guilty,"n. 囚犯, 罪犯\nvt. 宣告有罪, 使知罪",,3,,cet6 ky toefl ielts gre,4837,3678,d:convicted/s:convicts/i:convicting/p:convicted/3:convicts,,
convince,kәn'vins,"v make (someone) agree, understand, or realize the truth or validity of something","vt. 说服, 使相信\n[法] 使确信, 使信服, 使人认识错误",,3,1,gk cet4 cet6 ky toefl ielts gre,3203,2039,d:convinced/p:convinced/i:convincing/3:convinces,,
cooperative,kәu'ɔpәrәtiv,n. a jointly owned commercial enterprise (usually organized by farmers or consumers) that produces and distributes goods and services and is run for the benefit of its owners\nn. an association formed and operated for the benefit of those using it\na. done with or working with others for a common purpose or benefit,a. 合作的；合作社的,,,,cet6 ky toefl gre,8090,4249,s:cooperatives,,
cope,kәup,n. a long cloak; worn by a priest or bishop on ceremonial occasions\nv. come to terms with,"vi. 竞争, 应付\nn. 长袍",,3,1,cet4 cet6 ky toefl,1779,3198,i:coping/d:coped/p:coped/3:copes,,
cord,kɒ:d,n. a line made of twisted fibers or threads\nn. a unit of amount of wood cut for burning; 128 cubic feet\nn. a light insulated conductor for household use\nn. a cut pile fabric with vertical ribs; usually made of cotton,"n. 绳索, 束缚\n[医] 索, 带",,2,,cet4 cet6 ky toefl gre,5654,4314,s:cords/p:corded/i:cording/3:cords/d:corded,,
cordial,'kɒ:djәl,s. politely warm and friendly\ns. sincerely or intensely felt,"n. 兴奋剂, 补品\na. 热忱的, 诚恳的, 有兴奋作用的",,1,,cet4 cet6 ky toefl ielts gre,19234,14433,s:cordials,,
cork,kɒ:k,n. outer bark of the cork oak; used for stoppers for bottles etc.\nn. a port city in southern Ireland\nn. the plug in the mouth of a bottle (especially a wine bottle)\nv. close a bottle with a cork,"n. 软木塞, 软木树, 软木\n[化] 木栓",,1,,ielts,8181,12801,s:corks/p:corked/d:corked/i:corking/3:corks,,
corporate,'kɒ:pәrit,a. of or belonging to a corporation\ns. done by or characteristic of individuals acting together\ns. organized and maintained as a legal corporation,"a. 社团的, 合伙的, 公司的\n[经] 团体的, 法人的, 社团的",,3,,cet6 ielts gre,1983,1579,s:corporates,,
corps,kɒ:,n. an army unit usually consisting of two or more divisions and their support\nn. a body of people associated together,"n. 军, 队, 部队, 兵种\n[医] 对, 团; 体, 物体",,2,,cet6 toefl ielts,5168,6050,,,
corpse,kɒ:ps,n the dead body of a human being,n. 尸体\n[医] 尸体,,2,,toefl ielts,5143,5559,s:corpses,,
correlate,'kɒrәleit,"n. either of two or more related or complementary variables\nv. to bear a reciprocal or mutual relation\nv. bring into a mutual, complementary, or reciprocal relation","n. 有相互关系的东西, 相关物\nvt. 使有相互关系\nvi. 相关",,1,,cet6 ky toefl ielts,6763,5266,d:correlated/3:correlates/p:correlated/s:correlates/i:correlating,,
correspondent,.kɒri'spɒndәnt,n. someone who communicates by means of letters\nn. a journalist employed to provide news stories for newspapers or broadcast media,"n. 通讯记者, 通信者\n[经] 客户, 代理商行, 代理银行",,4,,cet4 cet6 ky ielts gre,3253,2934,s:correspondents,,
corresponding,.kɒri'spɒndiŋ,s. accompanying\ns. similar especially in position or purpose,"a. 相当的, 一致的, 通信的\n[计] 对应",,,,cet4 cet6 ky toefl ielts,4630,7426,0:correspond/1:i/i:corresponding,,
corrode,kә'rәud,"v. cause to deteriorate due to the action of water, air, or an acid\nv. become destroyed by water, air, or a corrosive such as an acid","vt. 使腐蚀, 侵蚀, 破坏\nvi. 被侵蚀, 起腐蚀作用",,,,cet6 ky toefl ielts gre,20384,19273,d:corroded/3:corrodes/i:corroding/p:corroded,,
corrupt,kә'rʌpt,v. corrupt morally or by intemperance or sensuality\nv. alter from the original\na. lacking in integrity\ns. containing errors or alterations,"a. 腐败的, 贪污的, 讹误充斥的\nvt. 使腐烂, 腐蚀, 使恶化\nvi. 腐烂, 堕落",,2,,gk cet6 ky ielts gre,7571,5850,d:corrupted/i:corrupting/p:corrupted/3:corrupts/s:corrupts/r:corrupter,,
costume,'kɒstju:m,n. the attire worn in a play or at a fancy dress ball\nn. unusual or period attire not characteristic of or appropriate to the time and place\nn. the prevalent fashion of dress (including accessories and hair style as well as garments)\nn. the attire characteristic of a country or a time or a social class,"n. 装束, 服装",,2,,cet6 ky toefl ielts gre,5080,4152,s:costumes/p:costumed/d:costumed/i:costuming/3:costumes,,
council,'kaunsәl,n. a body serving in an administrative capacity\nn. (Christianity) an assembly of theologians and bishops and other representatives of different churches or dioceses that is convened to regulate matters of discipline or doctrine\nn. a meeting of people for consultation,"n. 会议, 委员会\n[经] 委员会",,5,1,cet4 cet6 ky ielts,251,2612,s:councils,,
counsel,'kaunsәl,n a lawyer who pleads cases in court\nn something that provides direction or advice as to a decision or course of action\nv give advice to,"n. 商议, 忠告, 法律顾问\nv. 商议, 劝告",,3,,cet6 ky toefl ielts,6085,3418,i:counselling/p:counselled/s:counsels/d:counselled/3:counsels,,
counter,'kauntә,"n. table consisting of a horizontal surface over which business is transacted\nn. game equipment (as a piece of wood, plastic, or ivory) used for keeping a count or reserving a space in various card or board games\nn. a calculator that keeps a record of the number of times something happens\nn. a person who counts things","n. 计算器, 计算者, 柜台, 筹码\na. 反方向的, 相反的\nadv. 反方向地, 相反地\n[计] 计数器; 计数字",,3,1,gk cet4 cet6 ky ielts,3493,2830,p:countered/s:counters/d:countered/i:countering/3:counters,,
counterpart,'kauntәpɑ:t,n. a person or thing having the same function or characteristics as another\nn. a duplicate copy,"n. 副本, 复本, 配对物, 相应物\n[经] 副本, 正副二份中之一",,3,,cet6 ky toefl ielts gre,4029,3816,s:counterparts,,
coupon,'ku:pɒn,n. a negotiable certificate that can be detached and redeemed as needed\nn. a test sample of some substance,"n. 息票, 赠券\n[经] 息票, 利息单, 联票",,2,,ky ielts,6650,10119,s:coupons,,
court,kɒ:t,n. an assembly (including one or more judges) to conduct judicial business\nn. a room in which a lawcourt sits\nn. the sovereign and his advisers who are the governing power of a state\nn. a specially marked horizontal area within which a game is played,"n. 法院, 庭院, 奉承\nvt. 献殷勤, 追求, 招致\nvi. 求爱",,2,1,gk cet4 cet6 ky toefl gre,254,541,s:courts/i:courting/p:courted/d:courted/3:courts,,
courtesy,'kә:tisi,n. a courteous or respectful or considerate act\nn. a courteous or respectful or considerate remark\nn. a courteous manner,"n. 礼貌, 谦恭, 好意\n[法] 优待, 礼貌, 恩惠",,2,,cet6 ky ielts,5265,5380,s:courtesies,,
coverage,'kʌvәridʒ,n. the total amount and type of insurance carried\nn. the extent to which something is covered\nn. the news as presented by reporters for newspapers or radio or television,"n. 覆盖的范围, 保险总额, 新闻报导\n[化] 可达范围; 覆盖度",,3,,ky toefl ielts,3338,1877,s:coverages,,
coward,'kauәd,n. a person who shows fear or timidity\nn. English dramatist and actor and composer noted for his witty and sophisticated comedies (1899-1973),"n. 懦弱的人, 胆小的人",,1,,cet4 cet6 ky ielts gre,14789,11476,s:cowards,,
cozy,'kәuzi,s. enjoying or affording comforting warmth and shelter especially in a small space\ns. having or fostering a warm or friendly and informal atmosphere\ns. suggesting connivance,"a. 舒适的, 安逸的, 惬意的\nn. (茶壶等的)保暖罩, 舒适的座位\nvt. 以假话使安心",,,,cet6 toefl,43923,7168,i:cozying/r:cozier,,
cradle,'kreidl,n. a baby bed with sides and rockers\nn. birth of a person\nv. hold gently and carefully\nv. bring up from infancy,"n. 摇篮, 发祥地, 孩提时代\nvt. 放在摇篮内, 抚育\nvi. 刈割",,1,,cet6 ky ielts,9753,8639,i:cradling/p:cradled/s:cradles/d:cradled/3:cradles,,
crash,kræʃ,n. a serious accident (usually involving one or more vehicles)\nn. a sudden large decline of business or the prices of stocks (especially one that causes additional failures)\nn. the act of colliding with something\nn. (computer science) an event that causes a computer system to become inoperative,"n. 哗啦声, 猛撞, 崩溃, 粗布\nv. 撞碎, 破碎, (使)...坠毁\na. 速成的\n[计] 崩溃",,4,1,gk cet4 cet6 ky toefl ielts,3197,2837,p:crashed/i:crashing/d:crashed/s:crashes/3:crashes,,
creation,kri:'eiʃәn,n. the human act of creating\nn. an artifact that has been brought into existence by someone\nn. the event that occurred at the beginning of something\nn. (theology) God's act of bringing the universe into existence,"n. 创造, 创作物, 发明\n[化] 产生",,2,,ielts,1844,2114,s:creations,,
credible,'kredәbl,a. capable of being believed\ns. (a common but incorrect usage where `credulous' would be appropriate) credulous\ns. appearing to merit belief or acceptance,"a. 可信的, 可靠的\n[法] 可信的, 可靠的",,2,,ielts gre,9699,5991,,,
credit,'kredit,n. money available for a client to borrow\nn. an accounting entry acknowledging income or capital items\nn. used in the phrase `to your credit' in order to indicate an achievement deserving praise; \nn. arrangement for deferred payment for goods and services,"n. 信用, 信任, 荣誉, 贷款, 学分\nvt. 归功于, 赞颂, 信任, 相信\n[计] 信用量",,4,1,gk toefl ielts gre,1262,1125,d:credited/s:credits/3:credits/i:crediting/p:credited,,
crew,kru:,"n. the men and women who man a vehicle (ship, aircraft, etc.)\nn. the team of men manning a racing shell\nv. serve as a crew member on","n. 全体人员, 一群人, 全体队员\ncrow的过去式",,3,,gk cet4 cet6 ky toefl,2202,1706,s:crews/d:crewed/p:crewed/i:crewing/3:crews,,
crime,kraim,n. (criminal law) an act punishable by law; usually considered an evil act\nn. an evil act not necessarily punishable by law,"n. 犯罪, 罪行, 罪恶\n[法] 犯罪, 罪, 罪恶",,4,1,gk cet4 cet6 ky ielts,1125,828,s:crimes,,
criminal,'kriminәl,n. someone who has committed a crime or has been legally convicted of a crime\ns. guilty of crime or serious offense\ns. involving or being or having the nature of a crime,"n. 罪犯, 犯人, 刑事\na. 犯了罪的, 刑事的, 有罪的",,4,1,gk cet4 cet6 ky ielts,2063,1953,s:criminals,,
cripple,'kripl,"n. someone who is unable to walk normally because of an injury or disability to the legs or back\nv. deprive of strength or efficiency; make useless or worthless\nv. deprive of the use of a limb, especially a leg","n. 跛者, 残废\nvt. 使跛, 使成残废, 削弱\na. 跛的, 残废的",,2,,cet4 cet6 ky toefl ielts gre,11135,9401,d:crippled/p:crippled/s:cripples/i:crippling/3:cripples,,
crisis,'kraisis,n. an unstable situation of extreme danger or difficulty\nn. a crucial stage or turning point in the course of something,"n. 危机, 危险期, 紧要关头\n[医] 危象; 骤退, 临界, 极期",,4,1,cet4 cet6 ky ielts,1467,1206,s:crises,,
crisp,krisp,s. (of something seen or heard) clearly defined\ns. tender and brittle\ns. pleasantly cold and invigorating\ns. pleasingly firm and fresh,"a. 脆的, 新鲜的, 活泼的\nv. (使)烘脆, (使)拳曲, (使)起皱\nn. 松脆物",,2,1,cet6 ky toefl ielts,7199,6194,s:crisps/r:crisper/i:crisping/p:crisped/t:crispest/3:crisps/d:crisped,,
criterion,krai'tiәriәn,n. the ideal in terms of which something can be judged,"n. 标准, 准则, 规范\n[化] 判据",,2,1,gk cet6 ky ielts gre,1799,0,s:criteria,,
critic,'kritik,n. a person who is professionally engaged in the analysis and interpretation of works of art\nn. anyone who expresses a reasoned judgment of something\nn. someone who frequently finds fault or makes harsh and unfair judgments,"n. 批评家, 鉴定家",,4,,cet4 cet6 ky toefl gre,2271,1355,s:critics,,
critical,'kritikәl,a. marked by a tendency to find and call attention to errors and flaws\na. at or of a point at which a property or phenomenon suffers an abrupt change especially having enough mass to sustain a chain reaction\na. characterized by careful evaluation and judgment\ns. urgently needed; absolutely necessary,"a. 批评的, 决定性的, 危险的, 临界的\n[医] 危象的; 临界的, 极期的",,4,1,cet4 cet6 ky toefl ielts gre,1616,1126,,,
criticism,'kritisizm,n. disapproval expressed by pointing out faults or shortcomings\nn. a serious examination and judgment of something\nn. a written evaluation of a work of literature,"n. 批评, 评论, 非难\n[法] 批判, 批评, 评论",,4,1,cet4 cet6 ky,1587,2093,s:criticisms,,
criticize,'kritisaiz,v. act as a critic,"v. 批评, 吹毛求疵, 非难",,3,1,cet4 cet6 ky,4040,2550,d:criticized/p:criticized/i:criticizing/3:criticizes,,
crowd,kraud,n. a large number of things or people considered together\nn. an informal body of friends\nv. fill or occupy to the point of overflowing\nv. to gather together in large numbers,"n. 群众, 一伙人\nvt. 拥挤, 挤满, 挤进",,4,1,gk cet4 cet6 ky toefl,1686,1270,s:crowds/p:crowded/d:crowded/i:crowding/3:crowds,,
crucial,'kru:ʃәl,a. of extreme importance; vital to the resolution of a crisis\ns. having crucial relevance,"a. 决定性的, 重要的, 严厉的\n[医] 十字形的; 决断的, 定局的",,3,1,cet4 cet6 ky toefl ielts gre,2013,2397,,,
crumble,'krʌmbl,v. fall apart\nv. break or fall apart into fragments,"v. (使)粉碎, (使)成为碎屑, 瓦解, 崩溃, 败落",,2,,toefl ielts gre,7539,7038,i:crumbling/d:crumbled/p:crumbled/3:crumbles/s:crumbles,,
crush,krʌʃ,n. a dense crowd of people\nn. the act of crushing\nv. break into small pieces\nv. humiliate or depress completely,"n. 压碎, 粉碎, 群众, 迷恋\nvt. 压破, 征服, 塞, 弄皱, 榨出\nvi. 被压碎, 起皱, 挤",,2,1,cet4 cet6 ky toefl ielts,4964,4311,d:crushed/p:crushed/i:crushing/3:crushes/s:crushes,,
cucumber,'kju:kәmbә,n. a melon vine of the genus Cucumis; cultivated from earliest times for its cylindrical green fruit\nn. cylindrical green fruit with thin green rind and white flesh eaten as a vegetable; related to melons,"n. 黄瓜\n[医] 黄瓜, 胡瓜",,1,,cet4 cet6 ky toefl ielts,12343,8294,s:cucumbers,,
culminate,'kʌlmineit,"v. end, especially to reach a final or climactic stage\nv. bring to a head or to the highest point\nv. reach the highest or most decisive point\nv. reach the highest altitude or the meridian, of a celestial body","vi. 到绝顶, 达于极点, 达到高潮\nvt. 使到绝顶, 使达到高潮",,1,,cet6 toefl ielts,6551,7686,i:culminating/p:culminated/3:culminates/d:culminated,,
culture,'kʌltʃә,n. a particular society at a particular time and place\nn. the tastes in art and manners that are favored by a social group\nn. (biology) the growing of microorganisms in a nutrient medium (such as gelatin or agar)\nn. the attitudes and behavior that are characteristic of a particular social group or organization,"n. 文化, 修养, 耕种\nvt. 耕种, 培养",,4,1,zk gk cet4 cet6 ky toefl ielts,983,611,s:cultures/d:cultured/i:culturing,,
cumulative,'kju:mjulәtiv,s increasing by successive addition,"a. 累积的\n[医] 蓄积的, 累积的",,1,,cet6 ielts,7270,8447,,,
curb,kә:b,n. an edge between a sidewalk and a roadway consisting of a line of curbstones (usually forming part of a gutter)\nn. a horse's bit with an attached chain or strap to check the horse\nv. keep to the curb,"n. 抑制, 勒马绳, 边石\nvt. 抑制, 束缚, 勒住",,2,1,cet6 ky toefl ielts gre,7037,6733,i:curbing/3:curbs/d:curbed/s:curbs/p:curbed,,
current,'kʌrәnt,n. a flow of electricity through a conductor\nn. a steady flow of a fluid (usually from natural causes)\na. occurring in or belonging to the present time,"n. 涌流, 趋势, 流\na. 流通的, 现在的, 当前的, 流行的\n[计] 当前的",,5,1,cet4 cet6 ky toefl ielts,755,652,s:currents,,
curse,kә:s,n. profane or obscene expression usually of surprise or anger\nn. a severe affliction\nv. utter obscenities or profanities\nv. heap obscenities upon,"n. 咒骂, 诅咒\nvt. 诅咒, 咒骂",,2,,cet4 cet6 ky ielts,6677,5761,i:cursing/p:cursed/s:curses/d:cursed/3:curses,,
customary,'kʌstәmәri,s. in accordance with convention or custom,"a. 习惯的, 惯常的\n[经] 通常的, 习惯的",,1,,cet6 ky ielts gre,6451,8505,,,
cute,kju:t,s. obviously contrived to charm,"a. 可爱的, 聪明的, 伶俐的\n[医] 品他病",,1,,ielts,11929,4345,t:cutest/r:cuter,,
cycle,'saikl,n. an interval during which a recurring sequence of events occurs\nn. a series of poems or songs on the same theme\nn. a periodically repeated sequence of events\nn. a single complete execution of a periodically repeated phenomenon,"n. 周期, 循环, 自行车, 一段时间, 整套\nvi. 循环, 轮转, 骑自行车\nvt. 使循环, 使轮转\n[计] 环路; 周期; 循环",,3,1,gk cet4 cet6 ky ielts,2200,2220,s:cycles/i:cycling/p:cycled/d:cycled/3:cycles,,
cylinder,'silindә,n. a solid bounded by a cylindrical surface and two parallel planes (the bases)\nn. a surface generated by rotating a parallel line around a fixed line\nn. a chamber within which piston moves\nn. a cylindrical container for oxygen or compressed air,"n. 圆筒, 圆筒状物, 汽缸, 柱面\n[计] 柱面",,2,,cet6 ky toefl ielts gre,4820,7075,s:cylinders,,
cynical,'sinikәl,s. believing the worst of human nature and motives; having a sneering disbelief in e.g. selflessness of others,"a. 愤世嫉俗的, 讽刺的, 冷嘲的",,2,,cet6 toefl ielts,6355,7052,,,
dart,dɑ:t,n. a small narrow pointed missile that is thrown or shot\nn. a tapered tuck made in dressmaking\nv. run or move very quickly or hastily\nv. move with sudden speed,"n. 飞镖, 投射\nvt. 投射\nvi. 疾走, 突进",,2,,toefl ielts gre,7799,7226,p:darted/s:darts/i:darting/3:darts/d:darted,,
database,'deitәbeis,n. an organized body of related information,n. 数据库\n[计] 数据库,,1,,gk ky ielts,2072,3638,s:databases,,
dazzle,'dæzl,"n. brightness enough to blind partially and temporarily\nv. to cause someone to lose clear vision, especially from intense light\nv. amaze or bewilder, as with brilliant wit or intellect or skill","v. (使)眼花, 炫耀\nn. 耀眼",,1,,cet6 ky toefl ielts,13863,12418,d:dazzled/p:dazzled/i:dazzling/3:dazzles/s:dazzles,,
deadline,'dedlain,n. the point in time at which something must be completed,"n. 最后期限, 截止期限\n[经] 截止日期",,3,,gk ky ielts,5295,4032,s:deadlines,,
deadly,'dedli,s. causing or capable of causing death\ns. of an instrument of certain death\ns. extremely poisonous or injurious; producing venom\ns. involving loss of divine grace or spiritual death,"a. 致命的, 致死的\nadv. 非常, 如死一般地",,2,,cet4 ky toefl ielts,6026,3513,t:deadliest/r:deadlier,,
dean,di:n,n. an administrator in charge of a division of a university or college\nn. United States film actor whose moody rebellious roles made him a cult figure (1931-1955)\nn. a man who is the senior member of a group\nn. (Roman Catholic Church) the head of the College of Cardinals,"n. 院长, 主持牧师\n[法] 外交团长, 学院院长, 教务长",,1,,cet6 ky ielts,3709,4946,s:deans,,
debate,di'beit,n. the formal presentation of a stated proposition and the opposition to it (usually followed by a vote)\nv. argue with one another\nv. discuss the pros and cons of an issue,"n. 辩论, 讨论\nv. 争论, 辩论",,4,1,gk cet4 cet6 ky toefl gre,1210,1082,s:debates/d:debated/i:debating/p:debated/3:debates,,
decade,'dekeid,n. a period of 10 years,"n. 十年, 十",,4,1,gk cet4 cet6 ky ielts,1539,730,s:decades,,
decay,di'kei,n. the process of gradually becoming inferior\nn. a gradual decrease; as of stored charge or current\nn. the organic phenomenon of rotting\nn. an inferior state resulting from the process of decaying,"n. 衰退, 腐败\nv. (使)衰退, (使)腐败",,2,1,cet4 cet6 ky toefl ielts,6007,7931,i:decaying/d:decayed/3:decays/s:decays/p:decayed,,
deceive,di'si:v,v. be false to; be dishonest with\nv. cause someone to believe an untruth,"v. 欺骗, 行骗",,1,,cet4 cet6 ky toefl ielts,6916,8388,d:deceived/i:deceiving/p:deceived/3:deceives,,
decent,'di:sәnt,s. socially or conventionally correct; refined or virtuous\na. conforming to conventions of sexual behavior\ns. decently clothed\ns. observing conventional sexual mores in speech or behavior or dress,"a. 有分寸的, 得体的, 大方的",,2,,cet4 cet6 ky toefl ielts gre,3681,3878,,,
decimal,'desimәl,n. a number in the decimal system\ns. numbered or proceeding by tens; based on ten,"a. 十进位的, 小数的\nn. 十进制, 小数\n[计] 十进制, 小数点",,,,cet6 ky toefl ielts,13168,24527,s:decimals,,
decisive,di'saisiv,a. determining or having the power to determine an outcome\ns. unmistakable\na. characterized by decision and firmness,"a. 决定性的, 坚定的, 果断的",,2,,cet6 ky,4970,6316,,,
decorate,'dekәreit,"v. make more attractive by adding ornament, colour, etc.\nv. award a mark of honor, such as a medal, to",v. 装饰,,3,1,gk cet4 cet6 ky toefl ielts gre,3957,4327,d:decorated/p:decorated/i:decorating/3:decorates,,
decrease,'di:kri:s,n. a change downward\nn. a process of becoming smaller or shorter\nn. the amount by which something decreases\nn. the act of decreasing or reducing something,"n. 减少, 减少量\nv. 减少",,2,1,gk cet4 cet6 ky toefl ielts,4237,3370,d:decreased/3:decreases/p:decreased/i:decreasing/s:decreases,,
decree,di'kri:,n. a legally binding command or decision entered on the court record (as if issued by a court or judge)\nv. issue a decree,"n. 法令, 判决, 天意\nvt. 颁布, 判决\nvi. 发布命令",,2,,cet6 toefl ielts gre,5485,8412,s:decrees/p:decreed/d:decreed/3:decrees/i:decreeing,,
dedicate,'dedikeit,"v. open to public use, as of a highway, park, or building\nv. inscribe or address by way of compliment\nv. set apart to sacred uses with solemn rites, of a church","vt. 献出, 贡献",,2,,cet6 ky toefl ielts,4671,3799,d:dedicated/p:dedicated/i:dedicating/3:dedicates,,
deduce,di'dju:s,v. reason by deduction; establish by deduction\nv. conclude by reasoning; in logic,"vt. 推论, 演绎出\n[法] 推断, 推出, 演绎",,1,,cet4 cet6 ky ielts gre,7733,13290,d:deduced/p:deduced/i:deducing/3:deduces,,
deduct,di'dʌkt,v make a subtraction\nv retain and refrain from disbursing; of payments\nv reason by deduction; establish by deduction,"vt. 扣除, 减去\n[经] 扣除, 减去, 折扣",,2,,cet6 ky ielts gre,7941,11281,d:deducted/i:deducting/p:deducted/3:deducts,,
deem,di:m,v. keep in mind or convey as a conviction or view,"v. 认为, 相信",,2,,cet6 ky toefl ielts,4164,4554,d:deemed/3:deems/p:deemed/i:deeming,,
default,di'fɒ:lt,n. loss due to not showing up\nn. act of failing to meet a financial obligation\nv. fail to pay up,"n. 违约, 不履行责任, 缺席, 默认值\nv. 疏怠职责, 缺席, 拖欠, 默认\n[计] 默认; 默认值; 缺省值",,2,,cet6 toefl ielts gre,5836,7415,s:defaults/p:defaulted/d:defaulted/i:defaulting/3:defaults,,
defeat,di'fi:t,n. an unsuccessful ending to a struggle or contest,"n. 败北, 失败\nvt. 击败, 使落空",,4,1,gk cet4 cet6 ky toefl ielts,2560,3326,d:defeated/p:defeated/s:defeats/i:defeating/3:defeats,,
defect,di'fekt,"n. an imperfection in a bodily system\nn. a failing or deficiency\nn. an imperfection in an object or machine\nv. desert (a cause, a country or an army), often in order to join the opposing cause, country, or army","n. 缺点\n[医] 缺损, 缺陷",,2,,cet4 cet6 ky toefl ielts gre,4403,5946,s:defects/p:defected/d:defected/i:defecting/3:defects,,
defendant,di'fendәnt,n. a person or institution against whom an action is brought in a court of law; the person being sued or accused,n. 被告\n[经] 被告方,,2,,cet6 ielts gre,1875,3356,s:defendants,,
defiance,di'faiәns,n. intentionally contemptuous behavior or attitude\nn. a hostile challenge\nn. a defiant act,"n. 蔑视, 挑战\n[法] 挑战, 藐视, 违抗",,2,,ielts gre,9879,9592,,,
deficiency,di'fiʃәnsi,n the state of needing something that is absent or unavailable\nn lack of an adequate quantity or number,"n. 缺乏, 不足\n[医] 缺乏, 不足",,2,,cet6 ky toefl ielts gre,5386,6360,s:deficiencies,,
deficit,'defisit,n. the property of being an amount by which something is less than expected or required\nn. a deficiency or failure in neurological or mental functioning\nn. (sports) the score by which a team or individual is losing\nn. an excess of liabilities over assets (usually over a certain period),"n. 赤字, 不足额\n[医] 短缺",,4,,cet6 ky toefl ielts gre,2918,2403,s:deficits,,
define,di'fain,v. give a definition for the meaning of a word\nv. determine the nature of\nv. show the form or outline of,"vt. 定义, 规定, 使明确\n[计] 定义",,3,1,cet4 cet6 ky,1053,1210,d:defined/i:defining/p:defined/3:defines,,
definitely,'definitli,r without question and beyond doubt,"adv. 明确无疑地, 清楚地",,3,1,cet4 cet6 toefl,2589,1991,,,
definition,.defi'niʃәn,n. a concise explanation of the meaning of a word or phrase or symbol\nn. clarity of outline,"n. 定义, 精确度, 清晰度\n[计] 清晰度; 清晰度",,3,1,cet4 cet6 ky toefl gre,1533,2110,s:definitions,,
definitive,di'finitiv,s. clearly defined or formulated\ns. supplying or being a final or conclusive settlement,"n. 限定词\na. 限定的, 决定性的",,2,,toefl ielts gre,7809,6616,s:definitives/3:definitives,,
defy,di'fai,"v. resist or confront with resistance\nv. elude, especially in a baffling way\nv. challenge","vt. 藐视, 挑衅, 使落空\nn. 挑战",,2,,cet6 ky toefl ielts gre,5975,5583,p:defied/i:defying/3:defies/d:defied,,
degenerate,di'dʒenәreit,n a person whose behavior deviates from what is acceptable especially in sexual behavior\nv grow worse\ns unrestrained by convention or morality,"a. 堕落的\nvi. 退化, 堕落\nvt. 使变质, 使退化",,1,,cet6 ky toefl ielts,11310,16007,d:degenerated/p:degenerated/i:degenerating/3:degenerates/s:degenerates,,
degrade,di'greid,"v. reduce the level of land, as by erosion\nv. lower the grade of something; reduce its worth","v. (使)降级, (使)退化",,1,,cet6 toefl ielts,11309,8440,i:degrading/d:degraded/3:degrades/p:degraded/s:degrades,,
deliberate,di'libәrәt,s. carefully thought out in advance,"a. 深思熟虑的, 故意的, 从容的\nv. 仔细考虑",,3,1,cet4 cet6 ky toefl ielts gre,4700,6343,i:deliberating/p:deliberated/d:deliberated/3:deliberates,,
delicate,'delikәt,a. exquisitely fine and subtle and pleasing; susceptible to injury\ns. marked by great skill especially in meticulous technique\ns. easily broken or damaged or destroyed\ns. easily hurt,"a. 细致优雅的, 微妙的, 美味的\n[医] 柔弱的",,2,1,gk cet4 cet6 ky toefl ielts gre,3775,3787,,,
demand,di'mɑ:nd,n. an urgent or peremptory request\nn. the ability and desire to purchase goods and services\nn. the act of demanding\nv. request urgently and forcefully,"n. 要求, 需求, 需要\nv. 要求, 查询",,5,1,gk cet4 cet6 ky gre,723,1287,s:demands/p:demanded/i:demanding/d:demanded/3:demands,,
demonstrate,'demәnstreit,v. march in protest; take part in a demonstration,"vt. 示范, 证明\nvi. 示威",,3,1,cet4 cet6 ky toefl ielts gre,1392,1379,d:demonstrated/3:demonstrates/p:demonstrated/i:demonstrating,,
denial,di'naiәl,n. the act of refusing to comply (as with a request)\nn. the act of asserting that something alleged is not true\nn. (psychiatry) a defense mechanism that denies painful thoughts,"n. 否认\n[法] 否定, 否认, 拒绝接受",,2,,cet6 ky ielts,6046,4743,s:denials,,
denote,di'nәut,v. be a sign or indication of\nv. have as a meaning,"vt. 指示, 表示",,1,,cet6 ky toefl ielts gre,6148,9748,3:denotes/d:denoted/i:denoting/p:denoted,,
denounce,di'nauns,"v. speak out against\nv. announce the termination of, as of treaties\nv. give away information about somebody","vt. 告发, 抨击, 谴责\n[法] 谴责, 斥责, 告发",,2,,cet6 ky toefl ielts gre,6102,5987,p:denounced/d:denounced/i:denouncing/3:denounces,,
dentist,'dentist,n. a person qualified to practice dentistry,n. 牙科医生\n[医] 牙医师,,2,1,zk gk cet6 ky toefl ielts,6054,6301,s:dentists,,
deny,di'nai,"v. declare untrue; contradict\nv. refuse to accept or believe\nv. refuse to grant, as of a petition or request\nv. refuse to let have","v. 否认, 拒绝",,4,1,cet4 cet6 ky toefl ielts,1258,1406,d:denied/p:denied/i:denying/3:denies,,
depict,di'pikt,"v show in, or as in, a picture\nv give a description of\nv make a portrait of","vt. 描述, 描写",,2,,cet6 ky toefl ielts gre,4373,3205,i:depicting/d:depicted/3:depicts/p:depicted,,
deport,di'pɒ:t,v behave in a certain manner\nv hand over to the authorities of another country\nv expel from a country,"vt. 举止, 驱逐出境\n[法] 放逐, 驱逐, 递解",,2,,toefl gre,12472,10824,d:deported/i:deporting/p:deported/3:deports,,
depress,di'pres,v. lower someone's spirits; make downhearted\nv. lower (prices or markets)\nv. lessen the activity or force of,"vt. 使沮丧, 压低, 降低, 使萧条\n[化] 推下",,1,1,cet4 cet6 ky toefl ielts,9471,11421,p:depressed/3:depresses/d:depressed/i:depressing,,
depression,di'preʃәn,n. a mental state characterized by a pessimistic sense of inadequacy and a despondent lack of activity\nn. a long-term economic state characterized by unemployment and low prices and low levels of trade and investment\nn. sad feelings of gloom and inadequacy\nn. a period during the 1930s when there was a worldwide economic depression and mass unemployment,"n. 不景气, 消沉, 沮丧, 洼地\n[医] 抑郁[症], 阻抑, 压低, 凹, 窝, 衰退, 俯角",,3,,cet4 cet6 ky toefl ielts gre,3114,2095,s:depressions,,
deprive,di'praiv,"v. take away possessions from someone\nv. keep from having, keeping, or obtaining\nv. take away","vt. 剥夺, 使丧失\n[法] 剥夺, 剥夺, 夺去",,2,,cet6 ky toefl ielts,4489,6202,d:deprived/i:depriving/p:deprived/3:deprives,,
derive,di'raiv,"v. obtain\nv. come from\nv. develop or evolve from a latent or potential state\nv. come from; be connected by a relationship of blood, for example",vt. 得自\nvi. 起源,,2,1,cet4 cet6 ky toefl ielts,1798,3051,d:derived/3:derives/i:deriving/p:derived,,
descend,di'send,"v. move downward and lower, but not necessarily all the way","vi. 下降, 世代相传, 屈尊, 袭击\nvt. 下降",,2,,cet4 cet6 ky toefl ielts gre,3971,4006,d:descended/p:descended/i:descending/3:descends,,
descendant,di'sendәnt,n. a person considered as descended from some ancestor or race\ns. going or coming down\ns. proceeding by descent from an ancestor,"n. 后裔, 子孙\na. 传下的, 下降的",,1,,cet6 ky toefl gre,6513,6138,s:descendants,,
descent,di'sent,n. a movement downward\nn. the act of changing your location in a downward direction\nn. the kinship relation between an individual and the individual's progenitors\nn. a downward slope or bend,"n. 降落, 家系, 侵袭, 血统\n[医] 下降, 世代, 血统",,1,,cet6 ky toefl ielts gre,5385,5454,s:descents,,
describe,di'skraib,v. give a description of,"vt. 描述, 描绘, 画",,5,1,zk gk cet4 cet6 ky,398,568,d:described/p:described/3:describes/i:describing,,
deserve,di'zә:v,v. be worthy or deserving,"vt. 该得到, 值得\nvi. 应得报答",,3,1,gk cet4 cet6 ky toefl ielts,2627,2224,3:deserves/p:deserved/d:deserved/i:deserving,,
design,di'zain,n. the act of working out the form of something (as by making a sketch or outline or plan)\nn. an arrangement scheme\nn. a decorative or artistic work\nn. a preliminary sketch indicating the plan for something,"n. 设计, 图样, 方案, 企图\nv. 设计, 计划",,5,1,gk cet4 cet6 ky toefl ielts,679,834,d:designed/s:designs/p:designed/i:designing/3:designs,,
designate,'dezigneit,v. assign a name or title to\ns. appointed but not yet installed in office,"vt. 指定, 指明, 称呼\na. 已选出而未上任的",,2,,cet6 ky toefl ielts gre,5390,5240,d:designated/p:designated/i:designating/3:designates,,
desirable,di'zairәbl,a. worth having or seeking or achieving\ns. worthy of being chosen especially as a spouse,"a. 令人想望的, 可取的",,2,,cet4 cet6 ky toefl ielts gre,3408,5313,,,
desire,di'zaiә,n. the feeling that accompanies an unsatisfied state\nn. an inclination to want things\nn. something that is desired\nv. feel or have a desire for; want strongly,"n. 欲望, 要求\nvt. 想要, 请求\nvi. 渴望",,4,1,gk cet4 cet6 ky toefl ielts,1629,1551,s:desires/d:desired/p:desired/3:desires/i:desiring,,
despise,di'spaiz,v look down on with disdain,vt. 轻视,,1,,cet4 cet6 ky toefl ielts gre,7960,9016,p:despised/d:despised/3:despises/i:despising,,
despite,di'spait,n. contemptuous disregard,"n. 轻视, 憎恨\nprep. 虽然, 尽管",,4,1,cet4 cet6 ky,686,742,,,
destination,.desti'neiʃәn,n. the ultimate goal for which something is done,"n. 目的地, 目标, 目的\n[计] 目的文件, 目的单元",,2,,gk cet4 cet6 ky toefl ielts,4309,3883,s:destinations,,
destined,,v decree or designate beforehand\nv design or destine\ns headed or intending to head in a certain direction; often used as a combining form as in `college-bound students'\ns (usually followed by `to') governed by fate,"a. 预定的, 注定的, 命定的",,2,,,0,44108,0:destine/1:dp/d:destined,,
destiny,'destini,n. an event (or a course of events) that will inevitably happen in the future\nn. the ultimate agency regarded as predetermining the course of events (often personified as a woman),"n. 命运, 定数",,2,,cet6 ky toefl ielts,6374,5162,s:destinies,,
destruction,di'strʌkʃәn,n. the termination of something by causing so much damage to it that it cannot be repaired or no longer exists\nn. an event (or the result of an event) that completely destroys something,"n. 破坏, 毁灭\n[医] 破坏",,,1,cet4 cet6 ky toefl,3111,2685,s:destructions,,
destructive,di'strʌktiv,a. causing destruction or much damage,"a. 毁灭性的, 破坏的, 有害的\n[医] 破坏的, 毁坏的",,2,,cet4 cet6 ky toefl ielts,6370,5818,,,
detach,di'tætʃ,"v. cause to become detached or separated; take off\nv. separate (a small unit) from a larger, especially for a special assignment\nv. come to be detached","vt. 使分离, 分遣\n[机] 摘下, 分离, 卸下",,1,,cet6 ky toefl ielts gre,7536,10420,d:detached/p:detached/i:detaching/3:detaches,,
detail,'di:teil,n. an isolated fact that is considered separately from the whole\nn. a small part that can be considered separately from the whole\nn. extended treatment of particulars\nn. a crew of workers selected for a particular task,"n. 细节, 详情\nvt. 详述, 选派\nvi. 画详图\n[计] 详细数据",,4,1,cet4 cet6 ky ielts,566,997,s:details/i:detailing/d:detailed/p:detailed/3:details,,
detain,di'tein,v deprive of freedom; take into confinement\nv stop or halt\nv cause to be slowed down or delayed,"vt. 扣留, 扣押, 耽搁\n[法] 拘留, 扣押, 留住",,2,,cet6 ky toefl ielts gre,6059,7558,d:detained/i:detaining/p:detained/3:detains,,
detect,di'tekt,"v. discover or determine the existence, presence, or fact of","vt. 发现, 察觉, 探测\n[法] 发现, 查明, 探测",,2,,cet4 cet6 ky toefl ielts,2502,2763,d:detected/i:detecting/p:detected/3:detects,,
detection,di'tekʃәn,n. the perception that something has occurred or some state exists\nn. the act of detecting something; catching sight of something\nn. a police investigation to determine the perpetrator,"n. 发现, 察觉, 探测\n[计] 检波; 检测",,1,,cet4 cet6 gre,6133,6216,s:detections,,
detective,di'tektiv,n. a police officer who investigates crimes\nn. an investigator engaged or employed in obtaining information not easily available to the public,n. 侦探\na. 侦探的,,3,,gk cet6 ky toefl ielts,2906,3793,s:detectives,,
deteriorate,di'tiәriәreit,v. become worse or disintegrate,v. (使)恶化,,2,,cet6 ky toefl ielts gre,6333,7587,p:deteriorated/d:deteriorated/3:deteriorates/i:deteriorating,,
deviate,'di:vieit,v. turn aside; turn away from\nv. be at variance with; be out of line with\nv. cause to turn away from a previous or expected course,"vi. 脱离, 偏离\nvt. 使偏离\na. 脱离常规的\nn. 脱离常规的人",,1,,cet6 ky toefl ielts gre,11974,13796,p:deviated/i:deviating/3:deviates/d:deviated/s:deviates,,
device,di'vais,n. an instrumentality invented for a particular purpose\nn. something in an artistic work designed to achieve a particular effect\nn. any clever maneuver\nn. any ornamental pattern or design (as in embroidery),"n. 装置, 设计, 策略, 发明物, 设备\n[计] 设备; DOS内部命令:该命令要求DOS安装一个设备驱动程序",,3,1,cet4 cet6 ky toefl,1825,1507,s:devices,,
devise,di'vaiz,"n. a will disposing of real property\nn. (law) a gift of real property by will\nv. give by will, especially real property","vt. 设计, 发明, 图谋, 遗赠给\nn. 遗赠",,2,,cet4 cet6 ky toefl ielts gre,3220,4960,d:devised/i:devising/p:devised/3:devises,,
devote,di'vәut,v. set aside or apart for a specific purpose or use,"vt. 投入于, 献身",,2,1,gk cet4 cet6 ky toefl ielts,3407,3225,p:devoted/d:devoted/i:devoting/3:devotes,,
diagnose,'daiәgnәuz,v. determine or distinguish the nature of a problem or an illness through a diagnostic analysis\nv. subject to a medical analysis,v. 诊断,,2,,cet6 ky toefl ielts gre,5714,3832,d:diagnosed/p:diagnosed/i:diagnosing/3:diagnoses/s:diagnoses,,
dictate,'dikteit,n. an authoritative rule\nn. a guiding principle\nv. say out loud for the purpose of recording\nv. rule as a dictator,"vi. 听写, 口述, 口授\nvt. 口述, 使听写, 命令\nn. 命令, 指挥, 指令",,2,,cet4 cet6 ky toefl ielts gre,4665,4933,d:dictated/3:dictates/p:dictated/s:dictates/i:dictating,,
differentiate,.difә'renʃieit,v. calculate a derivative; take the derivative\nv. become different during development\nv. become distinct and acquire a different character,"v. 区别, 区分",,2,,ky toefl ielts gre,5138,6387,d:differentiated/p:differentiated/3:differentiates/i:differentiating/s:differentiates,,
diffuse,di'fju:z,v. move outward\ns. spread out; not concentrated in one place\ns. lacking conciseness,"v. 散播, 传播\na. 散开的, 弥漫的",,1,,cet6 ky toefl ielts gre,11715,12366,d:diffused/3:diffuses/i:diffusing/p:diffused,,
digest,di'dʒest,n. a periodical that summarizes the news\nv. convert food into absorbable substances\nv. arrange and integrate in the mind\nv. put up with something or somebody unpleasant,"n. 文摘\nvi. 消化\nvt. 消化, 理解\n[计] 摘要",,2,,gk cet4 cet6 ky toefl ielts,7573,9447,d:digested/i:digesting/p:digested/3:digests,,
dignity,'digniti,n. the quality of being worthy of esteem or respect\nn. formality in bearing and appearance\nn. high office or rank or station,"n. 尊严, 高贵\n[法] 尊严, 高位, 高贵",,2,,gk cet6 ky toefl ielts gre,4745,4100,s:dignities,,
dilemma,di'lemә,n. state of uncertainty or perplexity especially as requiring a choice between equally unfavorable options,"n. 困境, (进退两难的)窘境",,2,,gk cet6 ky toefl ielts gre,4551,4118,s:dilemmas,,
diligent,'dilidʒәnt,s. quietly and steadily persevering especially in detail or exactness\na. characterized by care and perseverance in carrying out tasks,"a. 勤勉的, 用功的",,1,,cet4 cet6 ky toefl ielts,18419,14139,,,
dilute,dai'lju:t,v. lessen the strength or flavor of a solution or mixture,"vt. 冲淡, 稀释\na. 淡的, 稀释的",,2,,cet6 ky toefl ielts gre,7662,9506,d:diluted/p:diluted/i:diluting/3:dilutes,,
dim,dim,v. switch (a car's headlights) from a higher to a lower beam\nv. become dim or lusterless\nv. make dim or lusterless\ns. lacking in light; not bright or harsh,"a. 暗淡的, 模糊的\nvt. 使暗淡\n[计] 数据解释模块",,2,,cet4 cet6 ky toefl ielts gre,7081,5733,d:dimmed/r:dimmer/p:dimmed/i:dimming/t:dimmest/3:dims,,
dimension,dai'menʃәn,n. the magnitude of something in a particular direction (especially length or width or height)\nn. one of three Cartesian coordinates that determine a position in space\nv. indicate the dimensions on\nv. shape or form to required dimensions,"n. 尺寸, 次元, 面积, 维数\nvt. 标出尺寸",,2,,gk cet4 cet6 ky toefl ielts gre,2699,2420,s:dimensions/d:dimensioned/i:dimensioning/p:dimensioned/3:dimensions,,
diminish,di'miniʃ,"v. lessen the authority, dignity, or reputation of","v. (使)减少, (使)变小",,2,,cet6 ky toefl ielts,4526,3958,d:diminished/3:diminishes/i:diminishing/p:diminished,,
dine,dain,v. have supper; eat dinner\nv. give dinner to; host for dinner,"vi. 用正餐, 进餐\nvt. 宴请",,2,,gk cet6 ky ielts,7900,7360,p:dined/i:dining/d:dined/3:dines,,
diploma,di'plәumә,n. a document certifying the successful completion of a course of study,"n. 文凭, 毕业证书\n[医] 文凭",,1,,gk cet6 ky ielts,6259,8453,s:diplomas,,
diplomat,'diplәmæt,n. an official engaged in international negotiations\nn. a person who deals tactfully with others,"n. 外交官, 有外交手腕的人\n[法] 外交家, 外交官, 有权谋的人",,3,,ky ielts,6153,4918,s:diplomats,,
directory,di'rektәri,n. an alphabetical list of names and addresses\nn. (computer science) a listing of the files stored in memory (usually on a hard disk),"n. 目录, 工商名录, 指南\n[计] 目录",,2,,gk cet6 ky ielts,3680,8211,s:directories,,
disable,dis'eibl,v. make unable to perform a certain action\nv. injure permanently,"vt. 使失去能力, 使残废, (律)使无资格\n[计] 使无效, 禁止, 关闭",,1,,cet4 cet6 ky ielts,11465,11005,d:disabled/p:disabled/i:disabling/3:disables,,
disaster,di'zɑ:stә,n. an act that has disastrous consequences,"n. 灾祸, 不幸, 彻底失败",,3,1,gk cet4 cet6 ky toefl ielts gre,2466,2321,s:disasters,,
disastrous,di'zɑ:strәs,s (of events) having extremely unfortunate or dire consequences; bringing ruin,"a. 损失惨重的, 悲伤的",,2,,cet6 ky toefl,5261,7241,,,
discard,dis'kɑ:d,n. anything that is cast aside or discarded\nn. (cards) the act of throwing out a useless card or of failing to follow suit\nn. getting rid something that is regarded as useless or undesirable\nv. throw or cast away,"vt. 丢弃, 抛弃\nvi. 垫牌\nn. 垫牌, 抛弃",,2,,cet4 cet6 ky toefl ielts gre,5943,5416,d:discarded/p:discarded/i:discarding/3:discards/s:discards,,
discern,di'zә:n,v detect with the senses,"v. 辨别, 看清楚, 了解",,1,,cet6 ky toefl ielts gre,8773,7711,d:discerned/p:discerned/3:discerns/i:discerning,,
discharge,dis'tʃɑ:dʒ,n. the sudden giving off of energy\nn. the act of venting\nn. a substance that is emitted or released\nn. any of several bodily processes by which substances go out of the body,"vt. 卸下, 放出, 解雇, 拔染, 履行, 放电\nvi. 卸货, 流出\nn. 卸货, 流出, 放电",,2,,cet4 cet6 ky toefl ielts gre,4314,6214,d:discharged/s:discharges/i:discharging/3:discharges/p:discharged,,
discipline,'disiplin,n. a branch of knowledge\nn. a system of rules of conduct or method of practice; \nn. the trait of being well behaved\nn. training to improve strength or self-control,"n. 训练, 纪律\nvt. 训练, 惩罚",,3,1,cet4 cet6 ky toefl ielts gre,1450,2278,s:disciplines/d:disciplined/i:disciplining/3:disciplines/p:disciplined,,
disclose,dis'klәuz,v. disclose to view as by removing a cover,"vt. 揭露, 透露\n[法] 揭发, 揭露, 公开",,3,,cet4 cet6 ky ielts gre,3879,4420,d:disclosed/i:disclosing/p:disclosed/3:discloses,,
discount,'diskaunt,n. the act of reducing the selling price of merchandise\nv. give a reduction in price on,"n. 折扣, 贴现率\nvt. 打折扣\nvi. 贴现",,3,1,gk cet4 cet6 ky toefl ielts gre,3143,4504,s:discounts/d:discounted/i:discounting/p:discounted/3:discounts,,
discreet,dis'kri:t,a. marked by prudence or modesty and wise self-restraint,"a. 小心的, 慎重的",,2,,ky toefl ielts gre,7680,11161,t:discreetest,,
discrepancy,dis'krepәnsi,n. a difference between conflicting facts or claims or opinions\nn. an event that departs from expectations,"n. 不符合, 差异, 不相符之处\n[化] 不符值; 偏差值",,1,,cet6 ky ielts gre,7003,6872,s:discrepancies,,
discrete,dis'kri:t,s. constituting a separate entity or part,"a. 不连续的, 离散的\n[计] 离散的",,,,cet6 toefl ielts gre,9082,9847,s:discretes,,
discriminate,dis'krimineit,v. recognize or perceive the difference\nv. treat differently on the basis of sex or race\nv. distinguish\na. marked by the ability to see or make fine distinctions,"v. 区别, 差别待遇",,1,,ky toefl ielts gre,6572,6782,d:discriminated/i:discriminating/3:discriminates/p:discriminated,,
disease,di'zi:z,n. an impairment of health or a condition of abnormal functioning,"n. 疾病, 弊病\n[医] [疾]病",,4,1,zk gk cet4 cet6 ky ielts,931,775,s:diseases,,
disguise,dis'gaiz,n. an outward semblance that misrepresents the true nature of something\nn. any attire that modifies the appearance in order to conceal the wearer's identity\nn. the act of concealing the identity of something by modifying its appearance\nv. make unrecognizable,"n. 假面目, 假装\nvt. 假装, 隐瞒",,2,,cet4 cet6 ky ielts gre,5545,7364,d:disguised/i:disguising/p:disguised/3:disguises/s:disguises,,
disgust,dis'gʌst,n. strong feelings of dislike\nv. fill with distaste\nv. cause aversion in; offend the moral sense of,"n. 厌恶, 嫌恶\nvi. 令人厌恶\nvt. 使作呕",,2,1,cet4 cet6 ky toefl ielts gre,7868,7464,d:disgusted/p:disgusted/3:disgusts/i:disgusting,,
dismay,dis'mei,v. fill with apprehension or alarm; cause to be unpleasantly surprised,"n. 沮丧\nvt. 使惊愕, 使气馁",,2,,cet6 ky toefl ielts gre,7726,9018,p:dismayed/d:dismayed/i:dismaying/s:dismays/3:dismays,,
dismiss,dis'mis,v. bar from attention or consideration\nv. cease to consider; put out of judicial consideration\nv. stop associating with\nv. end one's encounter with somebody by causing or permitting the person to leave,"vt. 解散, 开除, 解职\nvi. 解散\n[计] 解散",,4,1,zk gk cet4 cet6 ky toefl ielts,2100,2802,d:dismissed/p:dismissed/i:dismissing/3:dismisses,,
disorder,dis'ɒ:dә,n. a physical condition in which there is a disturbance of normal functioning\nn. a disturbance of the peace or of public order\nv. bring disorder to,"n. 杂乱, 混乱\nvt. 扰乱, 使失调",,2,,cet4 cet6 ky ielts,3061,2368,s:disorders/d:disordered/i:disordering/p:disordered/3:disorders,,
dispatch,dis'pætʃ,n. an official report (usually sent in haste)\nn. the act of sending off something\nn. the property of being prompt and efficient\nn. killing a person or animal,"vt. 派遣\nn. 派遣, 急件\n[计] 调度",,2,,cet6 toefl ielts gre,8486,7363,d:dispatched/p:dispatched/s:dispatches/i:dispatching/3:dispatches,,
disperse,dis'pә:s,v. to cause to separate and go in different directions\nv. move away from each other; \nv. separate (light) into spectral rays,"vt. 分散, 传播, 散开\nvi. 分散\na. 分散的\n[计] 分散",,2,,cet6 ky toefl ielts gre,5981,7421,d:dispersed/i:dispersing/3:disperses/p:dispersed,,
displace,dis'pleis,"v. cause to move, usually with force or pressure\nv. terminate the employment of; discharge from an office or position","vt. 移置, 替换, 转移",,2,,cet6 ky toefl ielts gre,6936,6789,d:displaced/i:displacing/p:displaced/3:displaces/s:displaces,,
display,dis'plei,n. something intended to communicate a particular impression\nn. something shown to the public\nn. a visual representation of something\nn. behavior that makes your feelings public,"n. 显示, 陈列, 炫耀, 显示器\nvt. 陈列, 显示, 表现, 夸示\n[计] 显示器; 显示",,4,1,cet4 cet6 ky toefl ielts,1683,2092,d:displayed/s:displays/i:displaying/3:displays/p:displayed,,
disposal,dis'pәuzәl,n. the power to use something or someone\nn. the act or means of getting rid of something\nn. a kitchen appliance for disposing of garbage,"n. 丢掉, 处理, 排列, 销毁, 布置\n[医] 处理, 处置",,2,,cet4 cet6 ky toefl ielts gre,3208,5580,s:disposals,,
dispose,dis'pәuz,"v. give, sell, or transfer to another\nv. make receptive or willing towards an action or attitude or belief\nv. place or put in a particular order","vt. 处理, 排列, 布置\nvi. 处置",,2,,cet4 cet6 ky toefl ielts gre,4101,6900,i:disposing/d:disposed/p:disposed/3:disposes,,
disposition,.dispә'ziʃәn,n. your usual mood\nn. a natural or acquired habit or characteristic tendency in a person or thing,"n. 性情, 处置, 处理, 布置\n[医] 素因, 性情",,1,,cet6 ky toefl ielts gre,6086,7219,s:dispositions,,
disregard,.disri'gɑ:d,n. lack of attention and due care\nn. willful lack of care and attention,"n. 忽视, 漠视\nvt. 忽视, 不顾",,1,,cet6 ky toefl ielts gre,7532,9174,d:disregarded/i:disregarding/p:disregarded/3:disregards/s:disregards,,
disrupt,dis'rʌpt,v. throw into disorder,"a. 分裂的, 中断的\nvt. 使分裂, 使瓦解",,2,,cet6 ky toefl ielts gre,5953,5307,d:disrupted/i:disrupting/3:disrupts/p:disrupted,,
dissipate,'disipeit,"v. live a life of pleasure, especially with respect to alcoholic consumption","vt. 散失, 驱散, 浪费\nvi. 消散, 放荡",,1,,cet6 ky toefl ielts gre,11497,9775,d:dissipated/p:dissipated/3:dissipates/i:dissipating,,
distill,dis'til,v. undergo the process of distillation\nv. extract by the process of distillation\nv. give off (a liquid),vt. 蒸馏\nvi. 滴下,,,,ky toefl gre,0,23567,3:distills/i:distilling/p:distilled/d:distilled,,
distinct,dis'tiŋkt,s. (often followed by `from') not alike; different in nature or quality\na. easy to perceive; especially clearly outlined\ns. recognizable; marked,"a. 清楚的, 显著的, 不同的",,2,,cet4 cet6 ky toefl ielts gre,2609,3254,,,
distinguish,dis'tiŋgwiʃ,"v. mark as different\nv. be a distinctive feature, attribute, or trait; sometimes in a very positive sense","v. 区别, 辨别",,2,1,gk cet4 cet6 ky toefl ielts,2265,3246,d:distinguished/3:distinguishes/i:distinguishing/p:distinguished,,
distort,dis'tɒ:t,v make false by mutilation or addition; as of a message or story\nv form into a spiral shape\nv twist and press out of shape\nv affect as in thought or feeling\nv alter the shape of (something) by stress,"vt. 扭曲, 歪曲\n[法] 歪区, 曲解, 纂改",,2,,cet6 ky toefl ielts gre,5932,6622,d:distorted/3:distorts/i:distorting/p:distorted,,
distract,dis'trækt,v. draw someone's attention away from something,"vt. 转移, 分心, 使发狂",,1,,cet6 ky toefl ielts gre,5958,4498,d:distracted/i:distracting/p:distracted/3:distracts,,
distribution,.distrә'bju:ʃәn,"n. (statistics) an arrangement of values of a variable showing their observed or theoretical frequency of occurrence\nn. the spatial or geographic property of being scattered about over a range, area, or volume\nn. the act of distributing or spreading or apportioning\nn. the commercial activity of transporting and selling goods from a producer to a consumer",n. 分配\n[计] 分布,,3,1,cet4 cet6 toefl ielts,1456,2373,s:distributions,,
disturbance,dis'tә:bәns,n. an unhappy and worried mental state\nn. a disorderly outburst or tumult\nn. the act of disturbing something or someone; setting something in motion,"n. 扰乱, 不安, 忧虑\n[化] 扰动; 干扰; 失调",,2,,cet6 ky toefl ielts,4293,6265,s:disturbances,,
diverse,dai'vә:s,s. distinctly dissimilar or unlike,"a. 不同的, 变化多的",,2,,gk cet4 cet6 ky toefl ielts gre,4813,2813,,,
diversion,dai'vә:ʒәn,n. an activity that diverts or amuses or stimulates\nn. a turning aside (of your course or attention or concern)\nn. an attack calculated to draw enemy defense away from the point of the principal attack,n. 转移\n[医] 转向,,1,,cet6 ky toefl ielts,6956,7508,s:diversions,,
divert,dai'vә:t,"v. send on a course or in a direction different from the planned or intended one\nv. withdraw (money) and move into a different location, often secretly and with dishonest intentions","vt. 转移, 使欢娱\nvi. 转移",,2,,cet6 ky toefl ielts gre,4924,5673,d:diverted/i:diverting/p:diverted/3:diverts,,
divine,di'vain,"v. perceive intuitively or through some inexplicable perceptive powers\nv. search by divining, as if with a rod\ns. emanating from God\ns. being or having the nature of a god; 'tis God-like to create""-J.G.Saxe","a. 神的, 神圣的, 非凡的\nn. 神学家",,2,,cet6 ky ielts gre,4739,4052,d:divined/s:divines/p:divined/i:divining/3:divines/r:diviner,,
divorce,di'vɒ:s,n. the legal dissolution of a marriage\nv. get a divorce; formally terminate a marriage,n. 离婚\nvt. 与...离婚,,3,1,gk cet4 cet6 ky toefl ielts,3853,2978,d:divorced/p:divorced/s:divorces/i:divorcing/3:divorces,,
dizzy,'dizi,v. make dizzy or giddy\ns. having or causing a whirling sensation; liable to falling,"a. 晕眩的, 眼花缭乱的\nvt. 使晕眩",,2,,gk cet6 ky toefl ielts,9951,8740,p:dizzied/r:dizzier/d:dizzied/i:dizzying/3:dizzies,,
dock,dɒk,"n. an enclosure in a court of law where the defendant sits during the trial\nn. any of certain coarse weedy plants with long taproots, sometimes used as table greens or in folk medicine\nn. a platform where trucks or trains can be loaded or unloaded\nn. landing in a harbor next to a pier where ships are loaded and unloaded or repaired; may have gates to let water in or out","n. 码头, 船坞, 被告席, 尾巴的骨肉部分\nvt. 使靠码头, 使(船)进港, 剪短\nvi. 进港",,2,,cet4 cet6 ky ielts gre,3530,4912,s:docks/d:docked/p:docked/i:docking/3:docks,,
doctrine,'dɒktrin,n. a belief (or system of beliefs) accepted as authoritative by some group or school,"n. 教条, 学说\n[医] 学说",,2,,cet6 toefl ielts gre,3606,3746,s:doctrines,,
dodge,dɒdʒ,n. a quick evasive movement\nn. a statement that evades the question by cleverness or trickery\nv. make a sudden movement in a new direction so as to avoid\nv. move to and fro or from place to place usually in an irregular course,"v. 避开, 躲避\nn. 诡计, 躲藏",,2,,toefl ielts gre,8830,6931,i:dodging/p:dodged/3:dodges/d:dodged/s:dodges,,
dole,dәul,n. a share of money or food or clothing that has been charitably given\nn. money received from the state,"n. 救济品, 失业救济金\nvt. 发放救济",,2,,ielts,8815,13250,p:doled/s:doles/d:doled/i:doling/3:doles,,
dolphin,'dɒlfin,n. any of various small toothed whales with a beaklike snout; larger than porpoises,n. 海豚,,2,,toefl,4232,8137,s:dolphins,,
domain,dәu'mein,n. territory over which rule or control is exercised\nn. (mathematics) the set of values of the independent variable for which a function is defined,"n. 领域, 领土, 产业, 范围\n[计] 域, 区域, 支配命令",,1,,cet6 ky toefl ielts gre,3345,3627,s:domains,,
dome,dәum,n. a concave shape whose distinguishing characteristic is that the concavity faces downward\nn. a stadium that has a roof\nn. a hemispherical roof,n. 圆顶\nvt. 加圆顶\nvi. 成圆顶状,,2,,cet6 ky ielts gre,6106,5005,s:domes/p:domed/d:domed,,
domestic,dәu'mestik,n. a servant who is paid to perform menial tasks around the household\na. of concern to or concerning the internal affairs of a nation\na. of or relating to the home\na. of or involving the home or family,"a. 家庭的, 国内的, 驯养的\n[医] 家庭的, 家用的",,4,1,cet4 cet6 ky toefl ielts,1381,1547,s:domestics,,
dominant,'dɒminәnt,n. (music) the fifth note of the diatonic scale\na. exercising influence or control\na. (of genes) producing the same phenotype whether its allele is identical or dissimilar,"a. 占优势的, 支配的\n[医] 优性的, 显性的",,3,,cet6 ky toefl ielts gre,2719,3174,s:dominants,,
dominate,'dɒmineit,v. be in control\nv. have dominance or the power to defeat over\nv. look down on,"v. 支配, 占优势",,4,1,cet4 cet6 ky toefl ielts gre,2041,2312,d:dominated/p:dominated/3:dominates/i:dominating,,
donate,'dәuneit,v. give to a charity or good cause,v. 捐赠,,2,,cet6 ky toefl ielts gre,5660,4095,d:donated/p:donated/i:donating/3:donates,,
donation,dәu'neiʃәn,n a voluntary gift (as of money or service or ideas) made to some worthwhile cause\nn act of giving in common with others for a common purpose especially to a charity,"n. 捐赠物, 捐款, 捐赠\n[经] 赠品, 捐款, 捐赠",,,,toefl ielts,4749,4336,s:donations,,
doom,du:m,n. an unpleasant or disastrous destiny\nv. make certain of the failure or destruction of,"n. 厄运, 不幸, 法律, 宣告, 判决, 死亡\nvt. 命中注定, 判决",,1,,cet6 ky toefl ielts,8436,7469,d:doomed/i:dooming/s:dooms/p:doomed/3:dooms,,
doubtless,'dautlis,r without doubt; certainly,"a. 无疑的, 确定的\nadv. 无疑地, 确定地",,1,,cet4 cet6 ielts,6022,12222,,,
draft,dræft. drɑ:ft,n. a document ordering the payment of money; drawn by one person or bank on another\nn. a current of air (usually coming into a chimney or room or vehicle)\nn. a preliminary sketch of a design or picture\nn. a serving of drink (usually alcoholic) drawn from a keg,"n. 气流, 草稿, 汇票, 草案\nvt. 起草, 征兵\n[计] 草稿",,3,1,gk cet4 cet6 ky toefl ielts gre,2834,2624,d:drafted/i:drafting/s:drafts/p:drafted/3:drafts,,
drag,dræg,n. the phenomenon of resistance to motion through a fluid\nn. something that slows or delays progress\nn. something tedious and boring\nn. clothing that is conventionally worn by the opposite sex (especially women's clothing when worn by a man),"n. 拖, 拖累\nv. 拖累, 拖拉, 沉重缓慢地走, 拖动\n[计] 拖动",,3,1,gk cet4 cet6 ky toefl,2538,2127,p:dragged/i:dragging/d:dragged/3:drags/s:drags,,
drain,drein,n. emptying something accomplished by allowing liquid to run out of it\nn. tube inserted into a body cavity (as during surgery) to remove unwanted material\nn. a pipe through which liquid is carried away\nn. a gradual depletion of energy or resources,"n. 排水沟, 消耗, 排水\nvt. 排出, 喝光, 耗尽\nvi. 排水, 流干",,3,,cet4 cet6 ky toefl ielts gre,3935,3601,s:drains/d:drained/i:draining/p:drained/3:drains,,
drainage,'dreinidʒ,n emptying something accomplished by allowing liquid to run out of it,"n. 排水\n[医] 引流[法], 导液[法], 排水[设备]",,1,,cet6 toefl ielts gre,5718,7695,s:drainages,,
dramatic,drә'mætik,a. suitable to or characteristic of drama\ns. sensational in appearance or thrilling in effect\na. pertaining to or characteristic of drama\na. used of a singer or singing voice that is marked by power and expressiveness and a histrionic or theatrical style,"a. 戏剧性的, 生动的",,4,1,cet4 cet6 ky toefl ielts,2242,2119,s:dramatics,,
drastic,'dræstik,s. forceful and extreme and rigorous,"a. 激烈的\n[医] 峻泻药, 剧烈的",,2,,cet6 ky toefl ielts gre,6859,8118,,,
drawback,'drɒ:bæk,n. the quality of being a hindrance,"n. 缺点, 退税\n[法] 退款, 退税",,1,,gk cet6 ky toefl ielts,7710,8563,s:drawbacks,,
dread,dred,n fearful expectation or anticipation\nv be afraid or scared of; be frightened of\ns causing fear or dread or terror,"n. 恐惧, 可怕的人(或事)\na. 可怕的, 可怖的\nv. 恐惧, 害怕",,2,,cet4 cet6 ky toefl ielts,8728,9181,p:dreaded/i:dreading/d:dreaded/3:dreads/s:dreads,,
dreadful,'dredful,s. very unpleasant,a. 可怕的,,2,,cet6 toefl ielts,4571,9280,,,
drill,dril,"n. a tool with a sharp point and cutting edges for making holes in hard materials (usually rotating rapidly or by repeated blows)\nn. similar to the mandrill but smaller and less brightly colored\nn. (military) the training of soldiers to march (as in ceremonial parades) or to perform the manual of arms\nv. train in the military, e.g., in the use of weapons","n. 钻孔机, 钻子, 播种机, 粗斜纹布\nv. 训练, 钻孔",,2,,gk cet4 cet6 ky toefl ielts gre,5299,4760,i:drilling/s:drills/d:drilled/p:drilled/3:drills,,
drought,draut,n. a shortage of rainfall\nn. a prolonged shortage,"n. 干旱, 缺乏",,2,,cet4 cet6 ky toefl ielts gre,7206,5353,s:droughts,,
dual,'dju:әl,s. a grammatical number category referring to two items or units as opposed to one item (singular) or more than two items (plural),"a. 双重的, 双的\nn. 双数",,2,,toefl ielts gre,5018,5602,s:duals,,
dub,dʌb,n. the new sounds added by dubbing\nv. give a nickname to\nv. provide (movies) with a soundtrack of a foreign language,"vt. 配音, 轻点, 授予称号, 击\nn. 一下击鼓声, 笨蛋",,2,,ielts,7725,6064,d:dubbed/p:dubbed/i:dubbing/3:dubs/s:dubs,,
dubious,'dju:biәs,s. not convinced,"a. 可疑的, 不确定的",,2,,cet6 ky toefl ielts gre,6855,7599,,,
duplicate,'dju:plikeit,n. a copy that corresponds to an original exactly\nv. make or do or perform again\nv. make a duplicate or duplicates of\ns. identically copied from an original,"n. 副本, 复本, 复制品\na. 复制的, 二重的\nvt. 复制, 使加倍\n[计] 复制",,1,,cet6 ky toefl ielts,11219,9237,d:duplicated/s:duplicates/i:duplicating/p:duplicated/3:duplicates,,
dwarf,dwɒ:f,n. a person who is markedly small\nn. a plant or animal that is atypically small\nv. check the growth of,"n. 矮子, 侏儒\nv. (使)变矮小",,2,,cet6 ky toefl ielts gre,6218,6855,s:dwarfs/d:dwarfed/p:dwarfed/3:dwarfs/i:dwarfing,,
dwell,dwel,v. originate (in)\nv. exist or be situated within,"vi. 居住, 居住(于), 存在(于)",,1,,cet6 ky toefl ielts,7576,7180,d:dwelt/3:dwells/p:dwelt/i:dwelling,,
eagle,'i:gl,n. any of various large keen-sighted diurnal birds of prey noted for their broad wings and strong soaring flight\nn. (golf) a score of two strokes under par on a hole\nn. a former gold coin in the United States worth 10 dollars\nn. an emblem representing power,"n. 鹰, 鹰状标饰",,2,,gk cet4 cet6 ky ielts,3850,45890,s:eagles/p:eagled/d:eagled/i:eagling/3:eagles,,
Easter,'i:stә,n. a Christian celebration of the Resurrection of Christ; celebrated on the Sunday following the first full moon after the vernal equinox,n. 复活节,,2,,gk ky ielts,40125,5893,s:easters,,
eccentric,ik'sentrik,n. a person with an unusual or odd personality\na. not having a common center; not concentric,"n. 怪人, 偏心圆\na. 古怪的, 反常的, 不同圆心的",,2,,cet6 ky toefl ielts gre,7670,8531,s:eccentrics,,
eclipse,i'klips,n. one celestial body obscures another\nv. cause an eclipse of (a celestial body) by intervention,"n. 日食, 月食, (地位名誉等的)消失\nvt. 引起日食, 引起月食, 使黯然失色",,1,,cet6 ky toefl ielts,12521,7609,d:eclipsed/s:eclipses/p:eclipsed/i:eclipsing/3:eclipses,,
ecology,i:'kɒlәdʒi,n. the environment as it relates to living organisms\nn. the branch of biology concerned with the relations between organisms and their environment,"n. 生态学, 社会生态学\n[化] 生态学",,1,,gk cet6 ky toefl ielts,8093,6425,s:ecologies,,
economic,.i:kә'nɒmik,"a. of or relating to an economy, the system of production and management of material wealth\na. of or relating to the science of economics\ns. using the minimum of time or resources necessary for effectiveness\ns. concerned with worldly necessities of life (especially money)","a. 经济上的, 实用的, 节省的\n[经] 经济的",,5,1,cet4 cet6 ky toefl ielts,402,453,,,
economical,.i:kә'nɒmikәl,s. avoiding waste,"a. 节俭的, 经济的, 合算的\n[经] 经济的, 节约的",,1,,cet4 cet6 ky toefl ielts gre,8485,11250,,,
economy,i'kɒnәmi,n. the system of production and distribution and consumption\nn. the efficient use of resources\nn. frugality in the expenditure of money or resources\nn. an act of economizing; reduction in cost,"n. 经济, 理财, 节约\n[医] 经济, 整体",,5,1,cet4 cet6 ky ielts,817,645,s:economies,,
edible,'edibl,a. suitable for use as food,"n. 食品, 食物\na. 可食用的",,1,,cet6 ky toefl ielts,14788,10611,s:edibles,,
effective,i'fektiv,a. producing or capable of producing an intended result or having a striking effect\ns. able to accomplish a purpose; functioning effectively\ns. works well as a means or remedy\ns. exerting force or influence,"a. 有效的, 有力的, 实际的\nn. 有生力量",,4,1,cet4 cet6 ky toefl ielts,1007,1133,,,
efficiency,i'fiʃәnsi,n. the ratio of the output to the input of any system\nn. skillfulness in avoiding wasted time and effort,"n. 效率, 效能, 功效\n[医] 效率, 效力",,2,,cet4 cet6 ky toefl,2306,3047,s:efficiencies,,
efficient,i'fiʃәnt,a. being effective without wasting time or effort or expense,"a. 有效率的, 能干的",,3,1,cet4 cet6 ky toefl ielts,2196,2998,,,
ego,'egәu. 'i:gәu,n. an inflated feeling of pride in your superiority to others\nn. (psychoanalysis) the conscious mind,n. 自我\n[医] 自我,,2,,cet6 ky ielts,5737,4775,s:egos,,
eject,i'dʒekt,"v. put out or expel from a place\nv. leave an aircraft rapidly, using an ejection seat or capsule","vt. 逐放, 放逐, 喷射\n[化] 排出",,1,,cet6 ky toefl ielts,11234,10924,d:ejected/p:ejected/i:ejecting/3:ejects,,
elaborate,i'læbәreit,"v. add details, as to an account or idea; clarify the meaning of and discourse in a learned way, usually in writing\nv. produce from basic elements or sources; change into a more developed product\nv. work out in detail\ns. marked by complexity and richness of detail","a. 精细的, 详尽的, 精心计划(或制作)的\nvt. 详细地说明, 用心地制作, 发挥\nvi. 变复杂, 作详细说明",,2,,cet4 cet6 ky toefl ielts gre,4707,4630,d:elaborated/p:elaborated/i:elaborating/3:elaborates,,
elapse,i'læps,v. pass by,"vi. 逝去, 过去\nn. 逝去, 过去",,1,,cet6 ky toefl ielts,9627,16721,d:elapsed/p:elapsed/3:elapses/i:elapsing,,
elastic,i'læstik,n. a fabric made of yarns containing an elastic material\na. capable of resuming original shape after stretching or compression; springy\ns. able to adjust readily to different conditions,"n. 松紧带, 橡皮筋\na. 有弹性的, 能伸缩的, 可通融的",,1,,cet4 cet6 ky ielts,9955,11772,s:elastics,,
electric,i'lektik,n. a car that is powered by electricity\na. using or providing or producing or transmitting or operated by electricity\ns. (of a situation) exceptionally tense\ns. affected by emotion as if by electricity; thrilling,"a. 电的, 导电的, 电动的\n[医] 电的",,3,1,zk gk cet4 cet6 ky,2469,2696,s:electrics,,
electrical,i'lektrikәl,a. relating to or concerned with electricity,"a. 电的, 有关电的\n[医] 电的",,2,1,gk cet4 cet6 ky ielts,3190,3789,s:electricals,,
electrician,.ilek'triʃәn,n. a person who installs or repairs electrical or telephone lines,"n. 电学家, 电气技师, 电工\n[化] 电工; 电气工人",,1,,cet6 ky ielts,11372,13255,s:electricians,,
electricity,.ilek'trisiti,n. a physical phenomenon associated with stationary or moving electrons and protons\nn. energy made available by the flow of electric charge through a conductor\nn. keen and shared excitement,"n. 电, 电流, 电学, 热情, 电力供应\n[化] 电学; 电",,3,1,gk cet4 cet6 ky ielts,2296,2719,,,
electron,i'lektrɒn,n. an elementary particle with negative charge,n. 电子\n[化] 电子,,2,,cet4 cet6 ky toefl,4252,5566,s:electrons,,
electronic,.ilek'trɒnik,a. of or relating to electronics; concerned with or using devices that operate on principles governing the behavior of electrons\na. of or concerned with electrons,a. 电子的\n[计] 电子工业协会接口,,3,1,gk cet4 cet6 ky ielts,2494,2407,,,
elegant,'eligәnt,"a. refined and tasteful in appearance or behavior or style\ns. suggesting taste, ease, and wealth\ns. displaying effortless beauty and simplicity in movement or execution","a. 优雅的, 端庄的, 高雅的",,3,1,gk cet6 ky toefl ielts,3833,3942,,,
element,'elimәnt,n. the most favorable environment for a plant or animal\nn. one of four substances thought in ancient and medieval cosmology to constitute the physical universe\nn. the situation in which you are happiest and most effective\nn. a straight line that generates a cylinder or cone,"n. 元件, 元素, 要素\n[计] 部分; 成分; 单元; 码元; 元件; 元素; 单元",,4,1,cet4 cet6 ky toefl,843,1214,s:elements,,
elementary,.eli'mentәri,s. easy and not involved or complicated\na. of or pertaining to or characteristic of elementary school or elementary education\ns. of or being the essential or basic part,"a. 初步的, 基本的\n[医] 元素的, 基础的, 初级的",,1,,cet4 cet6 ky toefl ielts gre,7127,2511,,,
elevate,'eliveit,v give a promotion to or assign to a higher position\nv raise from a lower to a higher position\nv raise in rank or condition,"vt. 举起, 提拔, 鼓舞",,2,,cet6 ky toefl ielts gre,9646,6022,d:elevated/p:elevated/3:elevates/i:elevating,,
elicit,i'lisit,v. derive by reason,"vt. 引出, 推导出, 引起",,1,,cet6 toefl ielts gre,7717,6680,d:elicited/i:eliciting/p:elicited/3:elicits,,
eligible,'elidʒәbl,a. qualified for or allowed or worthy of being chosen,"a. 有资格当选的, 合格的\nn. 有资格者, 合格者, 适任者",,2,,cet6 ky toefl ielts gre,4794,4608,,,
eliminate,i'limineit,v. kill in large numbers\nv. remove from a contest or race\nv. remove (an unknown variable) from two or more equations,"vt. 除去, 排除, 剔除, 消除",,3,,cet4 cet6 ky toefl ielts gre,3110,1838,d:eliminated/i:eliminating/3:eliminates/p:eliminated,,
elite,ei'li:t,n. a group or class of persons enjoying superior intellectual or social or economic status,"n. 精华, 精锐, 中坚分子",,2,,cet6 ky toefl ielts gre,4216,2735,s:elites,,
eloquent,'elәkwәnt,"s. expressing yourself readily, clearly, effectively","a. 雄辩的, 有口才的, 有说服力的",,1,,cet6 ky toefl ielts,11358,10294,,,
embark,im'bɑ:k,v. go on board\nv. set out on (an enterprise or subject of study),"vi. 乘船, 着手, 从事, 上飞机\nvt. 使上船, 使上飞机, 使从事",,2,,cet6 ky ielts,4496,6575,i:embarking/d:embarked/p:embarked/3:embarks,,
embarrass,im'bærәs,v. cause to be embarrassed; cause to feel self-conscious,"vt. 使困窘, 使局促不安, 阻碍",,2,1,gk cet4 cet6 ky toefl ielts gre,9521,7138,p:embarrassed/d:embarrassed/i:embarrassing/3:embarrasses,,
embed,im'bed,"v. attach to, as a journalist to a military unit when reporting on a war","vt. 使插入, 使嵌入, 使深留脑中\n[计] 嵌入",,1,,ky toefl ielts gre,7054,6007,d:embedded/i:embedding/3:embeds/p:embedded,,
embody,im'bɒdi,"v. represent, as of a character on stage\nv. represent or express something abstract in tangible form","vt. 具体表达, 使具体化\n[经] 合并, 具体化, 具体表现",,1,,cet6 ky toefl ielts gre,5096,5093,d:embodied/3:embodies/p:embodied/i:embodying,,
emerge,i'mә:dʒ,"v. come out into view, as from concealment\nv. become known or apparent\nv. come up to the surface of or rise","vi. 浮现, 形成, 出现, (事实)显露",,4,1,cet4 cet6 ky toefl ielts,1252,1300,p:emerged/d:emerged/3:emerges/i:emerging,,
emergency,i'mә:dʒәnsi,n. a sudden unforeseen crisis (usually involving danger) that requires immediate action\nn. a state in which martial law applies,"n. 紧急状况, 紧急事件, 紧急需要\n[化] 紧急情况",,4,1,gk cet4 cet6 ky ielts gre,2083,1725,s:emergencies,,
emotion,i'mәuʃәn,n. any strong feeling,"n. 情绪, 激动, 强烈的情感\n[医] 情绪, 情感",,3,1,cet4 cet6 ky toefl ielts,2454,2117,s:emotions,,
emphasis,'emfәsis,n. special importance or significance\nn. special and significant stress by means of position or repetition e.g.,"n. 强调, 加强, 重点, 强语气",,3,1,cet4 cet6 ky toefl,1719,2346,,,
emphasize,'emfәsaiz,"v to stress, single out as important\nv give extra weight to (a communication)","vt. 强调, 加强语气, 着重",,3,1,cet4 cet6 ky toefl ielts,3599,1975,d:emphasized/p:emphasized/3:emphasizes/i:emphasizing,,
empirical,em'pirikәl,a. derived from experiment and observation rather than theory,"a. 完全跟据经验的, 经验主义的\n[医] 经验主义的",,1,,cet6 ky ielts gre,4444,5285,s:empiricals,,
employment,im'plɒimәnt,n. the state of being employed or having a job\nn. the occupation for which you are paid\nn. the act of giving someone a job,"n. 雇用, 职业, 工作\n[经] 职业, 雇用, 职工招请",,3,1,cet4 cet6 ky ielts,933,2534,s:employments,,
enclosure,in'klәuʒә,n. a structure consisting of an area that has been enclosed for some purpose\nn. the act of enclosing something inside something else\nn. a naturally enclosed space\nn. something (usually a supporting document) that is enclosed in an envelope with a covering letter,"n. 附件, 围墙, 围绕\n[化] 机壳; 外壳",,1,,cet6 ky toefl ielts gre,6621,9856,s:enclosures,,
encounter,in'kauntә,n. a casual meeting with a person or thing,"n. 相会, 相遇, 遭遇\nvt. 遇见, 邂逅, 会战\nvi. 偶然相遇",,3,1,cet4 cet6 ky toefl ielts gre,2892,2712,d:encountered/s:encounters/p:encountered/3:encounters/i:encountering,,
encourage,in'kʌridʒ,v. inspire with confidence; give hope or courage to\nv. spur on,"vt. 鼓励, 支持, 激励\n[法] 怂恿, 煽动, 助长",,4,1,zk gk cet4 cet6 ky toefl,881,1184,d:encouraged/p:encouraged/3:encourages/i:encouraging,,
endeavor,in'devә,v. attempt by employing effort,"n. 努力, 尽力\nvi. 努力, 尽力",,,,cet6 ky toefl,0,5892,s:endeavors/i:endeavoring/p:endeavored/3:endeavors/d:endeavored,,
endow,in'dau,v. give qualities or abilities to\nv. furnish with an endowment,"vt. 捐赠, 捐助, 赋予\n[法] 赠送财产给, 分给寡妇一份遗产, 授与",,1,,cet6 ky toefl ielts gre,8684,9907,d:endowed/p:endowed/i:endowing/3:endows,,
endurance,in'djuәrәns,n. the power to withstand hardship or stress,"n. 忍耐, 忍耐力, 耐性\n[机] 持九性",,1,,cet6 ky toefl ielts,11606,7739,,,
endure,in'djuә,v put up with something or somebody unpleasant\nv face and withstand with courage\nv continue to live through hardship or adversity\nv undergo or be subjected to\nv last and be usable\nv persist for a specified period of time\nv continue to exist,"vt. 忍受, 忍耐, 容忍, 耐\nvi. (正式)持久, 持续\n[计] 仍能工作, 继续工作",,2,,cet4 cet6 ky toefl gre,5274,3650,d:endured/p:endured/3:endures/i:enduring,,
energetic,.enә'dʒetik,a. possessing or exerting or displaying energy\ns. working hard to promote an enterprise,"a. 精力充沛的, 积极的",,2,,gk cet6 ky toefl ielts,6931,7129,s:energetics,,
enforce,in'fɒ:s,v. ensure observance of laws and rules; \nv. compel to behave in a certain way,"vt. 强迫, 执行, 坚持\n[经] 予以强制执行",,2,,cet4 cet6 ky ielts,3577,3545,d:enforced/i:enforcing/p:enforced/3:enforces,,
engage,in'geidʒ,"v. ask to represent; of legal counsel\nv. get caught\nv. carry on (wars, battles, or campaigns)\nv. hire for work or assistance","vi. 答应, 从事, 交战\nvt. 使忙碌, 雇佣, 预定, 使从事于, 使参加",,3,1,cet4 cet6 ky toefl ielts,2038,1387,d:engaged/p:engaged/i:engaging/3:engages,,
engagement,in'geidʒdmәnt,n. employment for performers or performing groups that lasts for a limited period of time\nn. contact by fitting together\nn. the act of sharing in the activities of a group,"n. 诺言, 约会, 婚约, 交战\n[医] 衔接",,2,,cet6 ky ielts,3950,3812,s:engagements,,
engine,'endʒin,"n. motor that converts thermal energy to mechanical work\nn. something used to achieve a purpose\nn. an instrument or machine that is used in warfare, such as a battering ram, catapult, artillery piece, etc.","n. 引擎, 发动机, 机车\nvt. 安装发动机于",,4,1,gk cet4 cet6 ky ielts,1374,1569,s:engines/p:engined,,
enhance,in'hæns,v. increase\nv. make better or more attractive,"vt. 提高, 加强, 增加",,3,,cet4 cet6 ky toefl ielts gre,2669,2331,d:enhanced/i:enhancing/3:enhances/p:enhanced,,
enlighten,in'laitn,v. make understand\nv. give spiritual insight to; in religion,"vt. 教育, 启发, 启蒙, 开导, 教导",,1,,cet6 ky toefl ielts gre,13682,11536,i:enlightening/d:enlightened/p:enlightened/3:enlightens,,
enormous,i'nɒ:mәs,"s. extraordinarily large in size or extent or amount or power or degree; that a whole civilization should be dependent on technology""- Walter Lippman","a. 巨大的, 庞大的",,3,1,cet4 cet6 ky toefl ielts gre,2120,1994,,,
enrich,in'ritʃ,v. make better or improve in quality\nv. make wealthy or richer,"vt. 使富足, 使肥沃",,1,,cet6 ky toefl ielts,8880,6879,d:enriched/i:enriching/3:enriches/p:enriched,,
enroll,in'rәul,v. register formally as a participant or member,"vt. 登记, 使加入\nvi. 参军, 注册",,,,cet4 cet6 ky toefl ielts,0,3994,i:enrolling/p:enrolled/3:enrols/d:enrolled,,
ensue,en'su:,"v issue or terminate (in a specified way, state, etc.); end","vi. 跟着发生, 继起\nvt. 追求",,1,,cet6 ielts gre,8586,9538,p:ensued/3:ensues/d:ensued/i:ensuing,,
entail,in'teil,"n. land received by fee tail\nn. the act of entailing property; the creation of a fee tail from a fee simple\nv. have as a logical consequence\nv. impose, involve, or imply as a necessary accompaniment or result","vt. 使成为必需, 需要, 使承担, 遗传给\nn. 限定继承",,1,,cet6 ky toefl ielts gre,4558,6162,3:entails/p:entailed/d:entailed/i:entailing,,
entertainment,.entә'teinmәnt,n. an activity that is diverting and that holds the attention,"n. 娱乐, 款待, 娱乐表演",,3,1,gk cet4 cet6 ky toefl ielts,3187,2350,s:entertainments,,
enthusiasm,in'θju:ziæzәm,n. a feeling of excitement\nn. a lively interest,"n. 巨大的热情, 热心",,3,1,cet4 cet6 ky toefl ielts,2678,3716,s:enthusiasms,,
enthusiastic,in.θju:zi'æstik,a. having or showing great excitement and interest,"a. 狂热的, 热心的, 热烈的",,2,1,gk cet4 cet6 ky ielts,4458,5508,,,
entitle,in'taitl,v. give the right to\nv. give a title to,"vt. 给...权利, 取名为, 给予名称, 叫做\n[法] 给...权利, 使有资格, 称呼",,3,1,cet4 cet6 ky toefl ielts gre,2886,3465,d:entitled/3:entitles/p:entitled/i:entitling,,
entity,'entiti,n. that which is perceived or known or inferred to have its own distinct existence (living or nonliving),"n. 实体, 实存物, 存在\n[计] 实体",,2,,cet6 ky toefl ielts gre,3875,3932,s:entities,,
entrepreneur,.ɒntrәprә'nә:,n. someone who organizes a business venture and assumes the risk for it,"n. 企业家, 主办人\n[经] 承包商, 企业家",,2,,cet6 ky toefl ielts gre,6601,4279,s:entrepreneurs,,
environment,in'vairәnmәnt,n. the totality of surrounding conditions\nn. the area in which something exists or lives,"n. 环境, 外界, 围绕\n[计] 环境",,4,1,zk gk cet4 cet6 ky ielts,702,855,s:environments,,
envisage,in'vizidʒ,v form a mental image of something that is not present or that is not the case,"vt. 面对, 正视, 想象",,2,,cet6 ky ielts gre,3832,16510,d:envisaged/p:envisaged/3:envisages/i:envisaging,,
epoch,'i:pɒk,n. (astronomy) an arbitrarily fixed date that is the point in time relative to which information (as coordinates of a celestial body) is recorded\nn. a unit of geological time that is a subdivision of a period and is itself divided into ages,"n. 新纪元, 时代, 时期",,1,,cet6 ky toefl ielts gre,15275,12794,s:epochs,,
equality,i:'kwɒliti,n. the quality of being the same in quantity or measure or value or status\nn. a state of being essentially equal or equivalent; equally balanced,"n. 平等, 均匀, 相等\n[法] 同等, 平等, 相等",,,,gk cet4 cet6 ky toefl,4197,4590,s:equalities,,
equator,i'kweitә,n. an imaginary line around the Earth forming the great circle that is equidistant from the north and south poles\nn. a circle dividing a sphere or other surface into two usually equal and symmetrical parts,"n. 赤道\n[医] 赤道, 中纬线",,1,,cet6 ky toefl ielts gre,15702,12760,s:equators,,
equip,i'kwip,v. provide with (something) usually for a specific purpose\nv. provide with abilities or understanding,"vt. 装备, 配备\n[机] 设备, 装置",,2,,gk cet4 cet6 ky toefl,3643,4145,d:equipped/i:equipping/p:equipped/3:equips,,
equivalent,i'kwivәlәnt,n. a person or thing equal to another in value or measure or force or effect or significance etc\nn. the atomic weight of an element that has the same combining capacity as a given weight of another element; the standard is 8 for oxygen\ns. being essentially equal to something,"n. 同等物, 等价物, 相等物\na. 相等的, 相当的, 同意义的\n[计] 等价的",,3,1,cet4 cet6 ky toefl ielts gre,3051,4330,s:equivalents,,
erect,i'rekt,a. upright in position or posture,"a. 直立的, 竖立的, 笔直的\nvt. 使竖立, 使直立, 树立, 建立\nvi. 勃起",,2,,cet4 cet6 ky toefl ielts gre,4303,6356,d:erected/p:erected/i:erecting/3:erects,,
erosion,i'rәuʒәn,n. (geology) the mechanical process of wearing or grinding something down (as by particles washing over it)\nn. condition in which the earth's surface is worn away by the action of water and wind\nn. a gradual decline of something,"n. 腐蚀, 冲蚀, 侵蚀\n[化] 磨耗; 侵蚀",,1,,cet6 ky toefl ielts,4884,5930,s:erosions,,
erroneous,i'rәuniәs,s. containing or characterized by error,"a. 错误的, 不正确的\n[法] 错误的, 不正确的",,1,,cet6 ky toefl ielts,14695,12587,,,
erupt,i'rʌpt,v. start abruptly\nv. erupt or intensify suddenly\nv. start to burn or burst into flames\nv. break out,vi. 爆发\nvt. 喷出,,2,,gk cet6 ky toefl ielts gre,6441,5291,p:erupted/d:erupted/3:erupts/i:erupting,,
escort,'eskɒ:t,n. the act of accompanying someone or something in order to protect them\nn. an attendant who is employed to accompany someone\nv. accompany as an escort,"n. 护送者, 护卫者, 护航舰\nvt. 护卫, 护送",,2,,cet6 ky toefl ielts gre,6470,6668,d:escorted/p:escorted/i:escorting/s:escorts/3:escorts,,
essence,'esns,n. any substance possessing to a high degree the predominant properties of a plant or drug or other natural product from which it is extracted,"n. 实质, 本质, 香精\n[化] 香精",,2,,cet6 ky toefl ielts,3536,3468,s:essences,,
essential,i'senʃәl,s. absolutely necessary; vitally necessary\na. basic and fundamental\na. being or relating to or containing the essence of a plant etc,"n. 要素, 要点, 本质\na. 必要的, 重要的, 本质的\n[计] 本质冒险",,4,1,cet4 cet6 ky toefl ielts gre,1155,1949,s:essentials,,
establish,i'stæbliʃ,v. set up or found\nv. set up or lay the groundwork for\nv. bring about\nv. use as a basis for; found on,"vt. 建立, 确立, 制定\nvi. 移植生长",,4,1,cet4 cet6 ky ielts,576,896,d:established/i:establishing/p:established/3:establishes,,
esthetic,es'θetik,n (philosophy) a philosophical theory as to what is beautiful\na concerning or characterized by an appreciation of beauty or good taste\na relating to or dealing with the subject of aesthetics\ns aesthetically pleasing,a. 审美的\n[医] 感觉的,,,,cet6,0,19901,,,
estimate,'estimeit,n. an approximate calculation of quantity or degree or worth\nn. a judgment of the qualities of something or somebody\nn. a statement indicating the likely cost of some job\nn. the respect with which a person is held,"n. 估计, 判断\nvt. 估计, 评价, 判断\nvi. 估计",,4,1,cet4 cet6 ky toefl ielts,1826,1798,d:estimated/s:estimates/p:estimated/3:estimates/i:estimating,,
eternal,i'tә:nl,s continuing forever or indefinitely\ns tiresomely long; seemingly without end,"a. 永恒的, 永远的, 不灭的",,2,,cet6 ky toefl ielts gre,6025,5626,,,
ethnic,'eθnik,n. a person who is a member of an ethnic group,"a. 人种的, 种族的\n[医] 人种的",,3,,cet6 ky toefl ielts gre,3244,1729,,,
evaluate,i'væljueit,v. form a critical opinion of,"vt. 评估, 评价, 赋值",,2,,gk cet4 cet6 ky toefl ielts,3168,2339,d:evaluated/i:evaluating/p:evaluated/3:evaluates,,
evidence,'evidәns,n. your basis for belief or disbelief; knowledge on which to base belief\nn. an indication that makes something evident\nn. (law) all the means by which any alleged matter of fact whose truth is investigated at judicial trial is established or disproved,"n. 根据, 证据, 迹象\n[经] 证据, 凭证",,4,1,gk cet4 cet6 ky toefl ielts,456,606,d:evidenced/s:evidences/i:evidencing/p:evidenced/3:evidences,,
evident,'evidәnt,s clearly revealed to the mind or the senses or judgment\ns capable of being seen or noticed,"a. 显然的, 明显的",,2,,gk cet4 cet6 ky toefl,2975,3466,,,
evil,'i:vl,"n. morally objectionable behavior\nn. that which causes harm or destruction or misfortune; the good is oft interred with their bones""- Shakespeare\nn. the quality of being morally wrong in principle or practice\na. morally bad or wrong","n. 邪恶, 不幸, 罪恶\na. 邪恶的, 不幸的, 有害的, 讨厌的",,3,1,cet4 cet6 ky,4107,3447,s:evils,,
evoke,i'vәuk,"v call forth (emotions, feelings, and responses)\nv evoke or provoke to appear or occur\nv deduce (a principle) or construe (a meaning)\nv summon into action or bring into existence, often as if by magic\nv call to mind","vt. 唤起, 引起, 召(魂)\n[法] 提审, 移送",,2,,cet6 ky toefl ielts gre,5736,5018,3:evokes/d:evoked/p:evoked/i:evoking,,
evolution,.i:vә'lu:ʃәn,n. (biology) the sequence of events involved in the evolutionary development of a species or taxonomic group of organisms,"n. 进化, 发展, 进展, (气体)放出, 开方\n[医] 进化, 演化, 旋出",,2,,gk cet4 cet6 ky toefl ielts,3069,2946,s:evolutions,,
exaggerate,ig'zædʒәreit,v to enlarge beyond bounds or the truth\nv do something to an excessive degree,"v. 夸大, 夸张",,2,1,cet4 cet6 ky toefl ielts gre,5927,6312,d:exaggerated/i:exaggerating/p:exaggerated/3:exaggerates,,
exceed,ik'si:d,v. be greater in scope or size than some standard\nv. be superior or better than some standard,"vt. 超过, 超越, 胜过\nvi. 超过其他",,2,,cet4 cet6 ky toefl ielts gre,2718,3281,3:exceeds/i:exceeding/d:exceeded/p:exceeded,,
exception,ik'sepʃәn,"n. a deliberate act of omission\nn. an instance that does not conform to a rule or generalization; the only exception was her last child""\nn. grounds for adverse criticism","n. 例外, 除外, 异议\n[计] 例外; 异常",,3,1,cet4 cet6 ky toefl ielts,2045,2401,s:exceptions,,
exceptional,ik'sepʃәnәl,s. deviating widely from a norm of physical or mental ability; used especially of children below normal in intelligence,"a. 例外的, 异常的, 特别的",,2,,cet6 ky toefl ielts gre,3970,6002,s:exceptionals,,
excess,ik'ses,"n. a quantity much larger than is needed\nn. immoderation as a consequence of going beyond sufficient or permitted limits\ns. more than is needed, desired, or required","n. 过度, 剩于, 超过, 超额\na. 过量的, 额外的",,3,,cet4 cet6 ky toefl ielts gre,4540,5741,s:excesses,,
excessive,ik'sesiv,"s. beyond normal limits\ns. unrestrained, especially with regard to feelings","a. 过度的, 过多的, 极端的\n[法] 过度的, 过分的, 额外的",,2,,cet4 cet6 ky toefl,3952,4564,,,
exchange,iks'tʃeindʒ,n. chemical process in which one atom or ion or group changes places with another\nn. a mutual expression of views (especially an unpleasant one)\nn. the act of changing one thing for another thing\nn. the act of giving something in return for something received,"n. 交换, (电话)交换局, 交换机, 汇兑, 交易所\nv. 交换, 交易, 兑换\n[计] 交换; 电话局",,4,1,gk cet4 cet6 ky toefl ielts,1084,1513,s:exchanges/d:exchanged/p:exchanged/i:exchanging/3:exchanges,,
exclaim,iks'kleim,"v. utter aloud; often with surprise, horror, or joy","v. 大叫, 呼喊, 大声叫",,1,,cet4 cet6 ky toefl ielts gre,5494,6297,p:exclaimed/i:exclaiming/3:exclaims/d:exclaimed,,
exclude,iks'klu:d,v. prevent from being included or considered or accepted\nv. prevent from entering; shut out\nv. lack or fail to include,"vt. 除外, 排除, 排斥\n[医] 除外(诊断)",,2,1,cet4 cet6 ky toefl ielts gre,1940,3470,d:excluded/i:excluding/3:excludes/p:excluded,,
exclusive,ik'sklu:siv,n. a news report that is reported first by one news organization\ns. not divided or shared with others\na. excluding much or all; especially all but a particular group or minority,"a. 排外的, 独占的, 唯一的\n[计] 独占的",,2,,cet4 cet6 ky toefl ielts gre,3377,3753,s:exclusives,,
excursion,ik'skә:ʒәn,n. a journey taken for pleasure,"n. 远足, 游览圆, 短程旅行\n[医] 移动, 离轨, 逸出",,1,,cet4 cet6 ky toefl ielts gre,6562,8288,s:excursions,,
execute,'eksikju:t,v. kill as a means of socially sanctioned punishment\nv. murder in a planned fashion\nv. carry out the legalities of\nv. sign in the presence of witnesses,"vt. 执行, 实行, 完成, 处死, 制成\n[计] 执行",,3,,cet4 cet6 ky toefl ielts gre,3704,3642,d:executed/p:executed/i:executing/3:executes,,
execution,.eksi'kju:ʃәn,n. putting a condemned person to death\nn. (computer science) the process of carrying out an instruction by a computer\nn. (law) the completion of a legal instrument (such as a contract or deed) by signing it (and perhaps sealing and delivering it) so that it becomes legally binding and enforceable,"n. 实行, 完成, 执行, 死刑\n[计] 执行",,,,cet6 toefl ielts,3988,4234,s:executions,,
executive,ig'zekjutiv,n. a person responsible for the administration of a business\nn. persons who administer the law\na. having the function of carrying out plans or orders etc.,"n. 执行部门, 执行委员会, 执行者, 经理主管人员\na. 执行的, 善于执行的, 善于经营的\n[计] 执行程序",,4,1,cet4 cet6 ky toefl ielts,1094,863,s:executives,,
exemplify,ig'zemplifai,v. be characteristic of\nv. clarify by giving an example of,"vt. 例证, 例示\n[法] 制作经公章证明的誊本, 例证",,1,,cet6 ky toefl ielts gre,7249,7776,d:exemplified/3:exemplifies/i:exemplifying/p:exemplified,,
exempt,ig'zempt,v. grant relief or an exemption from a rule or requirement to\na. (of persons) freed from or not subject to an obligation or liability (as e.g. taxes) to which others or other things are subject,"n. 免税者, 被免除义务者\na. 免除的\nvt. 使免除, 豁免",,2,,cet6 ky toefl ielts gre,8874,9520,d:exempted/i:exempting/3:exempts/p:exempted,,
exert,ig'zә:t,v. put to use\nv. make a great effort at a mental or physical task,"vt. 发挥, 运用, 施以影响\n[法] 施加, 产生, 行使",,2,,cet4 cet6 ky toefl ielts gre,5057,6115,d:exerted/3:exerts/p:exerted/i:exerting,,
exhaust,ig'zɒ:st,n. gases ejected from an engine as waste products\nn. system consisting of the parts of an engine through which burned gases or steam are discharged\nv. wear out completely\nv. use up the whole supply of,"n. 排气, 排气装置, 废气\nvt. 抽完, 用尽, 耗尽, 使精疲力尽\nvi. 排气",,3,,cet4 cet6 ky toefl ielts gre,4940,4734,d:exhausted/i:exhausting/s:exhausts/p:exhausted/3:exhausts,,
exhibit,ig'zibit,"n. an object or statement produced before a court of law and referred to while giving evidence\nv. show an attribute, property, knowledge, or skill","n. 显示, 显现, 展览品, 陈列品, 展览\nvt. 展现, 陈列, 展览\nvi. 开展览会",,2,1,cet4 cet6 ky toefl,3872,3303,d:exhibited/s:exhibits/i:exhibiting/p:exhibited/3:exhibits,,
exile,'eksail,n. a person who is voluntarily absent from home or country\nn. a person who is expelled from home or country by authority\nn. the act of expelling a person from their native land,"n. 放逐, 流放, 被放逐者\nvt. 放逐, 流放, 使背井离乡",,3,,cet6 ky toefl ielts,5086,5273,s:exiles/d:exiled/i:exiling/p:exiled/3:exiles,,
existence,ig'zistәns,n the state or fact of existing\nn everything that exists anywhere,"n. 存在, 生存\n[法] 存在, 存在状态, 实体",,,1,gk cet4 cet6 ky ielts,1454,2213,s:existences,,
exotic,ig'zɒtik,s. strikingly strange or unusual,"a. 异国的, 外来的\nn. 外来人, 外来物, 舶来品",,2,,cet6 ky toefl ielts gre,5304,4205,s:exotics,,
expand,ik'spænd,"v. extend in one or more directions\nv. become larger in size or volume or quantity\nv. make bigger or wider in size, volume, or quantity","vt. 使膨胀, 详述, 扩张\nvi. 张开, 发展\nvt. 展开\nvi. 展开\n[计] 展开; DOS外部命令:将原始DOS磁盘上的压缩文件解压缩并拷贝到硬盘上",,3,1,gk cet4 cet6 ky toefl ielts gre,2124,1572,d:expanded/i:expanding/3:expands/p:expanded,,
expansion,ik'spænʃәn,n. the act of increasing (something) in size or volume or quantity or scope\nn. a function expressed as a sum or product of terms\nn. a discussion that provides additional information,"n. 扩充, 开展, 膨胀\n[计] 扩展",,,,cet4 cet6 ky toefl ielts,2360,2734,s:expansions,,
expedition,.ekspi'diʃәn,n. a military campaign designed to achieve a specific objective in a foreign country\nn. an organized group of people undertaking a journey for a particular purpose\nn. a journey organized for a particular purpose,"n. 远征, 探险队, 迅速",,2,,cet6 ky toefl ielts,4361,4654,s:expeditions,,
expel,ik'spel,v. force to leave or move out,"vt. 驱逐, 逐出, 排出, 开除\n[医] 排除, 迫出",,2,,cet4 cet6 ky toefl ielts gre,5990,6975,d:expelled/p:expelled/i:expelling/3:expels,,
expend,ik'spend,"v use up, consume fully\nv pay out","vt. 花费, 消耗, 用光",,1,,cet4 ky ielts gre,11218,10629,d:expended/p:expended/i:expending/3:expends,,
expenditure,ik'spenditʃә,n money paid out; an amount spent\nn the act of spending money for goods or services\nn the act of consuming something,"n. 开支, 费用, 用光, 消费额\n[经] 支出, 费用, 消费",,2,,cet4 cet6 ky toefl ielts gre,1658,5170,s:expenditures,,
expense,ik'spens,n. amounts paid for goods and services that may be currently tax deductible (as opposed to capital expenditures)\nn. a detriment or sacrifice\nn. money spent to perform work and usually reimbursed by an employer\nv. reduce the estimated value of something,"n. 费用, 代价, 开支, 损失\n[经] 费用, 开支, 将支出转为费用",,3,1,gk cet4 ky,1919,2137,s:expenses,,
expert,'ekspә:t,n. a person with special knowledge or ability who performs skillfully,"n. 专家, 行家\na. 老练的, 内行的, 专门的\n[计] 高级",,4,1,gk cet4 ky ielts,1335,899,s:experts,,
expertise,.ekspә:'ti:z,n skillfulness by virtue of possessing special knowledge,"n. 专家意见, 专门技术\n[法] 专门知识, 专家意见",,2,,cet6 ky toefl ielts gre,2982,3898,s:expertises,,
expire,ik'spaiә,v lose validity\nv pass from physical life and lose all bodily attributes and functions necessary to sustain life\nv expel air,"vi. 期满, 呼气, 断气\nvt. 呼出",,2,,cet6 ky toefl ielts gre,7014,6647,p:expired/3:expires/d:expired/i:expiring,,
explicit,ik'splisit,a. precisely and clearly expressed or readily observable; leaving nothing to implication,"a. 详述的, 清楚的, 直言的",,2,,gk cet6 ky toefl ielts gre,3722,4826,,,
exploit,'eksplɒit,v. use or manipulate to one's advantage\nv. draw from; make good use of,"n. 功绩, 勋绩\nvt. 开发, 利用, 开拓, 剥削",,3,,gk cet4 cet6 ky toefl ielts gre,3034,4374,d:exploited/i:exploiting/s:exploits/p:exploited/3:exploits,,
explore,ik'splɒ:,v. travel to or penetrate into\nv. examine minutely\nv. examine (organs) for diagnostic purposes,"v. 探险, 探测, 探究",,3,1,gk cet4 cet6 ky toefl ielts,1882,1594,i:exploring/d:explored/3:explores/p:explored,,
expose,ik'spәuz,"n. the exposure of an impostor or a fraud\nv. expose or make accessible to some action or influence\nv. to show, make visible or apparent\nv. expose to light, of photographic film","vt. 使暴露, 使曝光, 揭穿, 陈列\n[医] 暴露, 露置",,3,1,gk cet4 cet6 ky toefl ielts,2577,2005,d:exposed/i:exposing/p:exposed/3:exposes,,
exposition,.ekspә'ziʃәn,n. a systematic interpretation or explanation (usually written) of a specific topic\nn. an account that sets forth the meaning or intent of a writing or discourse\nn. (music) the section of a movement (especially in sonata form) where the major musical themes first occur,"n. 阐述, 讲解, 说明, 博览会, 展览会\n[经] 展览会, 集市, 义卖市场",,1,,cet6 toefl ielts gre,10335,14307,s:expositions,,
expression,ik'spreʃәn,n. the feelings expressed on a person's face\nn. expression without words\nn. the communication (in speech or writing) of your beliefs or opinions\nn. (genetics) the process of expressing a gene,"n. 表达, 表现, 词语, 措辞\n[计] 表达式",,3,1,gk cet4 cet6 ky,1139,1533,s:expressions,,
exquisite,'ekskwizit,s. intense or sharp\ns. lavishly elegant and refined\ns. of extreme beauty,"a. 精致的, 细腻的, 敏锐的",,2,,cet6 ky toefl ielts gre,8931,8096,,,
extensive,ik'stensiv,s. large in spatial extent or range or scope or quantity\na. of agriculture; increasing productivity by using large areas with minimal outlay and labor,"a. 广的, 广泛的, 多方面的\n[经] 广大的, 扩大的",,3,1,cet4 cet6 ky toefl ielts,2184,2845,,,
extent,ik'stent,n. the point or degree to which something extends\nn. the distance or area or volume over which something extends,"n. 范围, 程度, 区域\n[计] 范围",,3,1,cet4 cet6 ky toefl ielts,990,1758,s:extents,,
external,ik'stә:nl,n. outward features\na. happening or arising or located outside or beyond some limits or especially surface\ns. coming from the outside\ns. from or between other countries,"n. 外部, 外面\na. 外部的, 客观的, 表面的",,2,,cet4 cet6 ky toefl ielts,1870,2864,s:externals,,
extinct,ik'stiŋkt,a. no longer in existence; lost or especially having died out leaving no living representatives\na. (of e.g. volcanos) permanently inactive\ns. being out or having grown cold,"a. 熄灭的, 灭绝的, 耗尽的\n[法] 消灭了的, 过时的, 无效的",,1,,cet4 cet6 ky toefl ielts gre,9995,9357,,,
extinguish,ik'stiŋgwiʃ,"v. terminate, end, or take out","vt. 熄灭, 使消亡, 压制, 使减色\n[医] 消灭",,1,,cet6 ky toefl ielts gre,11132,11906,d:extinguished/i:extinguishing/p:extinguished/3:extinguishes,,
extract,ik'strækt,"v. remove, usually with some force or effort; also used in an abstract sense\nv. get despite difficulties or obstacles\nv. separate (a metal) from an ore\nv. calculate the root of a number","n. 榨出物, 精汁, 摘录, 选段\nvt. (费力地)取出, 采掘, 榨取, 摘录, 吸取\n[计] 提取",,2,,cet6 ky toefl ielts gre,3787,4971,s:extracts/d:extracted/i:extracting/p:extracted/3:extracts,,
extraordinary,ik'strɒ:dәnәri,a. beyond what is ordinary or usual; highly unusual or exceptional or remarkable\ns. far more than usual or expected\ns. (of an official) serving an unusual or special function in addition to those of the regular officials,"a. 非常的, 特别的, 非凡的\n[经] 非常的, 特别的, 临时的",,3,1,gk cet4 cet6 ky toefl,2759,2625,s:extraordinaries,,
extravagant,ik'strævgәnt,s. recklessly wasteful,"a. 奢侈的, 挥霍无度的, 浪费的",,1,,cet6 ky toefl ielts,8512,10399,,,
extreme,ik'stri:m,n. the furthest or highest degree of something\ns. of the greatest possible degree or extent or intensity\ns. far beyond a norm in quantity or amount or degree; to an utmost degree\ns. beyond a norm in views or actions,"n. 极端, 末端\na. 极端的, 尽头的, 极度的, 偏激的",,3,1,gk cet4 cet6 ky ielts,2528,2519,s:extremes/t:extremest,,
fabric,'fæbrik,n. artifact made by weaving or felting or knitting or crocheting natural or synthetic fibers,"n. 织物, 布, 结构, 构造, 建筑物\n[经] 组织, 建筑物, 工厂",,3,,cet4 cet6 ky toefl ielts gre,2773,3059,s:fabrics,,
fabricate,'fæbrikeit,v. make up something artificial or untrue,"vt. 制造, 建造, 装配, 伪造",,1,,cet6 ky toefl ielts gre,14422,10365,d:fabricated/i:fabricating/3:fabricates/p:fabricated,,
facet,'fæsit,n. a smooth surface (as of a bone or cut gemstone),"n. (多面体的)面, 方面, 琢面\n[医] 小平面, 小面",,1,,cet6 toefl ielts gre,8768,8774,s:facets,,
facilitate,fә'siliteit,v. make easier\nv. increase the likelihood of (a response),"vt. 使容易, 促进, 帮助\n[法] 使容易, 使便利, 推进",,1,,cet6 ky toefl ielts gre,4044,3568,d:facilitated/3:facilitates/i:facilitating/p:facilitated,,
factor,'fæktә,n. anything that contributes causally to a result\nn. any of the numbers (or symbols) that form a product when multiplied together\nn. an independent variable in statistics\nv. resolve into factors,"n. 因素, 因数, 系数, 基因, 代理人\n[计] 因式",,4,1,cet4 ky toefl ielts,666,729,s:factors/i:factoring/p:factored/3:factors/d:factored,,
faculty,'fækәlti,n. one of the inherent cognitive or perceptual powers of the mind,"n. 才能, 能力, 全体教员, (大学的)系\n[医] 能力, [大学]院系",,2,,cet4 cet6 ky toefl ielts gre,4038,1985,s:faculties,,
faith,feiθ,n. complete confidence in a person or plan etc\nn. loyalty or allegiance to a cause or a person,"n. 信心, 信任, 忠实, 保证\n[法] 信任, 信仰, 信念",,3,1,gk cet4 cet6 ky toefl ielts,1738,1326,s:faiths,,
fake,feik,"n. something that is a counterfeit; not what it seems to be\ns. not genuine or real; being an imitation of the genuine article; it's real synthetic fur""","n. 假货, 欺骗, 诡计\na. 假的\nvt. 假造, 仿造\nvi. 伪装",,2,,cet6 ky toefl ielts gre,9663,5098,s:fakes/i:faking/p:faked/d:faked/3:fakes,,
famine,'fæmin,n. a severe shortage of food (as through crop failure) resulting in violent hunger and starvation and death,"n. 饥荒, 缺乏, 饥饿",,2,,cet4 cet6 ky toefl ielts gre,6925,8193,s:famines,,
fantastic,fæn'tæstik,"s. extraordinarily good or great; used especially as intensifiers\ns. fanciful and unrealistic; foolish\ns. existing in fancy only\ns. extravagantly fanciful in design, construction, appearance","a. 奇妙的, 稀奇的, 空想的",,2,,zk gk cet6 ky toefl ielts,4942,4747,,,
fantasy,'fæntәsi,n. imagination unrestricted by reality\nn. fiction with a large amount of imagination in it\nv. indulge in fantasies,"n. 幻想, 想象的产物\n[医] 幻想",,3,,gk cet4 ky toefl ielts gre,3642,2964,s:fantasies/i:fantasying/p:fantasied/3:fantasies/d:fantasied,,
fascinate,'fæsineit,"v. to render motionless, as with a fixed stare or by arousing terror or awe","vt. 令人入神, 使着迷\nvi. 入迷",,1,,cet6 ky toefl ielts gre,6429,5834,d:fascinated/p:fascinated/3:fascinates/i:fascinating,,
fatal,'feitәl,a. bringing death\ns. controlled or decreed by fate; predetermined,"a. 致命的, 重大的, 命运注定的, 粗心的, 不幸的\n[医] 致命的, 致死的",,2,,cet4 cet6 ky toefl ielts gre,4463,4921,,,
fatigue,fә'ti:g,n. temporary loss of strength and energy resulting from hard physical or mental work\nn. used of materials (especially metals) in a weakened state caused by long stress\nn. (always used with a modifier) boredom resulting from overexposure to something,"n. 疲乏, 疲劳\nvt. 使疲劳, 使心智衰弱\nvi. 疲劳\na. 疲劳的",,2,,cet4 cet6 ky toefl ielts gre,7858,4806,s:fatigues/d:fatigued/p:fatigued/i:fatiguing/3:fatigues,,
feasible,'fi:zәbl,s. capable of being done with means at hand and circumstances as they are,"a. 能实行的, 可行的, 适宜的\n[法] 可行的, 可执行的, 可完成的",,1,,cet4 cet6 ky toefl ielts gre,6420,7591,,,
feast,fi:st,n. something experienced with great delight\nv. partake in a feast or banquet\nv. provide a feast or banquet for,"n. 宴会, 酒席, 享受, 节日\nvt. 款待, 享乐, 请客\nvi. 参加宴会, 尽情地吃, 享受",,2,,gk cet4 cet6 ky ielts,5626,5910,s:feasts/i:feasting/p:feasted/d:feasted/3:feasts,,
feature,'fi:tʃә,n. a prominent attribute or aspect of something\nn. the characteristic parts of a person's face: eyes and nose and mouth and chin\nn. the principal (full-length) film in a program at a movie theater\nn. a special or prominent article in a newspaper or magazine,"n. 面孔的一部分(如眼、口等), 特征, 容貌, 特色, 特写\nvt. 是...的特色, 特写, 放映\nvi. 起重要作用\n[计] 特性",,4,1,cet4 cet6 ky ielts gre,741,1190,s:features/i:featuring/3:features/d:featured/p:featured,,
federal,'fedәrәl,n. a member of the Union Army during the American Civil War\nn. any federal law-enforcement officer\ns. national; especially in reference to the government of the United States as distinct from that of its member units\na. of or relating to the central government of a federation,"a. 联邦的, 联合的, 同盟的\n[法] 联邦的, 联邦制的, 联盟的",,4,1,cet4 cet6 ky toefl,2320,493,,,
federation,fedә'reiʃәn,n. an organization formed by merging several groups or parties\nn. the act of constituting a political unity out of a number of separate states or colonies or provinces so that each member retains the management of its internal affairs,"n. 联邦, 联合, 联盟\n[法] 联邦, 联盟, 联邦政府",,3,,ky ielts,3260,9044,s:federations,,
feeble,fi:bl,s. pathetically lacking in force or effectiveness\ns. lacking strength,"a. 微弱的, 衰弱的, 无效的\n[医] 无力的, 衰弱的",,1,,cet4 cet6 ky toefl ielts gre,9622,12083,3:feebles/s:feebles,,
fellowship,'felәuʃip,n. money granted (by a university or foundation or other agency) for advanced study or research,"n. 伙伴关系, 共同参与, 团体, 奖学金, 友谊\n[经] 合伙关系, 研究员薪金, 研究员基金",,1,,cet6 ky ielts,6152,9276,s:fellowships,,
feminine,'feminin,n. a gender that refers chiefly (but not exclusively) to females or to objects classified as female\na. associated with women and not with men\na. of grammatical gender\ns. (music or poetry) ending on an unaccented beat or syllable,"a. 女性的, 阴性的, 柔弱的\n[医] 女性的, 雌性的",,2,,cet6 ky,6558,5815,s:feminines,,
ferry,'feri,n. a boat that transports people or vehicles across a body of water and operates on a regular schedule\nn. transport by boat or aircraft\nv. transport from one place to another\nv. transport by ferry,"n. 渡船, 渡口\n[法] 摆渡营业权, 轮渡",,2,,gk cet6 ky toefl ielts gre,4590,6492,s:ferries/d:ferried/i:ferrying/p:ferried/3:ferries,,
fertilizer,'fә:tilaizә,n. any substance such as manure or a mixture of nitrates used to make soil more fertile,"n. 肥料, 促进发展者, 受精媒介物\n[化] 肥料",,2,,cet4 cet6 ky toefl gre,10566,6367,s:fertilizers,,
fiction,'fikʃәn,n. a literary work based on the imagination and not necessarily on fact,"n. 小说, 虚构故事\n[法] 虚构的事实, 捏造, 拟制",,2,,gk cet4 cet6 ky toefl,3431,2762,s:fictions,,
figure,'figә,n. a diagram or picture illustrating textual material\nn. a model of a bodily form (especially of a person)\nn. a combination of points and lines and planes that form a visible palpable shape\nn. an amount of money expressed numerically,"n. 数字, 价格, 图形, 形状\nvt. 描绘, 表示, 演算, 认为\nvi. 计算, 出现, 估计",,5,1,gk cet4 cet6 ky toefl ielts,325,552,s:figures/p:figured/d:figured/3:figures/i:figuring,,
finance,fai'næns,n. the commercial activity of providing funds and capital\nn. the branch of economics that studies the management of money and other assets\nn. the management of money and credit and banking and investments\nv. obtain or provide money for,"n. 财政, 财务\nvt. 供给...经费, 负担经费\nvi. 筹措资金",,4,1,gk cet4 cet6 ky toefl ielts,1515,2808,d:financed/s:finances/i:financing/p:financed/3:finances,,
financial,fai'nænʃәl,a involving financial matters,"a. 财政的, 金融的\n[经] 财政的, 金融的, 财务的",,5,1,cet4 cet6 ky toefl ielts,602,827,,,
finite,'fainait,a. bounded or limited in magnitude or spatial or temporal extent\na. of verbs; relating to forms of the verb that are limited in time by a tense and (usually) show agreement with number and person,"a. 有限的, 有穷的, 限定的\nn. 有限物",,1,,cet6 ky ielts gre,8060,9670,s:finites,,
fitting,'fitiŋ,n. a small and often standardized accessory to a larger system\nn. putting clothes on to see whether they fit\ns. in harmony with the spirit of particular persons or occasion\ns. being precisely fitting and right,"a. 适宜的\nn. 试穿, 试衣, 装配, 装置",,2,,cet6 ky toefl ielts,4717,10090,0:fit/1:i/s:fittings/i:fitting,,
fixture,'fikstʃә,n. an object firmly fixed in place (especially in a household),"n. 固定(状态), 固定物, 设备\n[计] 夹具",,2,,cet6 ky toefl ielts,6192,7036,s:fixtures/i:fixturing,,
flank,flæŋk,n. the side of military or naval formation\nn. a subfigure consisting of a side of something\nn. a cut from the fleshy part of an animal's side between the ribs and the leg\nn. the side between ribs and hipbone,"n. 侧面, 侧腹, 胁, 腰窝肉\nvt. 攻击侧面, 守侧面\nvi. 侧面与...相接",,2,,cet6 ielts,7126,8452,d:flanked/s:flanks/i:flanking/p:flanked/3:flanks,,
flap,flæp,n. any broad thin and limber covering attached at one edge; hangs loose or projects freely\nn. the motion made by flapping up and down\nn. a movable piece of tissue partly connected to the body\nn. a movable airfoil that is part of an aircraft wing; used to increase lift or drag,"n. 飘, 摆动, 拍打, 拍打声, 片状垂悬物\nv. 拍打, 鼓翼而飞, 飘动",,2,,cet6 ky toefl ielts,8726,8113,i:flapping/p:flapped/s:flaps/3:flaps/d:flapped,,
flare,'flєә,n. a shape that spreads outward\nn. a sudden burst of flame\nn. a burst of light used to communicate or illuminate\nn. reddening of the skin spreading outward from a focus of infection or irritation,"n. 闪光, 闪耀\nvi. 闪光, 闪耀\nvt. 用发光信号发出, 使闪耀, 使张开",,2,,cet4 cet6 ky toefl ielts gre,7846,8467,p:flared/s:flares/i:flaring/d:flared/3:flares,,
flask,flæsk,n. bottle that has a narrow neck\nn. the quantity a flask will hold,"n. 细颈瓶, 烧瓶, 小水瓶\n[化] 瓶; 烧瓶",,1,,cet6 ielts gre,10066,14030,s:flasks/p:flasked,,
flat,flæt,n. a level tract of land\nn. a shallow box in which seedlings are started\nn. a musical notation indicating one half step lower than the note named\nn. a deflated pneumatic tire,"a. 平坦的, 单调的, 无力的, 浅的, 萧条的, 干脆的, 无聊的\nadv. 平直地, 断然地\nn. 扁平物, 平面, 平地, 平原, 平板车\nv. (使)变平",,4,1,zk gk cet4 cet6 ky toefl ielts,1448,2569,s:flats/r:flatter,,
flatter,'flætә,v. praise somewhat dishonestly,"vt. 奉承, 阿谀, 使高兴\n[机] 平面锤",,,,cet6 ky toefl ielts gre,8558,9933,0:flat/1:r/d:flattered/i:flattering/p:flattered/3:flatters,,
flaw,flɒ:,n. defect or weakness in a person's character\nn. an imperfection in a plan or theory or legal document that causes it to fail or that reduces its effectiveness\nv. add a flaw or blemish to; make imperfect or defective,"n. 缺点, 裂纹, 瑕疵, 一阵狂风\n[化] 划痕; 裂缝; 裂纹",,1,,cet6 ky toefl ielts gre,8453,5399,s:flaws/i:flawing/p:flawed/3:flaws/d:flawed,,
flexible,'fleksәbl,a. capable of being changed\na. able to flex; able to bend easily\ns. bending and snapping back readily without breaking,"a. 易曲的, 灵活的, 柔顺的, 能变形的, 可通融的\n[医] 能屈的",,3,,gk cet4 cet6 ky toefl ielts gre,3127,4227,,,
fling,fliŋ,n. the act of flinging\nv. throw with force or recklessness\nv. move in an abrupt or headlong manner,"n. 投掷, 急冲, 嘲弄\nvt. 投, 丢下, 抛弃, 使陷入, 挥动, 嘲笑, 扫视\nvi. 猛冲",,2,,cet6 ky ielts,4575,6172,p:flung/d:flung/i:flinging/3:flings/s:flings,,
flip,flip,"n. hot or cold alcoholic mixed drink containing a beaten egg\nn. a sudden, quick movement\nn. the act of flipping a coin\nn. a dive in which the diver somersaults before entering the water","vt. 掷, 弹, 轻击, 空翻\nvi. 用指轻弹, 抽打, 蹦跳\nn. 抛, 弹, 筋斗\na. 无礼的\n[计] 翻转",,2,,toefl ielts gre,9976,3922,p:flipped/d:flipped/3:flips/i:flipping/s:flips,,
float,flәut,n. the time interval between the deposit of a check in a bank and its payment\nn. the number of shares outstanding and available for trading by the public\nn. an elaborate display mounted on a platform carried by a truck (or pulled by a truck) in a procession or parade\nn. a hand tool with a flat face used for smoothing and finishing the surface of plaster or cement or stucco,"n. 漂流物, 浮舟, 漂浮, 浮萍, 彩车\nvi. 浮动, 飘动, 散播, 摇摆, 动摇, 浮动\nvt. 使漂浮, 容纳, 淹没, 发行, 实行\n[计] 浮动",,3,1,gk cet4 cet6 ky toefl ielts,3498,3140,i:floating/p:floated/d:floated/s:floats/3:floats,,
fluctuate,'flʌktʃueit,v. cause to fluctuate or move in a wavelike pattern\nv. move or sway in a rising and falling or wavelike pattern\nv. be unstable,"vi. 变动, 起伏, 动摇\nvt. 使波动, 使动摇",,1,,cet6 ky toefl ielts gre,11623,12670,p:fluctuated/3:fluctuates/d:fluctuated/i:fluctuating,,
flush,flʌʃ,n. a poker hand with all 5 cards in the same suit\nn. a sudden rapid flow (as of water)\nv. flow freely\nv. glow or cause to glow with warm color or light,"n. 流溢, 面红, 旺盛, 发烧, 惊飞的鸟, 同花牌\na. 丰足的, 齐平的, 满盈的, 泛滥的\nadv. 齐平地, 直接地\nvi. 脸发红, 奔涌, 旺盛, 惊飞\nvt. 淹没, 冲洗, 使脸红, 使激动, 使齐平, 使惊飞",,2,,cet4 cet6 ky toefl ielts gre,5416,5935,p:flushed/i:flushing/d:flushed/s:flushes/3:flushes,,
flutter,'flʌtә,n. abnormally rapid beating of the auricles of the heart (especially in a regular rhythm); can result in heart block\nv. flap the wings rapidly or fly with flapping movements,"n. 摆动, 鼓翼, 烦扰\nvi. 摆动, 鼓翼, 烦扰\nvt. 拍(翅), 使焦急\n[计] 颤动",,1,,cet6 ielts gre,9044,8041,p:fluttered/i:fluttering/d:fluttered/3:flutters/s:flutters,,
foam,fәum,n. a mass of small bubbles formed in or on a liquid\nn. a lightweight material in cellular form; made by introducing gas bubbles during manufacture\nv. become bubbly or frothy or foaming,"n. 泡沫, 水沫, 泡沫材料\nvi. 起泡沫, 吐白沫\nvt. 使起泡沫",,1,,cet6 ky toefl ielts,7153,6178,s:foams/i:foaming/p:foamed/3:foams/d:foamed,,
focus,'fәukәs,n. the concentration of attention or energy on something\nn. maximum clarity or distinctness of an image rendered by an optical system\nn. maximum clarity or distinctness of an idea\nn. a central point or locus of an infection in an organism,"n. 焦点, 焦距\nvi. 聚焦, 注视\nvt. 使聚焦, 调焦, 集中\n[计] 焦点",,4,1,gk cet4 cet6 ky toefl ielts,1918,688,d:focused/i:focusing/3:focuses/p:focused/s:foci,,
foil,fɒil,n. a piece of thin and flexible sheet metal\nn. anything that serves by contrast to call attention to another thing's good qualities\nn. picture consisting of a positive photograph or drawing on a transparent base; viewed with a projector\nn. a light slender flexible sword tipped by a button,"n. 箔, 烘托, 衬托\nvt. 贴箔于, 衬托, 阻止, 挡开, 挫败",,2,,cet6 toefl ielts gre,8897,6713,d:foiled/p:foiled/s:foils/3:foils/i:foiling,,
fold,fәuld,n. an angular or rounded shape made by folding\nn. a geological process that causes a bend in a stratum of rock\nn. a folded part (as in skin or muscle)\nn. a pen for sheep,"n. 折层, 折, 羊栏, 折痕, 信徒\nvt. 折叠, 包, 合拢, 交迭\nvi. 折叠起来, 彻底失败\n[计] 折叠; 合并",,3,1,gk cet4 cet6 ky toefl gre,3975,3493,s:folds/d:folded/p:folded/i:folding/3:folds,,
force,fɒ:s,n. a powerful effect or influence\nn. (physics) the influence that produces a change in a physical quantity\nn. physical energy or intensity\nn. group of people willing to obey orders,"n. 力量, 武力, 势力, 影响力, 军队, 力, 效力\nvt. 强迫, 强夺, 推动, 提高\n[计] 人工转移; 强制",,5,1,zk gk cet4 cet6 ky,369,372,s:forces/d:forced/p:forced/i:forcing/3:forces,,
foremost,'fәumәust,s. preceding all others in spatial position\ns. situated closest to the bow\nr. prominently forward,"a. 最初的, 最重要的\nadv. 在最前",,1,,cet4 cet6 ky toefl ielts,7575,6296,t:foremost/0:foremost/1:t,,
foresee,fɒ:'si:,v realize beforehand\nv picture to oneself; imagine possible\nv act in advance of; deal with ahead of time,"vt. 预见, 预知",,2,,gk cet6 ky toefl ielts,6364,7614,d:foreseen/p:foresaw/3:foresees/i:foreseeing,,
forge,fɒ:dʒ,n. furnace consisting of a special hearth where metal is heated before shaping\nn. a workplace where metal is worked by heating and hammering\nv. create by hammering\nv. make a copy of with the intent to deceive,"n. 熔炉, 铁工厂\nvt. 打制, 锻造, 伪造\nvi. 锻造, 伪造",,2,,cet6 ky toefl ielts gre,6336,5304,d:forged/i:forging/p:forged/s:forges/3:forges,,
formal,'fɒ:mәl,"a. being in accord with established forms and conventions and requirements (as e.g. of formal dress)\ns. characteristic of or befitting a person in authority\na. (of spoken and written language) adhering to traditional standards of correctness and without casual, contracted, and colloquial forms\ns. logically deductive","a. 正式的, 形式的, 礼仪的, 拘于礼节的, 拘谨的\nn. 正式的社交活动",,4,1,cet4 cet6 ky toefl ielts,1482,2211,,,
format,'fɒ:mæt,n. the organization of information according to preset specifications (usually for computer processing)\nn. the general appearance of a publication\nv. set (printed matter) into a specific format\nv. determine the arrangement of (data) for storage and display (in computer science),"n. 开本, 版式, 形式, 格式\nvt. 格式化\n[计] 格式; DOS外部命令:对磁盘进行格式化",,2,,gk ky toefl ielts,3080,3730,s:formats/i:formatting/d:formatted/p:formatted/3:formats,,
formidable,'fɒ:midәbl,s. extremely impressive in strength or excellence\ns. inspiring fear,"a. 巨大的, 优秀的, 可怕的, 艰难的",,2,,cet6 ky toefl ielts gre,5358,6229,,,
formula,'fɒ:mjulә,n. a group of symbols that make a mathematical statement\nn. a conventionalized statement expressing some fundamental principle\nn. a representation of a substance using symbols for its constituent elements\nn. a liquid food for infants,"n. 客套语, 公式, 准则\n[计] 公式",,3,1,cet4 cet6 ky toefl ielts gre,2600,3340,s:formulae,,
formulate,'fɒ:mjuleit,v. prepare according to a formula,"vt. 用公式表示, 明确叙述, 制订\n[机] 公式化, 公式表示",,2,,cet6 ky toefl ielts,4149,5843,d:formulated/i:formulating/p:formulated/3:formulates,,
fort,fɒ:t,"v. gather in, or as if in, a fort, as for protection or defense\nv. station (troops) in a fort","n. 堡垒, 要塞, 易货站\nvt. 设要塞保卫\nvi. 设要塞",,2,,cet6 toefl ielts gre,7202,7497,s:forts,,
forthcoming,'fɒ:θ'kʌmɑŋ,s. available when required or as promised,a. 即将来临的\nn. 来临,,2,,cet6 ky ielts,4117,6748,,,
forum,'fɒ:rәm,n. a public meeting or assembly for open discussion\nn. a public facility to meet for open discussion,"n. 论坛, 公开讨论的广场, 法庭, 讨论会\n[法] 讨论会, 专题讨论, 公共论坛",,2,,cet6 ky ielts gre,3756,4705,s:forums,,
fossil,'fɒsәl,n. the remains (or an impression) of a plant or animal that existed in a past geological age and that has been excavated from the soil\na. characteristic of a fossil,"n. 化石, 古物\na. 化石的, 陈腐的, 守旧的",,2,,cet6 ky toefl ielts,4637,5043,s:fossils,,
foster,'fɒstә,"n. United States songwriter whose songs embody the sentiment of the South before the American Civil War (1826-1864)\nv. promote the growth of\nv. bring up under fosterage; of children\nv. help develop, help grow","a. 收养的, 养育的\nvt. 养育, 抚育, 培养, 鼓励, 抱(希望)",,2,,cet6 ky toefl ielts gre,5618,4359,d:fostered/i:fostering/p:fostered/3:fosters,,
foul,faul,"n. an act that violates the rules of a sport\nv. hit a foul ball\nv. commit a foul; break the rules\nv. spot, stain, or pollute","a. 污秽的, 邪恶的, 恶臭的, 肮脏的, 恶劣的, 淤塞的\nvt. 弄脏, 妨害, 污蔑, 犯规, 淤塞\nvi. 腐烂, 犯规, 缠结\nadv. 违反规则地, 不正当地\nn. 犯规, 缠绕",,2,,cet6 ky toefl ielts gre,6849,7712,i:fouling/d:fouled/p:fouled/s:fouls/t:foulest/3:fouls/r:fouler,,
fraction,'frækʃәn,n. a component of a mixture that has been separated by a fractional process\nn. a small part or item forming a piece of a whole\nn. the quotient of two rational numbers,"n. 小部分, 破片, 分数\n[医] 部分, 成分, 分散",,2,,cet4 cet6 ky toefl ielts gre,3509,4719,s:fractions/i:fractioning/p:fractioned/3:fractions/d:fractioned,,
fracture,'fræktʃә,"n. breaking of hard tissue such as bone\nn. the act of cracking something\nv. violate or abuse\nv. interrupt, break, or destroy","n. 破碎, 骨折\nv. (使)破碎, (使)破裂",,2,,cet6 ky toefl ielts gre,7997,6123,s:fractures/p:fractured/d:fractured/i:fracturing/3:fractures,,
fragile,'frædʒail,s. vulnerably delicate,"a. 易碎的, 脆的\n[医] 脆弱的, 脆的",,2,,gk cet6 ky toefl ielts gre,5941,4733,,,
fragrance,'freigrәns,n a distinctive odor that is pleasant\nn a pleasingly sweet olfactory property,"n. 芬芳, 香味",,2,,toefl ielts gre,10515,8174,s:fragrances/d:fragranced/p:fragranced,,
frantic,'fræntik,s. excessively agitated; distraught with fear or other violent emotion,"a. 狂乱的, 疯狂的",,2,,toefl ielts gre,7684,7445,,,
fraud,frɒ:d,n. intentional deception resulting in injury to another person\nn. something intended to deceive; deliberate trickery intended to gain an advantage,"n. 欺骗, 欺诈, 诡计, 骗子\n[经] 欺诈, 舞弊, 骗子",,3,,cet6 ky toefl ielts gre,3659,3551,s:frauds,,
frequency,'fri:kwәnsi,n. the number of occurrences within a given time period\nn. the ratio of the number of observations in a statistical category to the total number of observations\nn. the number of observations in a given statistical category,"n. 频率, 频数\n[计] 频率",,2,,cet4 cet6 ky ielts gre,2406,3009,s:frequencies,,
frequent,'fri:kwәnt,v. be a regular or frequent visitor to a certain place\na. coming at short intervals or habitually\ns. frequently encountered;,"a. 时常发生的, 频繁的, 快速的\nvt. 时常来访, 常常聚集, 常与...交往",,4,1,gk cet4 cet6 ky toefl ielts gre,3109,3272,d:frequented/p:frequented/i:frequenting/3:frequents,,
friction,'frikʃәn,n. the resistance encountered when one body is moved in contact with another\nn. effort expended in moving one object over another with pressure,"n. 摩擦, 摩擦治疗, 不和\n[医] 摩擦",,1,,gk cet4 cet6 ky toefl ielts gre,8497,7336,s:frictions/p:frictioned,,
fringe,frindʒ,n. one of the light or dark bands produced by the interference and diffraction of light\nn. a social group holding marginal or extreme views\nn. an ornamental border consisting of short lengths of hanging threads or tassels\nv. adorn with a fringe,"n. 边缘, 端, 流苏, 穗, 初步\nvt. 加穗于, 加饰边于\na. 边缘的, 附加的",,2,,cet6 ky toefl ielts gre,4676,6029,s:fringes/d:fringed/i:fringing/p:fringed/3:fringes,,
fuel,'fjuәl,"n. a substance that can be consumed to produce energy\nv. provide with a combustible substance that provides energy\nv. provide with fuel\nv. take in fuel, as of a ship","n. 燃料, 木炭\nvt. 加燃料, 供燃料\nvi. 得到燃料",,4,1,gk cet4 ky toefl ielts,1933,1558,s:fuels/d:fuelled/p:fuelled/i:fuelling/3:fuels,,
fulfill,ful'fil,v put in effect\nv meet the requirements or expectations of\nv fill or meet a want or need,"vt. 实践, 履行, 实行, 完成, 结束, 满足\n[法] 履行, 完成, 达到",,,,cet6 ky,22202,5431,3:fulfills/s:fulfills/i:fulfilling/p:fulfilled/d:fulfilled,,
function,'fʌŋkʃәn,n. (mathematics) a mathematical relation such that each element of a given set (the domain of the function) is associated with an element of another set (the range of the function)\nn. what something is used for\nn. the actions and activities assigned to or required or expected of a person or group\nn. a relation such that one thing is dependent on another,"n. 官能, 职务, 功能, 函数\nvi. 活动, 运行, 行使职责\n[计] 功能, 函数",,4,1,gk cet4 cet6 ky ielts,782,1442,s:functions/i:functioning/p:functioned/3:functions/d:functioned,,
fund,fʌnd,n. a reserve of money set aside for some purpose\nv. convert (short-term floating debt) into long-term debt that bears fixed interest and is represented by bonds\nv. place or store up in a fund for accumulation\nv. provide a fund for the redemption of principal or payment of interest,"n. 基金, 资金, 存款, 财源, 贮藏\nvt. 提供资金, 积累",,5,1,cet4 cet6 ky toefl,852,754,s:funds/d:funded/i:funding/p:funded/3:funds,,
fundamental,.fʌndә'mentәl,n. any factor that could be considered important to the understanding of a particular business\nn. the lowest tone of a harmonic series\ns. being or involving basic facts or principles\ns. far-reaching and thoroughgoing in effect especially on the nature of something,"n. 基本原理, 原则, 基波\na. 基本的, 重要的, 原音的",,3,1,gk cet4 cet6 ky toefl ielts gre,2031,2328,s:fundamentals,,
furious,'fjuәriәs,s marked by extreme and violent energy\ns marked by extreme anger\ns (of the elements) as if showing violent anger,"a. 狂怒的, 激烈的, 吵闹的",,2,,cet4 cet6 ky toefl ielts,4734,5544,,,
furnish,'fә:niʃ,v. provide or equip with furniture,"vt. 供给, 提供, 装设\n[化] 供应; 供给; 配料",,1,,cet4 cet6 ky toefl ielts,5253,7335,d:furnished/p:furnished/i:furnishing/3:furnishes,,
furniture,'fәnitʃә,n. furnishings that make a room or other area ready for occupancy,"n. 家具, 帆具",,3,1,zk gk cet4 cet6 ky toefl ielts,2428,2669,,,
furthermore,'fә:ðә'mɒ:,"r. in addition; furthermore, their quality is improving""; moreover, mice nested there""","adv. 此外, 而且",,2,,cet4 cet6 ky,2799,3213,,,
fury,'fjuri,n. a feeling of intense anger\nn. (classical mythology) the hideous snake-haired monsters (usually three in number) who pursued unpunished criminals,"n. 愤怒, 狂暴, 狂怒的人\n[医] 狂乱, 狂暴, 狂怒",,2,,cet6 ky toefl ielts gre,5137,6574,s:furies,,
fuse,fju:z,n. an electrical device that can interrupt the flow of electrical current when it is overloaded\nn. any igniter that is used to initiate the burning of a propellant\nv. become plastic or fluid or liquefied from heat\nv. equip with a fuse; provide with a fuse,"n. 保险丝, 导火线\nv. 熔化, 融合",,1,,cet6 ky toefl ielts,9764,10364,d:fused/s:fuses/i:fusing/p:fused/3:fuses,,
fusion,'fju:ʒәn,n. an occurrence that involves the production of a union\nn. the merging of adjacent sounds or syllables or words\nn. a nuclear reaction in which nuclei combine to form more massive nuclei with the simultaneous release of energy\nn. the combining of images from the two eyes to form a single visual percept,"n. 熔合物, 结合, 熔合\n[化] 熔融; 熔化; 聚变",,1,,toefl ielts gre,5165,7242,s:fusions,,
galaxy,'gælәksi,n. a splendid assemblage (especially of famous people)\nn. (astronomy) a collection of star systems; any of the billions of systems each having many stars and nebulae and dust,"n. 银河, 星系, 一群(显赫的人物)\n[电] 银河系",,2,,cet6 ky toefl ielts gre,5864,3016,s:galaxies,,
gamble,'gæmbl,n. money that is risked for possible monetary gain\nn. a risky act or venture\nv. take a risk in the hope of a favorable outcome\nv. play games for money,"n. 赌博, 冒险\nv. 赌博, 孤注一掷",,3,1,cet6 ky ielts gre,11190,9148,p:gambled/i:gambling/s:gambles/d:gambled/3:gambles,,
garbage,'gɑ:bidʒ,n. food that is discarded (as from a kitchen)\nn. a receptacle where waste can be discarded,"n. 垃圾, 废物\n[计] 无用信息",,1,1,gk cet4 cet6 ky toefl ielts,12130,3934,,,
garment,'gɑ:mәnt,n. an article of clothing,"n. 衣服, 衣装, 外表",,2,,gk cet6 ky toefl ielts gre,4822,6112,s:garments/i:garmenting/p:garmented/3:garments/d:garmented,,
gasp,gæsp,n. a short labored intake of breath with the mouth open,"n. 喘气\nvi. 喘气, 喘息, 渴望\nvt. 气喘吁吁地说",,2,,cet4 cet6 ky toefl ielts,5196,5660,p:gasped/i:gasping/s:gasps/3:gasps/d:gasped,,
gauge,geidʒ,n. a measuring instrument for measuring and indicating a quantity such as the thickness of wire or the amount of rain etc.\nn. accepted or approved instance or example of a quantity or quality against which others are judged or measured or compared\nn. the distance between the rails of a railway or between the wheels of a train\nn. the thickness of wire,"n. 标准度量, 计量器\nvt. 精确计量, 估计\n[计] 线规",,2,,cet4 cet6 ky toefl ielts gre,6448,6046,s:gauges/d:gauged/i:gauging/p:gauged/3:gauges,,
gaze,geiz,n. a long fixed look\nv. look at with fixed eyes,"n. 注视, 凝视\nvi. 注视, 凝视",,2,,cet4 cet6 ky toefl gre,3258,3327,p:gazed/i:gazing/3:gazes/d:gazed/s:gazes,,
gear,giә,n. a toothed wheel that engages another toothed mechanism in order to change the speed or direction of transmitted motion\nn. a mechanism for transmitting motion for some specific purpose (as the steering gear of a vehicle)\nn. equipment consisting of miscellaneous articles needed for a particular operation or sport etc.\nv. set the level or character of,"n. 齿轮, 工具\nvt. 以齿轮连起, 开动, 使适应, 安排\nvi. 连接上, 适合",,3,1,cet4 cet6 ky toefl ielts gre,3392,2607,d:geared/s:gears/p:geared/i:gearing/3:gears,,
generalize,'dʒenәrәlaiz,v. draw from specific cases for more general cases\nv. speak or write in generalities\nv. become systemic and spread throughout the body,"vt. 一般化, 概括, 推广\nvi. 形成概念, 笼统讲",,1,,cet6 ky toefl ielts gre,12853,10707,i:generalizing/d:generalized/3:generalizes/p:generalized,,
generate,'dʒenәreit,v. bring into existence\nv. produce (energy),"vt. 产生, 发生, 导致\n[电] 产生",,3,1,cet4 cet6 ky toefl ielts gre,1716,1692,d:generated/3:generates/p:generated/i:generating,,
generous,'dʒenәrәs,a. willing to give and share unstintingly\na. not petty in character and mind\ns. more than adequate,"a. 慷慨的, 有雅量的, 大量的, 丰富的",,3,1,gk cet4 cet6 ky toefl ielts,3178,3886,,,
genetic,dʒi'netik,a. pertaining to or referring to origin\na. of or relating to the science of genetics,"a. 创始的, 遗传的, 起源的, 遗传学的\n[医] 生殖的, 遗传的",,,,cet4 ky toefl ielts gre,3898,2721,,,
genuine,'dʒenjuin,a. not fake or counterfeit\ns. not pretended; sincerely felt or expressed,"a. 真正的, 真实的, 诚恳的\n[医] 真性的",,3,1,cet4 cet6 ky toefl ielts gre,2524,3747,,,
geology,dʒi'ɒlәdʒi,n. a science that deals with the history of the earth as recorded in rocks,"n. 地质学, 地质情况",,1,,cet4 cet6 ky ielts,7403,11449,s:geologies,,
gigantic,dʒai'gæntik,s. so exceedingly large or extensive as to suggest a giant or mammoth,"a. 巨人般的, 巨大的",,1,,cet6 ky toefl ielts,9583,7783,,,
giggle,'gigl,n. a foolish or nervous laugh\nv. laugh nervously,"v. 吃吃地笑, 咯咯地笑\nn. 咯咯笑, 傻笑",,2,,ky ielts gre,6744,7352,p:giggled/i:giggling/s:giggles/3:giggles/d:giggled,,
given,'givәn,n. an assumption that is taken for granted\ns. acknowledged as a supposition,"a. 赠予的, 沉溺的, 约定的\ngive的过去分词",,3,,,2653,3017,0:give/1:d/d:given/s:givens,,
glamour,'glæmә,n alluring beauty or charm (often with sex-appeal)\nv cast a spell over someone or something; put a hex on someone or something,"n. 魅力, 迷人的美, 魔法\nvt. 迷惑",,2,,cet6 ky toefl ielts,8500,8154,s:glamours,,
glance,'glɑ:ns,n. a quick look\nv. throw a glance at; take a brief look at\nv. hit at an angle,"n. 一瞥, 闪光, 掠过, 辉矿类\nvi. 扫视, 闪光, 掠过, 提到, 略说\nvt. 扫视, 反射, 使掠过",,3,,gk cet4 cet6 ky gre,2192,2417,p:glanced/i:glancing/s:glances/3:glances/d:glanced,,
gland,glænd,n. any of various organs that synthesize substances needed by the body and release it through ducts or directly into the bloodstream,"n. 腺, 密封套\n[化] 衬片; 密封垫",,1,,toefl ielts,7919,7991,s:glands,,
glare,glєә,n. a light within the field of vision that is brighter than the brightness to which the eyes are adapted\nn. an angry stare\nv. be sharply reflected\nv. shine intensely,"n. 闪耀光, 刺眼\nvi. 发眩光, 瞪视\nvt. 瞪眼表示",,2,,gk cet4 cet6 ky toefl ielts gre,5510,6371,p:glared/i:glaring/3:glares/s:glares/d:glared,,
gleam,gli:m,"n. an appearance of reflected light\nn. a flash of light (especially reflected light)\nv. shine brightly, like a star or a light\nv. appear briefly","n. 光束, 微光, 反光\nvi. 闪烁, 隐约地闪现\nvt. 使发微光, 使闪烁",,2,,cet6 toefl ielts gre,9332,10208,p:gleamed/i:gleaming/3:gleams/s:gleams/d:gleamed,,
glide,glaid,"n. the activity of flying a glider\nv. move smoothly and effortlessly\nv. fly in or as if in a glider plane\nv. cause to move or pass silently, smoothly, or imperceptibly","n. 滑动, 滑过, 流水\nvi. 滑动, 滑翔, 溜走, 流逝\nvt. 使滑动",,1,,cet4 cet6 ky toefl ielts gre,8829,7090,i:gliding/p:glided/3:glides/s:glides/d:glided,,
glitter,'glitә,"n. the quality of shining with a bright reflected light\nn. the occurrence of a small flash or spark\nv. be shiny, as if wet","n. 灿烂, 闪烁, 辉耀\nvi. 灿烂, 闪烁, 辉耀",,2,,cet4 cet6 ky ielts gre,10754,11840,p:glittered/i:glittering/s:glitters/3:glitters/d:glittered,,
gloom,glu:m,n. a state of partial or total darkness\nn. a feeling of melancholy apprehension\nn. an atmosphere of depression and melancholy,"n. 忧郁, 暗处, 幽暗\nvi. 变忧沉, 变黑暗\nvt. 使忧郁, 使黑暗",,2,,toefl gre,5722,9432,s:glooms/p:gloomed/d:gloomed/i:glooming,,
gloomy,'glu:mi,s. filled with melancholy and despondency,"a. 抑沉的, 忧闷的, 黑暗的, 悲观的",,2,,cet4 cet6 ky toefl ielts gre,6987,9832,r:gloomier/t:gloomiest/s:gloomies,,
glow,glәu,"n. a feeling of considerable warmth\nn. a steady even light without flames\nv. emit a steady even light without flames\nv. have a complexion with a strong bright color, such as red or pink","n. 赤热, 光辉, 热情, 热烈, 红光\nvi. 发红光, 红光焕发, 发热, 洋溢, 激动",,2,,cet4 cet6 ky ielts gre,6174,5092,p:glowed/i:glowing/3:glows/s:glows/d:glowed,,
gorgeous,'gɒ:dʒәs,s. dazzlingly beautiful,"a. 华丽的, 灿烂的",,2,,cet6 ky toefl ielts gre,7977,5457,,,
gossip,'gɒsip,n. a report (often malicious) about the behavior of other people\nn. a person given to gossiping and divulging personal information about others,"n. 闲聊, 随笔, 流言, 爱讲闲话的人\nvi. 说闲话, 闲聊",,2,,cet6 ky toefl ielts,6049,6861,i:gossiping/s:gossips/3:gossips/p:gossipped/d:gossipped,,
gown,gaun,"n. a woman's dress, usually with a close-fitting bodice and a long flared skirt, often worn on formal occasions\nn. the members of a university as distinguished from the other residents of the town in which the university is located\nn. protective garment worn by surgeons during operations\nn. outerwear consisting of a long flowing garment used for official or ceremonial occasions","n. 睡衣, 法衣, 大学全体师生\nvt. 使穿睡衣",,2,,gk cet4 cet6 ky ielts,5811,5262,s:gowns/i:gowning/p:gowned/3:gowns/d:gowned,,
gracious,'greiʃәs,"a. characterized by charm, good taste, and generosity of spirit\ns. disposed to bestow favors","a. 亲切的, 慈善的",,1,,cet4 cet6 ky toefl ielts gre,9946,8538,,,
graduate,'grædʒueit,n. a measuring instrument for measuring fluid volume; a glass container (cup or cylinder or flask) whose sides are marked with or divided into amounts\nv. receive an academic degree upon completion of one's studies\nv. confer an academic degree upon\ns. of or relating to studies beyond a bachelor's degree,"n. 毕业生, 量杯\na. 已得学位的, 研究生的, 毕业的\nvi. 毕业, 得学位, 逐渐变为\nvt. 准予...毕业, 授予...学位, 分等级, 刻刻度",,3,,gk cet4 cet6 ky toefl,3693,2115,s:graduates/p:graduated/i:graduating/d:graduated/3:graduates,,
grain,grein,n. a relatively small granular particle of a substance\nn. foodstuff prepared from the starchy grains of cereal grasses\nn. the side of leather from which the hair has been removed\nn. a weight unit used for pearls or diamonds: 50 mg or 1/4 carat,"n. 谷粒, 颗粒, 谷类, 纹理, 本质\nv. (使)成谷粒",,3,1,gk cet4 cet6 ky toefl ielts gre,3226,3222,s:grains/d:grained/p:grained/i:graining/3:grains,,
grant,grænt,n. any monetary aid\nn. the act of providing a subsidy\nn. (law) a transfer of property by deed of conveyance\nn. Scottish painter; cousin of Lytton Strachey and member of the Bloomsbury Group (1885-1978),"n. 授予, 授予物, 允许\nvt. 允许, 承认, 授与\n[计] 授权命令",,4,1,cet4 cet6 ky ielts gre,1395,1907,d:granted/s:grants/p:granted/i:granting/3:grants,,
graphic,'græfik,n. an image that is generated by a computer\ns. written or drawn or engraved\ns. describing nudity or sexual activity in graphic detail\na. of or relating to the graphic arts,"a. 生动的, 轮廓分明的, 绘画似的, 图解的\n[计] 图形的",,2,,ky toefl ielts gre,6920,5381,,,
grave,greiv,n. death of a person\nn. a place for the burial of a corpse (especially beneath the ground and marked by a tombstone)\ns. dignified and somber in manner or character and committed to keeping promises\ns. of great gravity or crucial import; requiring serious thought,"n. 墓穴, 坟墓, 终结, 死亡\na. 庄重的, 严肃的, 重大的, 低沉的\nvt. 雕刻",,3,1,cet4 cet6 ky ielts gre,3630,3358,s:graves/t:gravest/r:graver/i:graving/p:graven/3:graves/d:graven,,
graze,greiz,n. a superficial abrasion\nn. the act of grazing\nv. break the skin (of a body part) by scraping\nv. scrape gently,"n. 吃草, 放牧, 擦伤, 轻擦\nv. (使)吃草, 放牧, 轻擦, 擦伤",,2,,cet6 ky toefl ielts gre,7059,7524,i:grazing/d:grazed/p:grazed/3:grazes/s:grazes,,
grease,gri:s,n. a thick fatty oil (especially one used to lubricate machinery)\nv. lubricate with grease,"n. 脂肪, 兽脂, 油脂, 贿赂\nvt. 涂脂于, 贿赂",,1,,cet6 ky toefl ielts gre,9823,7921,p:greased/i:greasing/d:greased/s:greases/3:greases,,
grief,gri:f,n. intense sorrow caused by loss of a loved one (especially by death)\nn. something that causes great unhappiness,"n. 伤心, 忧愁, 悲痛, 不幸, 灾难",,2,,cet6 ky ielts gre,4332,4092,s:griefs,,
grieve,gri:v,v. feel grief\nv. cause to feel sorrow,"vt. 使悲伤\nvi. 悲痛, 伤心",,1,,cet4 cet6 ky toefl ielts gre,11575,9760,3:grieves/p:grieved/i:grieving/d:grieved,,
grim,grim,s. not to be placated or appeased or moved by entreaty,"a. 冷酷的, 坚强的, 残忍的, 可怕的, 讨厌的",,2,,cet6 ky toefl ielts gre,5350,5348,r:grimmer/t:grimmest,,
grin,grin,"v. to draw back the lips and reveal the teeth, in a smile, grimace, or snarl",n. 露齿笑\nv. 露齿而笑,,2,,cet6 ky ielts gre,3169,4154,p:grinned/i:grinning/s:grins/3:grins/d:grinned,,
grip,grip,n. the friction between a body and the surface on which it moves (as between an automobile tire and the road)\nn. worker who moves the camera around while a film or television show is being made\nn. an intellectual hold or understanding\nv. hold fast or firmly,"n. 紧握, 柄, 握力, 握手方式, 手提包, 掌握, 支配, 控制\nvt. 抓紧, 抱住, 吸住, 掌握\nvi. 握牢, 有吸引力",,3,,cet4 cet6 ky toefl ielts,3376,3694,p:gripped/s:grips/i:gripping/d:gripped/3:grips,,
groan,grәun,"n. an utterance expressing pain or disapproval\nv. indicate pain, discomfort, or displeasure","n. 呻吟, 叹息\nvi. 呻吟, 抱怨, 受压迫\nvt. 呻吟地说",,2,,cet4 cet6 ky ielts gre,6209,7178,p:groaned/i:groaning/s:groans/3:groans/d:groaned,,
groove,gru:v,"n. a long narrow furrow cut either by a natural process (such as erosion) or by a tool (as e.g. a groove in a phonograph record)\nn. (anatomy) any furrow or channel on a bodily structure or part\nv. make a groove in, or provide with a groove","n. 凹槽, 惯例, 理想境况\nvt. 开槽于",,2,,cet6 gre,7135,8325,s:grooves/p:grooved/i:grooving/d:grooved/3:grooves,,
grope,grәup,n. the act of groping; and instance of groping\nv. feel about uncertainly or blindly\nv. search blindly or uncertainly\nv. fondle for sexual pleasure,v. 摸索\nn. 摸索,,1,,cet6 ky toefl ielts gre,12071,10123,p:groped/i:groping/d:groped/3:gropes/s:gropes,,
gross,grәus,"n. twelve dozen\nn. the entire amount of income before any deductions are made\nv. earn before taxes, expenses, etc.\na. before any deductions","n. 总数, 总量\na. 总共的, 未打折扣的, 恶劣的, 粗野的\nvt. 总共收入",,3,,cet4 cet6 ky ielts gre,3198,4409,d:grossed/p:grossed/r:grosser/i:grossing/t:grossest/3:grosses,,
guarantee,.gærәn'ti:,n. a written assurance that some product or service will be provided or will meet certain specifications\nn. an unconditional commitment that something will happen or that something is true\nn. a collateral agreement to answer for the debt of another in case that person defaults\nv. give surety or assume responsibility,"n. 担保, 抵押品, 保证书\nvt. 保证, 担保",,4,1,gk cet4 cet6 ky toefl ielts gre,2525,2774,d:guaranteed/s:guarantees/3:guarantees/i:guaranteeing/p:guaranteed,,
guardian,'gɑ:diәn,n a person who cares for persons or property,"n. 看守者, 监护人, 保护人\na. 保护的",,2,,ielts,2951,5671,s:guardians,,
hamper,'hæpә,n. a basket usually with a cover\nv. prevent the progress or free movement of,"n. 食篮, 阻碍物, 食盒\nvt. 阻碍, 使困累, 妨碍, 牵制",,2,,cet6 ky toefl ielts gre,8427,9044,d:hampered/p:hampered/s:hampers/i:hampering/3:hampers,,
handbook,"'hænd,buk",n. a concise reference book providing specific information about a subject or location,n. 手册\n[计] 手册,,1,,cet6 ky ielts,7778,13017,s:handbooks,,
handicap,'hændikæp,n. advantage given to a competitor to equalize chances of winning\nv. attempt to forecast the winner (especially in a horse race) and assign odds for or against a contestant\nv. put at a disadvantage,"n. 障碍, 困难, 不利条件\nvt. 加障碍于, 妨碍",,2,,cet6 ky toefl ielts,4399,8589,d:handicapped/s:handicaps/i:handicapping/p:handicapped/3:handicaps,,
hardy,'hɑ:di,n. United States slapstick comedian who played the pompous and overbearing member of the Laurel and Hardy duo who made many films (1892-1957)\nn. English novelist and poet (1840-1928)\ns. having rugged physical strength; inured to fatigue or hardships\ns. able to survive under unfavorable weather conditions,"a. 难的, 艰苦的, 坚硬的, 勇敢的\nadv. 努力地, 辛苦地, 坚硬地",,2,,cet6 toefl ielts gre,7183,10388,r:hardier/t:hardiest,,
harmony,'hɑ:mәni,n. compatibility in opinion and action\nn. the structure of music with respect to the composition and progression of chords\nn. a harmonious state of things in general and of their properties (as of colors and sounds); congruity of parts with one another and with the whole\nn. agreement of opinions,"n. 协调, 和睦, 调和\n[电] 和声学",,2,,gk cet4 cet6 ky toefl ielts gre,4697,4669,s:harmonies,,
hasty,'heisti,s. excessively quick\ns. done with very great haste and without due deliberation,"a. 匆匆的, 轻率的, 性怠的",,2,,cet4 cet6 ky toefl ielts gre,11493,12658,t:hastiest/r:hastier,,
hatch,hætʃ,n. the production of young from an egg\nn. shading consisting of multiple crossing lines\nn. a movable barrier covering a hatchway\nv. emerge from the eggs,"n. 孵化, 舱口\nvt. 孵, 孵出, 策划\nvi. 孵化",,2,,gk cet4 cet6 ky toefl ielts gre,7882,7365,d:hatched/i:hatching/s:hatches/p:hatched/3:hatches,,
hatred,'heitrid,n the emotion of intense dislike; a feeling of dislike so strong that it demands action,"n. 憎恨, 仇恨, 憎恶\n[法] 敌意, 憎恨, 憎恶",,2,1,cet4 cet6 ky toefl,5352,5252,s:hatreds,,
haul,hɒ:l,v. draw slowly or heavily\nv. transport in a vehicle,"n. 用力拖拉, 拖运, 强拉, 捕获量, 拖运距离\nvi. 拖, 拉, 改变方向, 改变主意\nvt. 拖拉, 拖运",,2,,cet6 ky toefl ielts,5364,4191,p:hauled/i:hauling/d:hauled/3:hauls/s:hauls,,
haunt,hɒ:nt,n. a frequently visited place\nv. follow stealthily or recur constantly and spontaneously to\nv. haunt like a ghost; pursue,"n. 常到的地方, 生息地\nvt. 常到, 出没于, 萦绕于\nvi. 出没, 作祟",,2,,cet6 toefl ielts gre,6064,5014,d:haunted/3:haunts/s:haunts/p:haunted/i:haunting,,
hawk,hɒ:k,n. diurnal bird of prey typically having short rounded wings and a long tail\nn. an advocate of an aggressive policy on foreign relations\nv. hunt with hawks,"n. 鹰, 掠夺者, 鹰派成员\nvi. 放鹰行猎, 像鹰一般地袭击, 清嗓, 咳嗽\nvt. 捕捉, 咳出, 兜售, 叫卖, 散播",,2,,gk cet4 cet6 ky ielts gre,9990,7924,s:hawks/i:hawking/p:hawked/d:hawked/3:hawks,,
hazard,'hæzәd,n. a source of danger; a possibility of incurring loss or misfortune\nn. an obstacle on a golf course,"n. 冒险, 危险, 机会\nvt. 冒...的危险, 赌运气, 使冒危险\n[计] 相关危险; 冒险",,2,,cet4 cet6 ky toefl ielts gre,4320,4876,s:hazards/p:hazarded/i:hazarding/d:hazarded/3:hazards,,
heap,hi:p,v. bestow in large quantities\nv. fill to overflow,"n. 堆, 许多, 累积\nvt. 堆积, 装满\n[计] 堆",,2,,gk cet4 cet6 ky ielts,5596,7087,s:heaps/p:heaped/d:heaped/i:heaping/3:heaps,,
heave,hi:v,n. an upward movement (especially a rhythmical rising and falling)\nn. (geology) a horizontal dislocation\nn. the act of lifting something with great effort\nn. an involuntary spasm of ineffectual vomiting,"n. 举, 抛, 起伏, 鼓起\nvt. 用力举起, 使举起, 使鼓起\nvi. 抛出, 起伏, 喘息, 凸起",,1,,cet6 ky toefl ielts gre,6714,9170,p:heaved/i:heaving/d:heaved/3:heaves/s:heaves,,
heel,hi:l,n. the bottom of a shoe or boot; the back part of a shoe or boot that touches the ground and provides elevation\nn. the back part of the human foot\nn. one of the crusty ends of a loaf of bread\nn. the lower end of a ship's mast,"n. 脚后跟, 踵, 后部, 倾侧\nvt. 尾随, 装以鞋跟, 倾侧, 追赶\nvi. 紧随, 用脚后跟传球",,2,1,gk cet4 cet6 ky toefl,3535,3056,s:heels/p:heeled/d:heeled/i:heeling/3:heels,,
heighten,'haitn,"v. become more extreme\nv. make more extreme; raise in quantity, degree, or intensity\nv. increase the height of","vt. 增高, 提高, 加强\nvi. 升高, 变大",,2,,cet6 ky toefl ielts,8474,7990,d:heightened/p:heightened/i:heightening/3:heightens,,
heir,єә,n. a person who is entitled by law or by the terms of a will to inherit the estate of another,"n. 继承人, 嗣子, 后嗣\n[法] 继承人, 后嗣",,2,,cet4 cet6 ky toefl ielts gre,4607,6177,s:heirs,,
hemisphere,'hemisfiә,n. half of the terrestrial globe\nn. half of a sphere\nn. either half of the cerebrum,"n. 半球, 地球的半面, 大脑半球\n[医] 半球",,1,,cet6 ky toefl ielts gre,5852,8591,s:hemispheres,,
henceforth,hens'fɒ:θ,r. from this time forth; from now on,"adv. 自此以后, 今后",,1,,cet6 ky ielts,11925,17401,,,
herb,hә:b,n. a plant lacking a permanent woody stem; many are flowering garden plants or potherbs; some having medicinal properties; some are pests\nn. aromatic potherb used in cookery for its savory qualities,"n. 药草, 香草\n[医] 草, 草本, 草药",,2,,gk cet6 ky toefl ielts,5112,3573,s:herbs,,
heritage,'heritidʒ,n. practices that are handed down from the past by tradition,"n. 遗产, 祖先遗留物, 继承物\n[医] 遗传性",,2,,cet6 ky toefl ielts,3573,3175,s:heritages,,
hesitate,'heziteit,v. pause or hold back in uncertainty or unwillingness\nv. interrupt temporarily an activity before continuing,"vi. 犹豫, 迟疑, 踌躇, 支吾, 停顿",,2,1,cet4 cet6 ky toefl,3279,3924,p:hesitated/i:hesitating/3:hesitates/d:hesitated,,
hierarchy,'haiәrɑ:ki,n. a series of ordered groupings of people or things within a system\nn. the organization of people at different ranks in an administrative body,"n. 等级制度, 僧侣统治, 等级体系\n[计] 分级结构; 分层结构; 新闻组, 新闻组分层",,2,,cet6 ky toefl ielts gre,3591,5206,s:hierarchies,,
highlight,'hailait,n. the most interesting or memorable part\nn. an area of lightness in a picture\nv. apply a highlighter to one's cheeks or eyebrows in order to make them more prominent,"n. 加亮区, 精彩场面\nvt. 加亮, 使显著, 以强光照射, 突出\n[计] 突出",,3,1,cet4 cet6 ky toefl ielts,2853,3369,d:highlighted/s:highlights/3:highlights/p:highlighted/i:highlighting,,
hike,haik,"n. a long walk usually for exercise or pleasure\nv. increase\nv. walk a long way, as for pleasure or physical exercise","n. 徒步旅行, 远足, 涨价, 提高\nvi. 步行, 徒步旅行, 上升\nvt. 使高涨, 拉起",,2,,cet6 ky toefl ielts gre,14785,4456,s:hikes/i:hiking/p:hiked/d:hiked/3:hikes,,
hinder,'hindә,v be a hindrance or obstacle to\nv hinder or prevent the progress or accomplishment of\nv put at a disadvantage\ns located at or near the back of an animal\ns located at or near the back of an animal,"a. 后面的\nv. 阻碍, 打扰",,1,,cet6 ky toefl ielts gre,7538,8229,d:hindered/p:hindered/i:hindering/3:hinders,,
hinge,hindʒ,n. a joint that holds two parts together so that one can swing relative to the other\nn. a circumstance upon which subsequent events depend\nv. attach with a hinge,"n. 铰链, 关键, 枢纽\nvt. 装铰链\nvi. 靠铰链移动, 依...而转移",,1,,cet6 ky toefl ielts gre,9620,8810,s:hinges/p:hinged/3:hinges/d:hinged/i:hingeing,,
historian,hi'stɒ:riәn,n. a person who is an authority on history and who studies it and writes about it,"n. 历史学家, 记事者",,2,,cet6 ky ielts,2722,2542,s:historians,,
hitherto,.hiðә'tu:,r used in negative statement to describe a situation that has existed up to this point or up to the present time,"adv. 迄今, 至今",,1,,cet6 ky ielts gre,4192,16041,,,
hoist,hɒist,n. lifting device for raising heavy or cumbersome objects\nv. raise or haul up with or as if with mechanical help\nv. move from one place to another by lifting\nv. raise,"n. 升高, 起重机, 推动\nv. 升起, 升高, 举起",,1,,cet6 ky toefl ielts gre,9877,9437,p:hoisted/d:hoisted/i:hoisting/3:hoists/0:hoist/1:d/s:hoists,,
homogeneous,.hәumә'dʒi:niәs,a. all of the same or similar kind or nature,"a. 同种的, 同质的, 齐性的\n[医] 同种的, 纯一的, 同质的, 均匀的",,1,,cet6 ky toefl ielts gre,9198,11195,,,
hop,hɒp,n. the act of hopping; jumping upward or forward (especially on one foot)\nn. twining perennials having cordate leaves and flowers arranged in conelike spikes; the dried flowers of this plant are used in brewing to add the characteristic bitter taste to beer\nn. an informal dance where popular music is played\nv. jump lightly,"n. 单脚跳, 跳跃, 舞会, 飞行\nvi. 单脚跳, 跳跃\nvt. 跃过, 跳上, 加蛇麻子于, 服麻醉药\n[计] 跳跃式传输",,2,,cet6 ky ielts,7840,5647,s:hops/i:hopping/p:hopped/d:hopped/3:hops,,
hose,hәuz,n. man's close-fitting garment of the 16th and 17th centuries covering the legs and reaching up to the waist; worn with a doublet\nn. a flexible pipe for conveying a liquid or gas\nv. water with a hose,"n. 水管, 橡皮软管, 长统袜\nvt. 用水管浇",,1,,cet6 ky ielts,9974,6226,s:hoses/i:hosing/d:hosed/p:hosed/3:hoses,,
hospitality,.hɒspi'tæliti,n kindness in welcoming guests or strangers,"n. 款待, 亲切, 殷勤",,1,,cet6 ky ielts,6053,8356,s:hospitalities,,
hostage,'hɒstidʒ,n. a prisoner who is held by one party to insure that another party will meet specified terms,"n. 人质, 抵押品\n[经] 人质, 抵押品",,4,,cet6 ky ielts,5420,3972,s:hostages,,
hostile,'hɒstail,n. troops belonging to the enemy's military forces\na. characterized by enmity or ill will\na. not belonging to your own country's forces or those of an ally\ns. impossible to bring into friendly accord,"a. 敌人的, 怀敌意的, 敌对的\nn. 敌对分子",,2,,cet4 cet6 ky toefl ielts gre,4148,4163,s:hostiles,,
hound,haund,n. any of several breeds of dog used for hunting typically having large drooping ears\nv. pursue or chase relentlessly,"n. 猎犬\nvt. 带猎犬狩猎, 追捕, 激励, 使追逐",,2,,cet6 ky ielts,8069,9177,s:hounds/d:hounded/i:hounding/p:hounded/3:hounds,,
household,'haushәuld,n a social unit living together,"n. 一家人, 家庭, 家族, 王室\na. 家庭的, 家常的, 王室的",,3,1,cet4 cet6 ky toefl,1644,1967,s:households,,
hover,'hʌvә,v. be undecided about something; waver between conflicting positions or courses of action\nv. move to and fro\nv. hang in the air; fly or be suspended above,"vi. 盘旋, 翱翔, 徘徊\nvt. 孵\nn. 翱翔",,2,,cet6 ky toefl ielts gre,6116,5041,i:hovering/p:hovered/3:hovers/d:hovered,,
howl,haul,n. a long loud emotional utterance\nn. the long plaintive cry of a hound or a wolf\nn. a loud sustained noise resembling the cry of a hound\nv. emit long loud cries,"n. 嗥叫, 吠声, 号叫\nvi. 狂吠, 咆哮, 呼啸\nvt. 对...吼叫, 狂喊着说",,2,,gk cet6 ky toefl ielts,10307,8380,p:howled/s:howls/i:howling/3:howls/d:howled,,
huddle,'hʌdl,n. (informal) a quick private conference\nn. a disorganized and densely packed crowd\nv. crowd or draw together\nv. crouch or curl up,"n. 杂乱一团, 混乱, 拥挤\nvt. 把...挤在一起, 乱堆, 草率了事, 蜷曲\nvi. 挤作一团, 蜷缩",,1,,cet6 ky toefl ielts gre,10058,7190,p:huddled/d:huddled/i:huddling/s:huddles/3:huddles,,
hug,hʌg,n. a tight or amorous embrace\nv. fit closely or tightly,"n. 紧抱, 拥抱\nvt. 紧抱, 坚持, 使沾沾自喜",,2,,gk cet6 ky ielts,6694,3858,p:hugged/i:hugging/s:hugs/d:hugged/3:hugs,,
hum,hʌm,n. a humming noise\nv. sing with closed lips\nv. be noisy with activity\nv. sound with a monotonous hum,"n. 嗡嗡声, 哼声, 杂声\nvi. 发低哼声\nvt. 哼, 用哼声表示\ninterj. 哼, 嗯",,2,,cet6 ky ielts,10116,6823,i:humming/p:hummed/3:hums/s:hums/d:hummed,,
humanity,hju:'mæniti,n. the quality of being humane,"n. 人性, 人类, 博爱",,2,,cet6 ky toefl ielts,4999,3501,,,
humble,'hʌmbl,v. cause to be unpretentious\ns. low or inferior in station or quality\na. marked by meekness or modesty; not arrogant or prideful\ns. used of unskilled work (especially domestic work),"a. 低下的, 谦逊的, 粗陋的\nvt. 使...卑下, 降低...地位, 贬抑",,2,,cet4 cet6 ky toefl ielts gre,6375,5970,d:humbled/p:humbled/3:humbles/i:humbling,,
humidity,hju:'miditi,n. wetness in the atmosphere,"n. 湿气, 潮湿, 湿度\n[计] 湿度",,1,,cet6 ky toefl ielts gre,12414,8375,s:humidities,,
hurl,hә:l,n. a violent throw\nv. throw forcefully\nv. utter with force; utter vehemently,"n. 用力的投掷\nvt. 用力投掷, 发射, 愤慨地说出, 丢下\nvi. 猛投, 猛掷",,2,,cet6 ky toefl ielts gre,7001,7332,p:hurled/d:hurled/i:hurling/3:hurls,,
hurricane,'hә:rikәn,n. a severe tropical cyclone usually with heavy rains and winds moving a 73-136 knots (12 on the Beaufort scale),"n. 飓风, 暴风, 暴风雨",,2,,gk cet6 ky toefl ielts gre,7263,4512,s:hurricanes,,
hypothesis,hai'pɒθәsis,n. a proposal intended to explain certain facts or observations\nn. a tentative insight into the natural world; a concept that is not yet verified but that if true would explain certain facts or phenomena,n. 假设\n[化] 假设,,1,,cet6 ky toefl ielts gre,3265,3377,s:hypotheses,,
hysterical,his'terikәl,s. marked by excessive or uncontrollable emotion,"a. 歇斯底里的, 异常兴奋的\n[医] 癔病的, 歇斯底里的",,1,,cet6 ky ielts,9795,9244,,,
ideal,ai'diәl,n. the idea of something that is perfect; something that one hopes to attain\nn. model of excellence or perfection of a kind; one having no equal\ns. conforming to an ultimate standard of perfection or excellence; embodying an ideal\ns. constituting or existing only in the form of an idea or mental image or conception,"n. 理想, 典范, 观念, 思想, 最后目标\na. 理想的, 完美的, 空想的, 观念的, 唯心论的",,4,1,cet4 cet6 ky toefl ielts,1917,2815,s:ideals,,
identical,ai'dentikәl,s. exactly alike; incapable of being perceived as different\ns. being the exact same one; not any other:\na. (of twins) derived from a single egg or ovum\ns. having properties with uniform values along all axes,"a. 同一的, 恒等的, 完全相同的\n[医] 同一的, 同等的",,2,,cet4 cet6 ky toefl ielts,3273,3822,,,
identification,ai.dentifi'keiʃәn,n. evidence of identity; something that identifies a person or thing\nn. the condition of having the identity (of a person or object) established\nn. the attribution to yourself (consciously or unconsciously) of the characteristics of another person (or group of persons),"n. 识别, 身份证明, 认同\n[化] 鉴定; 鉴别; 鉴别法; 认证",,1,,gk cet4 cet6 ky toefl ielts,3230,3289,s:identifications,,
identify,ai'dentifai,"v. recognize as being; establish the identity of someone or something\nv. consider (oneself) as similar to somebody else\nv. conceive of as united or associated\nv. identify as in botany or biology, for example","vt. 识别, 认为...等同于, 确定, 使参与\nvi. 一致, 认同",,4,1,cet4 cet6 ky toefl ielts,757,770,d:identified/i:identifying/3:identifies/p:identified,,
ideology,.aidi'ɒlәdʒi,n. imaginary or visionary theorization,"n. 思想体系, 意识形态, 观念学, 空论\n[医] 观念学, 观念形态",,2,,cet6 ky toefl ielts gre,3078,3644,s:ideologies,,
idiom,'idiәm,n. an expression whose meanings cannot be inferred from the meanings of the words that make it up,"n. 习语, 成语, 惯用语法, 方言",,1,,gk cet4 cet6 ky toefl ielts gre,10357,12698,s:idioms,,
idiot,'idiәt,n. a person of subnormal intelligence,"n. 白痴, 极蠢之人\n[医] 白痴者, 痴子",,2,,cet6 ky toefl ielts,6505,5944,s:idiots,,
ignite,ig'nait,v. cause to start burning; subject to fire or great heat,"vt. 点燃, 使灼热, 使兴奋",,1,,cet6 ky toefl ielts gre,11118,7393,d:ignited/p:ignited/i:igniting/3:ignites,,
ignore,ig'nɒ:,v. refuse to acknowledge\nv. fail to notice\nv. be ignorant of or in the dark about,"vt. 不理睬, 忽视, 驳回, 忽略\n[计] 忽略",,4,1,gk cet4 cet6 ky toefl,1296,1375,d:ignored/i:ignoring/p:ignored/3:ignores,,
illegal,i'li:gәl,a. prohibited by law or by official or accepted rules,"a. 违法的, 不合规定的\n[经] 非法的, 犯规的",,3,1,gk cet4 cet6 ky ielts gre,3103,2071,s:illegals,,
illuminate,i'lju:mineit,v. add embellishments and paintings to (medieval manuscripts),"vt. 照明, 用灯装饰, 阐明, 说明, 使灿烂\nvi. 照亮, 用灯装饰",,1,,cet6 ky toefl ielts gre,6519,5388,d:illuminated/3:illuminates/i:illuminating/p:illuminated,,
illusion,i'lju:ʒәn,n. an erroneous mental representation\nn. something many people believe that is false,"n. 幻影, 错觉, 幻想\n[医] 错觉",,2,,cet4 cet6 ky toefl ielts gre,4675,4317,s:illusions,,
illustrate,'ilәstreit,v. depict with an illustration\nv. supply with illustrations,"vt. 举例说明, 作图解, 阐明\nvi. 举例说明",,3,1,cet4 cet6 ky toefl ielts gre,1676,2348,d:illustrated/3:illustrates/i:illustrating/p:illustrated,,
imaginary,i'mædʒinәri,n (mathematics) a number of the form a+bi where a and b are real numbers and i is the square root of -1\ns not based on fact; unreal,"a. 想像的, 虚构的, 假想的",,1,1,cet4 cet6 ky toefl,6863,6513,,,
imaginative,i'mædʒinәtiv,s. (used of persons or artifacts) marked by independence and creativity in thought or action,"a. 想像的, 虚构的",,2,,cet6 ky toefl ielts,5653,7925,,,
imitate,'imiteit,"v. reproduce someone's behavior or looks\nv. appear like, as in behavior or appearance\nv. make a reproduction or copy of","vt. 模仿, 效法, 冒充, 仿造",,1,,cet4 cet6 ky toefl ielts,7650,6150,i:imitating/d:imitated/p:imitated/3:imitates,,
imitation,.imi'teiʃәn,n. the doctrine that representations of nature or human behavior should be accurate imitations\nn. something copied or derived from an original\nn. copying (or trying to copy) the actions of someone else,"n. 模仿, 效法, 冒充, 赝品\n[医] 模仿, 仿制, 仿制品",,1,,cet6 ky toefl ielts gre,6994,7375,s:imitations,,
immerse,i'mә:s,"v. thrust or throw into\nv. enclose or envelop completely, as if by swallowing","vt. 沉浸, 使陷入\n[医] 浸[入]",,1,,cet6 ky toefl ielts gre,9644,8097,d:immersed/p:immersed/i:immersing/3:immerses,,
immigrant,'imigrәnt,n. a person who comes to a country where they were not born in order to settle there,"n. 移民\na. 移入的, 移民的",,3,,cet4 cet6 ky toefl ielts,6097,2069,s:immigrants,,
immune,i'mju:n,n. a person who is immune to a particular infection\na. relating to the condition of immunity\ns. secure against\ns. relating to or conferring immunity (to disease or infection),"a. 免疫的, 免除的, 不受影响的\nn. 免疫者",,3,,cet6 ky toefl ielts gre,5649,4200,,,
impact,'impækt,n. the striking of one body against another\nn. a forceful consequence; a strong effect\nv. press or wedge together; pack together,"n. 冲击, 冲突, 影响, 效果\nvt. 挤入, 撞击, 压紧, 对...发生影响",,4,1,cet4 cet6 ky toefl ielts gre,1263,919,s:impacts/p:impacted/d:impacted/i:impacting/3:impacts,,
impair,im'pєә,v. make worse or less effective,"vt. 损害, 减少, 削弱\n[法] 损害, 伤害, 减少",,1,,cet6 ky toefl ielts gre,7785,7440,d:impaired/p:impaired/3:impairs/i:impairing,,
impart,im'pɑ:t,v. transmit (knowledge or skills)\nv. transmit or serve as the medium for transmission,"vt. 给予, 传授, 告知",,1,,cet6 ky toefl ielts gre,9511,9673,p:imparted/3:imparts/i:imparting/d:imparted,,
impatient,im'peiʃәnt,a. restless or short-tempered under delay or opposition\ns. (usually followed by `to') full of eagerness,"a. 不耐烦的, 着急的, 急切的",,2,1,cet4 cet6 ky toefl,7043,7451,,,
imperative,im'perәtiv,n. some duty that is essential and urgent\na. requiring attention or action\na. relating to verbs in the imperative mood,"n. 命令, 必要的事, 规则, 祈使语气\na. 命令式的, 急需的, 势在必行的, 强制的",,1,,cet6 ky toefl ielts gre,8822,8360,s:imperatives,,
imperial,im'piәriәl,n. a small tufted beard worn by Emperor Napoleon III\nn. a piece of luggage carried on top of a coach\na. relating to or associated with an empire\na. of or belonging to the British Imperial System of weights and measures,"a. 帝王的, 宗主国的, 至尊的, 壮丽的\nn. 特等品",,2,,cet6 ky ielts gre,3131,5035,,,
impetus,'impitәs,n a force that moves something along\nn the act of applying force suddenly,"n. 动力, 推动力, 动量\n[医] 冲动, 动能, 起始(病)",,1,,cet6 ky toefl ielts gre,6984,9359,,,
implement,'implimәnt,n. instrumentation (a piece of equipment or tool) used to effect an end\nv. apply in a manner consistent with its purpose or design,"n. 工具, 器具, 手段\nvt. 实现, 使生效, 执行",,3,,cet4 cet6 ky toefl ielts gre,2149,2285,d:implemented/i:implementing/s:implements/3:implements/p:implemented,,
implication,.impli'keiʃәn,n. an accusation that brings into intimate and usually incriminating connection\nn. a logical relation between propositions p and q of the form `if p then q'; if p is true then q cannot be false\nn. a relation implicated by virtue of involvement or close connection (especially an incriminating involvement),"n. 牵连, 含义, 暗示\n[法] 推断, 含蓄之意, 暗示",,3,1,cet4 cet6 ky toefl gre,1627,2434,s:implications,,
implicit,im'plisit,a. implied though not directly expressed; inherent in the nature of something\ns. being without doubt or reserve,"a. 暗示的, 含蓄的, 固有的, 绝对的\n[经] 不讲明的, 含蓄的",,2,,cet6 ky toefl ielts gre,5088,6734,,,
imply,im'plai,v. express or state indirectly\nv. suggest as a logically necessary consequence; in logic\nv. have as a necessary feature,"vt. 暗示, 意味\n[计] 隐含",,3,1,cet4 cet6 ky toefl,1675,2796,3:implies/d:implied/i:implying/p:implied,,
impose,im'pәuz,v compel to behave in a certain way\nv impose something unpleasant\nv impose and collect,"vt. 征(税), 把...强加于, 以...欺骗\nvi. 利用, 欺骗, 施加影响",,4,1,cet4 cet6 ky toefl ielts gre,1517,2334,d:imposed/p:imposed/3:imposes/i:imposing,,
impulse,'impʌls,n. the act of applying force suddenly,"n. 冲动, 驱使, 刺激, 推动, 冲力, 建议, 脉冲\nvt. 推动",,2,,cet6 ky toefl ielts gre,5362,4695,s:impulses,,
inaugurate,i'nɒ:gjureit,v. commence officially\nv. open ceremoniously or dedicate formally\nv. be a precursor of,"vt. 开始, 举行...就职典礼",,1,,cet6 toefl ielts gre,12168,11908,p:inaugurated/d:inaugurated/i:inaugurating/3:inaugurates,,
incentive,in'sentiv,n. a positive motivational influence,n. 动机\na. 激励的,,2,,cet6 ky toefl ielts gre,3252,2726,s:incentives,,
incidence,'insidәns,n. the relative frequency of occurrence of something\nn. the striking of a light beam on a surface,"n. 发生, 发生率, 影响, 负担者, 入射, 倾角\n[医] 入射, 发生率, 发生数",,1,,cet6 ky toefl ielts gre,3906,5847,s:incidences,,
incident,'insidәnt,n. a single distinct event\nn. a public disturbance\na. falling or striking of light rays on something,"n. 事件, 事变, 小事\na. 附带的, 易于发生的, 外来的, 入射的",,4,1,gk cet4 cet6 ky toefl,1785,1980,s:incidents,,
incidentally,.insi'dentәli,r. of a minor or subordinate nature,"adv. 伴随地, 偶然, 顺便",,2,,cet6 ky toefl ielts,5245,8677,,,
incline,in'klain,"v. bend or turn (one's ear) towards a speaker in order to listen well\nv. lower or bend (the head or upper body), as in a nod or bow\nv. feel favorably disposed or willing","n. 倾斜, 斜坡, 斜面\nvt. 使倾向于, 使倾斜\nvi. 倾向, 倾斜, 爱好, 易于",,1,,cet4 cet6 ky ielts,12104,12701,p:inclined/i:inclining/d:inclined/3:inclines/s:inclines,,
inclusive,in'klu:siv,a. including much or everything; and especially including stated limits,"a. 包含的, 包括的",,1,,cet6 ky toefl ielts gre,11747,8272,,,
incorporate,in'kɒ:pәreit,v. include or contain; have as a component\nv. form a corporation\nv. unite or merge with something already in existence\ns. formed or united into a whole,"a. 合并的, 组成公司的, 一体化的\nvt. 吸收, 合并, 使组成公司, 体现\nvi. 合并, 混合, 组成公司",,2,,cet6 ky toefl ielts gre,2095,2600,d:incorporated/i:incorporating/3:incorporates/p:incorporated,,
incredible,in'kredәbl,a. beyond belief or understanding,a. 难以置信的,,3,,cet6 ky toefl ielts,4939,3026,,,
incur,in'kә:,v. make oneself subject to; bring upon oneself; become liable to,"vt. 招致, 蒙受, 遭遇\n[经] 招致, 蒙受, 担负",,2,,cet6 ky toefl ielts gre,4012,8042,d:incurred/i:incurring/p:incurred/3:incurs,,
indefinite,in'definit,a. vague or not clearly defined or stated\ns. not decided or not known,"a. 模糊的, 不确定的, 无限的\n[法] 不确定的, 无限制的",,1,,cet4 cet6 toefl ielts,11948,13974,,,
independence,.indi'pendәns,n. freedom from control or influence of another or others\nn. the successful ending of the American Revolution\nn. a city in western Missouri; the beginning of the Santa Fe Trail,"n. 独立, 自立, 自主\n[医] 自主性, 独立性",,,1,gk cet4 cet6 ky ielts,2010,2291,,,
indicative,in'dikәtiv,a. relating to the mood of verbs that is used simple in declarative statements\ns. (usually followed by `of') pointing out or revealing clearly,"a. 指示的, 象征的, 表示...的\n[经] 指标的",,1,,cet6 ky toefl ielts gre,8955,9866,,,
indifferent,in'difәrәnt,s. showing no care or concern in attitude or action\ns. fairly poor to not very good\ns. marked by no especial liking or dislike or preference for one thing over another\ns. characterized by a lack of partiality,"a. 漠不关心的, 无重要性的, 中立的\n[医] 中性的, 无作用的, 无亲和力的, 淡漠的",,1,,cet4 cet6 ky toefl ielts gre,7546,8368,,,
indignant,in'dignәnt,s. angered at something unjust or wrong,"a. 愤怒的, 愤慨的",,1,,cet4 cet6 ky toefl ielts gre,11758,14792,,,
indignation,.indig'neiʃәn,n. a feeling of righteous anger,"n. 愤怒, 愤慨, 义愤",,,,cet6 ky gre,9794,12282,,,
indispensable,.indis'pensәbl,a. not to be dispensed with; essential\ns. unavoidable,"n. 不可缺少之物\na. 不可缺少的, 责无旁贷的, 绝对必要的",,1,,cet4 cet6 ky toefl ielts,8544,8952,s:indispensables,,
individual,.indi'vidʒuәl,n. a single organism\na. being or characteristic of a single thing or person\ns. separate and distinct from others of the same kind\ns. characteristic of or meant for a single person or thing,"n. 人, 个人, 个体\na. 个别的, 个人的, 独特的",,4,1,cet4 cet6 ky ielts gre,738,762,s:individuals,,
induce,in'dju:s,v. cause to arise\nv. cause to do; cause to act in a specified manner\nv. cause to occur rapidly\nv. reason or establish by induction,"vt. 引诱, 招致, 归纳出, 感应\n[医] 诱导, 感应",,2,,cet6 ky toefl ielts gre,3326,5257,d:induced/p:induced/3:induces/i:inducing,,
indulge,in'dʌldʒ,v. give free rein to\nv. enjoy to excess,"vt. 纵情于, 使高兴, 放任, 迁就\nvi. 沉溺",,2,,cet6 ky ielts gre,5543,6841,i:indulging/d:indulged/p:indulged/3:indulges,,
industrial,in'dʌstriәl,a. of or relating to or resulting from industry\na. having highly developed industries\ns. employed in industry\ns. suitable to stand up to hard wear,"a. 工业的, 供工业用的, 工业高度发展的, 产业的\nn. 工业工人, 工业股票",,4,1,cet4 cet6 ky toefl ielts,863,1913,,,
inertia,i'nә:ʃә,n. (physics) the tendency of a body to maintain its state of rest or uniform motion unless acted upon by an external force,"n. 惯性, 惰性, 迟钝\n[化] 惯性",,1,,cet6 ky ielts gre,11341,12961,s:inertias,,
inevitable,in'evitәbl,n. an unavoidable event\na. incapable of being avoided or prevented\ns. invariably occurring or appearing,"a. 不可避免的, 必然的\n[法] 不可避免的, 无法规避的, 必然的",,3,1,cet4 cet6 ky toefl ielts,2837,3561,,,
infant,'infәnt,n a very young child (birth to 1 year) who has not yet begun to walk or talk,"n. 婴儿, 儿童, 初学者\na. 婴儿的, 幼稚的",,2,,cet4 cet6 ky toefl ielts gre,2948,3037,s:infants,,
infectious,in'fekʃәs,"s. caused by infection or capable of causing infection\na. easily spread; children catch it from their elders""- Bertrand Russell\na. of or relating to infection","a. 有传染性的, 易传染的\n[医] 传染性的",,1,1,cet6 ky toefl ielts,8627,7091,,,
inferior,in'fiәriә,n. one of lesser rank or station or quality\na. of or characteristic of low rank or importance\na. of low or inferior quality\na. having an orbit between the sun and the Earth's orbit,"a. 次等的, 较差的, 下方的, 下级的\nn. 部下, 次品, 下标(符号)",,2,,cet4 cet6 ky toefl ielts gre,5966,7505,s:inferiors,,
infinite,'infinit,a. having no limits or boundaries in time or space or extent or magnitude\na. of verbs; having neither person nor number nor mood (as a participle or gerund or infinitive)\ns. total and all-embracing,"n. 无限, 神\na. 无穷的, 无限的, 极大的",,2,,cet4 cet6 ky ielts,6045,6860,,,
inflict,in'flikt,v. impose something unpleasant,"vt. 施以, 加害, 使承受\n[法] 处, 加, 予以",,2,,cet6 toefl ielts gre,5303,6479,d:inflicted/i:inflicting/p:inflicted/3:inflicts,,
ingenious,in'dʒi:njәs,s showing inventiveness and skill,"a. 灵敏的, 精巧的, 聪明的",,1,,cet6 ky toefl ielts gre,9550,11520,,,
ingredient,in'gri:diәnt,n. a component of a mixture or compound\nn. food that is a component of a mixture in cooking,"n. 成分, 因素\n[化] 配合剂; 拼料; 成分; 组分",,3,1,cet4 cet6 ky toefl ielts gre,3844,2590,s:ingredients,,
inhabit,in'hæbit,v. be present in,"vt. 居住于, 占据, 栖息",,2,,cet4 cet6 ky toefl ielts gre,6908,6052,d:inhabited/p:inhabited/3:inhabits/i:inhabiting,,
inhabitant,in'hæbitәnt,n. a person who inhabits a particular place,"n. 居民, 居住者\n[医] 居民",,2,,cet4 cet6 ky toefl ielts gre,4166,5914,s:inhabitants,,
inherent,in'hiәrәnt,s existing as an essential constituent or characteristic\ns in the nature of something though not readily apparent,"a. 固有的, 与生俱来的\n[医] 固有的, 生来的",,2,,cet6 ky toefl ielts,4850,4924,,,
inherit,in'herit,v. obtain from someone after their death\nv. receive from a predecessor\nv. receive by genetic transmission,"vt. 继承, 遗传\nvi. 接受遗产",,2,,cet4 cet6 ky toefl ielts gre,3786,4471,d:inherited/p:inherited/i:inheriting/3:inherits,,
inhibit,in'hibit,"v. limit the range or extent of\nv. limit, block, or decrease the action or function of\nv. control and refrain from showing; of emotions, desires, impulses, or behavior","vt. 禁止, 抑制\nvi. 起抑制作用",,1,,cet6 ky toefl ielts gre,5110,7404,d:inhibited/3:inhibits/i:inhibiting/p:inhibited/s:inhibits,,
initial,i'niʃәl,n. the first letter of a word (especially a person's name)\nv. mark with one's initials\ns. occurring at the beginning,"n. 字首, 首字母\na. 开始的, 最初的, 字首的\nvt. 用姓名的首字母签名",,3,1,gk cet4 cet6 ky toefl ielts gre,1525,1943,s:initials/p:initialled/d:initialled/i:initialling/3:initials,,
initiate,i'niʃieit,"n. someone who has been admitted to membership in a scholarly field\nn. people who have been introduced to the mysteries of some field or activity\nv. take the lead or initiative in; participate in the development of\nv. accept people into an exclusive society or group, usually with some rite","n. 入会, 开始\na. 新加入的\nvt. 开始, 传授基本知识给",,2,,cet6 ky toefl ielts gre,3422,3524,d:initiated/i:initiating/p:initiated/3:initiates/s:initiates,,
initiative,i'niʃiәtiv,n readiness to embark on bold new ventures\nn the first of a series of actions\ns serving to set in motion,"n. 主动行动, 首创精神, 主动权\na. 自发的, 起始的",,3,1,cet4 cet6 ky ielts gre,1688,2138,s:initiatives,,
inject,in'dʒekt,v. give an injection to\nv. to introduce (a new aspect or element)\nv. force or drive (a fluid or gas) into by piercing\nv. take by injection,"vt. 注射, 注入, 使入轨\n[医] 注射",,2,,cet6 ky toefl ielts,5577,5597,d:injected/i:injecting/p:injected/3:injects,,
inland,'inlәnd,a. situated away from an area's coast or border\nr. towards or into the interior of a region,"a. 内陆的, 国内的\nn. 内地",,2,,gk cet6 ky toefl ielts,5084,11233,,,
inlet,'inlet,n. an arm off of a larger body of water (often between rocky headlands),"n. 进口, 插入物\n[化] 入口; 进口; 投料口; 供料口",,1,,cet6 ky,12339,13676,s:inlets,,
innovation,.inәu'veiʃәn,n a creation (a new device or process) resulting from study and experimentation\nn the creation of something in the mind\nn the act of starting something for the first time; introducing something new,"n. 改革, 创新\n[法] 创新, 改革, 刷新",,2,,cet6 ky toefl ielts gre,3151,3657,s:innovations,,
innumerable,i'nju:mәrәbl,s too numerous to be counted,"a. 无数的, 数不清的",,1,,cet6 ky toefl ielts,11097,12952,,,
input,'input,n. a component of production; something that goes into the production of output\nv. enter (data or a program) into a computer,"n. 输入, 输入电路\nvt. 输入\n[计] 输入",,2,,cet4 cet6 ky,2275,4120,s:inputs/d:input/0:input/1:d/i:inputting/p:input/3:inputs,,
insane,in'sein,a. afflicted with or characteristic of mental derangement,"a. 患精神病的, 极愚蠢的\n[医] 神经错乱的",,2,,cet6 toefl ielts gre,9980,6471,,,
insect,'insekt,n. small air-breathing arthropod,"n. 昆虫, 卑鄙的人\n[医] 昆虫",,2,1,gk cet4 cet6 ky ielts,3450,3405,s:insects,,
insert,in'sә:t,n. a folded section placed between the leaves of another publication\nn. an artifact that is inserted or is to be inserted\nv. put or introduce into something\nv. introduce,"n. 插入物\nvt. 插入, 把(人造卫星)射入(轨道), 添写\nvi. 附着\n[计] 插入",,2,1,gk cet4 cet6 ky toefl ielts gre,3796,4301,d:inserted/i:inserting/p:inserted/s:inserts/3:inserts,,
insight,'insait,n. a feeling of understanding\nn. the clear (and often sudden) understanding of a complex situation\nn. grasping the inner nature of things intuitively,"n. 察看, 洞察力, 见识\n[医] 自知力, 洞察, 顿悟",,2,,cet4 cet6 ky toefl ielts,3302,2840,s:insights,,
insist,in'sist,v. be emphatic or resolute and refuse to budge\nv. assert to be true,"v. 坚持, 坚决主张, 强调",,4,1,zk gk cet4 cet6 ky toefl,1411,1359,p:insisted/3:insists/i:insisting/d:insisted,,
inspiration,.inspә'reiʃәn,n. arousal of the mind to special unusual activity or creativity\nn. a product of your creative thinking and work\nn. a sudden intuition as part of solving a problem,"n. 灵感, 鼓舞人心的人或物, 妙计, 吸气\n[医] 吸[气]",,,,cet6 ky toefl ielts gre,4499,4058,s:inspirations,,
inspire,in'spaiә,v. heighten or intensify\nv. supply the inspiration for,"vt. 使感动, 激发, 启示, 吸入, 鼓舞, 产生, 使生灵感\nvi. 吸入, 赋予灵感",,4,,gk cet4 cet6 ky toefl ielts,3204,2299,d:inspired/p:inspired/3:inspires/i:inspiring,,
install,in'stɒ:l,v. set up for use\nv. put into an office or a position\nv. place,"vt. 安装, 安置, 使就职\n[计] 安装, 安装程序; DOS内部命令:安装常驻程序",,3,1,cet4 cet6 ky toefl ielts gre,2603,2505,d:installed/i:installing/p:installed/3:installs,,
installment,in'stɒ:lmәnt,n. a payment of part of a debt; usually paid at regular intervals\nn. a part of a published serial,"n. 就职, 装设, 分期付款\n[经] 分期付款",,,,cet6 ky toefl gre,0,10234,s:installments,,
instance,'instәns,n an occurrence of something\nn an item of information that is typical of a class or group\nv clarify by giving an example of,"n. 建议, 情况, 例子, 场合\nvt. 引以为例, 举例说明",,4,1,cet4 cet6 ky,2441,2957,s:instances/d:instanced/i:instancing/p:instanced/3:instances,,
instantaneous,.instәn'teinjәs,s. occurring with no delay,"a. 即时的, 瞬间的, 猝发的\n[机] 瞬时的",,1,,cet6 ky toefl ielts gre,14344,14192,,,
instinct,'instiŋkt,n. inborn pattern of behavior often responsive to specific stimuli\ns. (followed by `with')deeply filled or permeated,"n. 本能, 直觉\na. 充满着的",,2,,cet4 cet6 ky toefl ielts,3843,4239,s:instincts,,
institute,'institju:t,n. an association organized to promote art or science or education\nv. advance or set forth in court,"n. 学会, 学院, 协会\nvt. 创立, 开始, 制定, 任命",,4,1,gk cet4 cet6 ky toefl ielts gre,1630,7980,s:institutes/d:instituted/p:instituted/i:instituting/3:institutes,,
institution,.insti'tju:ʃәn,n. an organization founded and united for a specific purpose\nn. an establishment consisting of a building or complex of buildings where an organization for the promotion of some cause is situated\nn. a custom that for a long time has been an important feature of some group or society,"n. 机构, 惯例, 制度\n[医] 机关, 机构, 设施",,4,1,gk cet4 cet6 ky toefl ielts gre,880,987,s:institutions,,
instruct,in'strʌkt,v. give instructions or directions for some task\nv. make aware of,"vt. 教, 教育, 命令, 通知\n[法] 托办, 指导, 指示",,3,,gk cet4 cet6 ky toefl,3820,4243,d:instructed/p:instructed/i:instructing/3:instructs,,
instrument,'instrumәnt,"n. a device that requires skill for proper use\nn. the means whereby some act is accomplished\nn. a person used by another to gain an end\nv. equip with instruments for measuring, recording, or controlling","n. 工具, 手段, 仪器\n[化] 仪器",,3,1,gk cet4 cet6 ky toefl ielts,1709,1611,s:instruments,,
instrumental,.instru'mentәl,a. relating to or designed for or performed on musical instruments,"a. 仪器的, 器具的, 可作为手段的\n[医] 器械的",,1,,cet6 ky toefl ielts gre,6161,5653,s:instrumentals,,
insulate,'insjuleit,"v. protect from heat, cold, or noise by surrounding with insulating material","vt. 使绝缘, 隔离\n[医] 绝缘",,1,,cet6 ky toefl ielts gre,11805,10264,d:insulated/p:insulated/i:insulating/3:insulates/s:insulates,,
insurance,in'ʃurәns,n. promise of reimbursement in the case of loss; paid to people or companies so concerned about hazards that they have made prepayments to an insurance company,"n. 保险, 保险业, 保险费\n[医] 保险",,4,1,gk cet4 cet6 ky ielts,1347,1197,s:insurances,,
intact,in'tækt,s. (of a woman) having the hymen unbroken\ns. undamaged in any way,"a. 尚未被人碰过的, 原封不动的, 完整的\n[医] 完整的, 无伤的",,2,,cet6 ky toefl ielts gre,4953,4626,,,
integral,'intigrәl,n. the result of a mathematical integration; F(x) is the integral of f(x) if dF/dx = f(x)\ns. constituting the undiminished entirety; lacking nothing essential especially not damaged\na. of or denoted by an integer,"n. 整体, 积分, 整数\na. 固有的, 整体的, 整数的, 积分的\n[计] 积分",,1,,cet6 ky toefl ielts gre,5095,5882,s:integrals,,
integrity,in'tegriti,n. an undivided or unbroken completeness or totality with nothing wanting\nn. moral soundness,"n. 正直, 廉正, 完整\n[计] 完整性",,2,,cet6 ky toefl ielts gre,4364,3464,,,
intellect,'intәlekt,n knowledge and intellectual ability\nn the capacity for rational thought or inference or discrimination\nn a person who uses the mind creatively,"n. 智力, 出众的才华, 知识分子\n[医] 智力, 才智",,1,,cet6 toefl ielts gre,8730,8849,s:intellects,,
intellectual,.intә'lektʃuәl,n. a person who uses the mind creatively\ns. of or associated with or requiring the use of the mind\na. appealing to or using the intellect,"n. 有知识者, 知识分子, 凭理智做事者\na. 智力的, 用脑力的, 聪明的",,3,,cet4 cet6 ky toefl ielts gre,3040,2857,s:intellectuals,,
intelligent,in'telidʒәnt,a. having the capacity for thought and reason especially to a high degree\ns. possessing sound knowledge\ns. endowed with the capacity to reason,"a. 聪明的, 智能的, 了解的",,3,1,cet4 cet6 ky toefl ielts,3621,3709,,,
intelligible,in'telidʒәbl,"a. well articulated or enunciated, and loud enough to be heard distinctly","a. 可理解的, 易理解的, 纯概念性的",,,,cet6 ky toefl ielts gre,14873,17337,,,
intense,in'tens,a. possessing or displaying a distinctive feature to a heightened degree\ns. (of color) having the highest saturation,"a. 非常的, 强烈的, 紧张的, 热情的\n[医] 强的",,3,,cet4 cet6 ky toefl ielts,3202,2295,,,
intensify,in'tensifai,"v. make more intense, stronger, or more marked\nv. become more intense\nv. make the chemically affected part of (a negative) denser or more opaque in order produce a stronger contrast between light and dark",vt. 加强\nvi. 强化,,2,,cet6 toefl ielts gre,6475,5921,d:intensified/p:intensified/i:intensifying/3:intensifies,,
intensive,in'tensiv,s. characterized by a high degree or intensity; often used as a combining form\na. tending to give force or emphasis\na. of agriculture; intended to increase productivity of a fixed area by expending more capital and labor,"a. 加强的, 内涵的, 集中的\nn. 加强器",,2,,cet4 cet6 ky toefl ielts,3826,4973,,,
intent,in'tent,n. the intended meaning of a communication,"n. 意图, 含义, 故意\na. 专心的, 决心的, 热心的",,2,,cet6 toefl ielts gre,4702,3961,s:intents,,
interact,.intәr'ækt,v. act together or towards others or with others,"vi. 互相影响, 交互作用\nn. 幕间剧, 幕间休息",,2,,cet6 ky toefl ielts,6221,4341,3:interacts/i:interacting/p:interacted/d:interacted,,
interaction,.intәr'ækʃәn,n. a mutual or reciprocal action; interacting\nn. (physics) the transfer of energy between elementary particles or between an elementary particle and a field or between fields; mediated by gauge bosons,"n. 交互作用, 交感\n[计] 交互作用",,,,cet4 cet6 toefl gre,2517,2075,s:interactions,,
intercourse,'intәkɒ:s,n. communication between individuals,"n. 交往, 交流\n[医] 交际, 往来",,2,,cet6 ky,6243,7736,,,
interfere,.intә'fiә,v. come between so as to be hindrance or obstacle,"vi. 妨碍, 冲突, 干涉, 抵触\n[医] 干扰, 干涉, 阻碍, 碰腿(马)",,2,,cet4 cet6 ky toefl,3769,4424,i:interfering/d:interfered/3:interferes/p:interfered,,
interim,'intәrim,"n. the time between one event, process, or period and another\ns. serving during an intermediate interval of time","a. 暂时的, 临时的, 间歇的\nn. 过渡时期",,3,,cet6 ky ielts gre,4055,6845,s:interims,,
intermittent,.intә'mitәnt,s. stopping and starting at irregular intervals,"a. 间歇的, 断断续续的\n[化] 间歇的; 间断的",,1,,cet6 ky toefl ielts gre,11287,12236,,,
internal,in'tә:nәl,a. happening or arising or located within some limits or especially surface\ns. occurring within an institution or community,"a. 内在的, 国内的\n[医] 内的, 内部的",,3,1,cet4 cet6 ky toefl ielts,1418,1728,s:internals,,
interpret,in'tә:prit,v. make sense of; assign a meaning to\nv. give an interpretation or rendition of,"vt. 解释, 演出, 翻译, 理解\nvi. 翻译, 解释",,2,1,cet4 cet6 ky toefl ielts,2094,2755,d:interpreted/i:interpreting/p:interpreted/3:interprets,,
interrupt,.intә'rʌpt,n. a signal that temporarily stops the execution of a program so that another procedure can be carried out\nv. make a break in\nv. destroy the peace or tranquility of\nv. interfere in someone else's activity,"vt. 中断, 妨碍, 插嘴\nvi. 打断\nn. 中断\n[计] 中断",,2,1,gk cet4 cet6 ky toefl gre,3386,3407,p:interrupted/d:interrupted/i:interrupting/3:interrupts/s:interrupts,,
intersection,.intә'sekʃәn,n. a point where lines intersect\nn. a junction where one street or road crosses another\nn. a point or set of points common to two or more geometric configurations,"n. 交集, 十字路口, 交叉点\n[计] 逻辑乘; 与",,,,cet6 ky toefl ielts,11897,5760,s:intersections/i:intersectioning,,
intervene,.intә'vi:n,"v. get involved, so as to alter or hinder an action, or through force or threat of force\nv. be placed or located between other things or extend between spaces and events\nv. occur between other event or between certain points of time","vi. 插入, 调停, 干涉\n[经] 进场干预",,2,,cet6 ky toefl ielts gre,3956,5091,p:intervened/d:intervened/3:intervenes/i:intervening,,
intimate,'intimәt,"v. give to understand\ns. marked by close acquaintance, association, or familiarity\ns. involved in a sexual relationship\ns. thoroughly acquainted through study or experience","a. 亲密的, 私人的, 秘密的\nvt. 暗示, 通知, 告诉\nn. 至交",,2,,cet4 cet6 ky toefl ielts gre,5263,4217,d:intimated/p:intimated/3:intimates/i:intimating,,
intimidate,in'timideit,v. make timid or fearful\nv. to compel or deter by or as if by threats,"vt. 威胁, 恐吓\n[法] 恐吓, 威胁, 使恐惧",,2,,cet4 cet6 ky toefl ielts gre,9564,6635,d:intimidated/p:intimidated/3:intimidates/i:intimidating,,
intricate,'intrikit,s. having many complexly arranged elements; elaborate,"a. 复杂的, 错综的, 缠结的, 难懂的",,1,,cet6 ky toefl ielts gre,8539,7255,i:intricating,,
intrigue,in'tri:g,n. a crafty and involved plot to achieve your (usually sinister) ends\nn. a clandestine love affair\nv. cause to be interested or curious,"n. 阴谋, 复杂的事\nvi. 密谋, 私通\nvt. 激起...的兴趣, 用诡计取得",,2,,cet6 ky toefl ielts gre,11346,7897,s:intrigues/d:intrigued/p:intrigued/i:intriguing/3:intrigues,,
intrinsic,in'trinsik,a. belonging to a thing by its very nature\ns. situated within or belonging solely to the organ or body part on which it acts,"a. 本质的, 原有的, 真正的\n[医] 内部的, 内在的",,1,,cet6 ky toefl ielts,7995,7449,s:intrinsics,,
intuition,.intju:'iʃәn,n. instinctive knowing (without the use of rational processes)\nn. an impression that something might be the case,"n. 直觉, 直觉的知识",,1,,cet6 ky toefl ielts gre,7905,8521,s:intuitions,,
invalid,in'vælid,"n. someone who is incapacitated by a chronic illness or injury\nv. force to retire, remove from active duty, as of firemen\na. having no cogency or legal force\ns. no longer valid","n. 病人, 残废者\na. 有病的, 无效的",,1,,cet6 ky toefl ielts,7986,17470,s:invalids/i:invaliding/p:invalided/3:invalids/d:invalided,,
invaluable,in'væljuәbl,"s. having incalculable monetary, intellectual, or spiritual worth","a. 无价的, 价值无法衡量的",,1,,cet6 ky toefl ielts,6383,10081,,,
invariably,in'vєәriәbli,"r without variation or change, in every case","adv. 不变化地, 恒定地, 始终如一地",,2,,cet6 ky toefl ielts,4099,7099,,,
inventory,'invәntәri,n. a detailed list of all the items in stock\nn. (accounting) the value of a firm's current assets including raw materials and work in progress and finished goods\nn. making an itemized list of merchandise or supplies on hand\nv. make or include in an itemized record or report,"n. 详细目录, 存货清单\nvt. 列入详细目录, 清点存货\n[计] 存货清单",,2,,cet6 ky toefl ielts gre,7219,3967,s:inventories/p:inventoried/d:inventoried/i:inventorying/3:inventories,,
invert,in'vә:t,"v. make an inversion (in a musical composition)\nv. reverse the position, order, relation, or condition of","a. 转化的\nvt. 使反转, 使颠倒, 使转化\nn. 颠倒的事物\n[计] 倒置; 反转",,1,,cet6 ky toefl ielts gre,20592,15967,i:inverting/s:inverts/p:inverted/3:inverts/d:inverted,,
invest,in'vest,v. make an investment\nv. furnish with power or authority; of kings or emperors\nv. provide with power and authority,"vt. 投资, 花费, 笼罩, 授予\nvi. 投资, 利用",,3,1,cet4 cet6 ky ielts,2329,2001,d:invested/i:investing/p:invested/3:invests,,
investigate,in'vestigeit,v. investigate scientifically\nv. conduct an inquiry or investigation of,"v. 调查, 审查",,4,1,cet4 cet6 ky toefl ielts gre,1708,1802,d:investigated/i:investigating/p:investigated/3:investigates,,
invisible,in'vizәbl,a. impossible or nearly impossible to see; imperceptible by the eye,"a. 看不见的, 无形的\n[经] 无形的, 表面上看不见的, 未列在公开帐目的",,2,,cet4 cet6 ky ielts,4744,3811,s:invisibles,,
involve,in'vɒlv,v. connect closely and often incriminatingly\nv. engage as a participant\nv. contain as a part\nv. occupy or engage the interest of,"vt. 包括, 使陷于, 潜心于, 包围\n[医] 累及, 牵涉, 包含",,4,1,cet4 cet6 ky toefl ielts,419,656,d:involved/i:involving/3:involves/p:involved,,
irony,'aiәrәni,n. incongruity between what might be expected and what actually occurs\nn. a trope that involves incongruity between what is expected and what occurs,"n. 反语, 讽刺, 具有讽刺意味的事",,2,,cet6 ky toefl ielts gre,5633,4338,s:ironies,,
irrespective,.iri'spektiv,r in spite of everything; without regard to drawbacks,"a. 不顾的, 无关的, 没关系的",,1,,cet6 ky ielts,0,14501,,,
irrigation,.iri'geiʃәn,n. supplying dry land with water by means of ditches etc\nn. (medicine) cleaning a wound or body organ by flushing or washing out with water or a medicated solution,"n. 灌溉, 冲洗\n[医] 冲洗法, 灌溉",,,,gk cet6 toefl ielts,12413,6974,s:irrigations,,
irritate,'iriteit,"v. excite to an abnormal condition, or chafe or inflame\nv. excite to some characteristic action or condition, such as motion, contraction, or nervous impulse, by the application of a stimulus","vt. 激怒, 使发怒, 使兴奋, 使发炎\nvi. 引起不快",,2,1,cet6 ky toefl ielts gre,7783,8466,d:irritated/p:irritated/3:irritates/i:irritating,,
isle,ail,n. a small island,"n. 小岛, 群岛\nvt. 使成为岛状\nvi. 住在岛屿上",,2,,ky ielts,3274,19025,s:isles,,
isolate,'aisәleit,v. place or set apart\nv. obtain in pure form\nv. separate (experiences) from the emotions relating to them,"vt. 使隔离, 使孤立, 使绝缘\nn. 隔离种群",,1,,cet4 cet6 ky toefl ielts gre,3830,3963,d:isolated/p:isolated/3:isolates/i:isolating/s:isolates,,
issue,'isju,n. an important question that is in dispute and must be settled\nn. one of a series published periodically\nn. the act of providing an item for general use or for official purposes (usually in quantity)\nn. supplies (as food or clothing or ammunition) issued by the government,"n. 发行, 问题, 后果, 流出, 出口, 争端\nvi. 发行, 流出, 造成...结果, 传下\nvt. 使流出, 放出, 发行, 发布, 发给",,5,1,cet4 cet6 ky toefl ielts gre,341,248,s:issues/d:issued/p:issued/i:issuing/3:issues,,
item,'aitәm,n. a distinct part that can be specified separately in a group of things that could be enumerated on a list\nn. a whole individual unit; especially when included in a list or collection\nr. (used when listing or enumerating items) also,"n. 项目, 条款, 一则, 项\n[计] 项",,4,1,cet4 ky ielts,950,1031,s:items,,
ivory,'aivәri,n. a hard smooth ivory colored dentine that makes up most of the tusks of elephants and walruses,"n. 象牙, 乳白色\na. 象牙制的, 乳白色的",,2,,cet6 ielts gre,6491,6654,s:ivories,,
jeopardize,'dʒepәdaiz,v pose a threat to; present a danger to\nv put at risk,"vt. 危害, 使受危困, 使陷危地",,1,,cet6 gre,15411,7976,d:jeopardized/i:jeopardizing/p:jeopardized/3:jeopardizes,,
jerk,dʒә:k,n. a dull stupid fatuous person\nn. an abrupt spasmodic movement\nn. (mechanics) the rate of change of acceleration\nn. raising a weight from shoulder height to above the head by straightening the arms,"n. 性情古怪的人, 急拉, 肌肉抽搐, 牛肉干\nvi. 痉挛, 急拉, 急推\nvt. 猛拉",,2,,cet6 toefl ielts gre,5897,5703,p:jerked/i:jerking/d:jerked/s:jerks/3:jerks,,
jog,dʒɒg,n. a sharp change in direction\nn. a slow pace of running\nv. run for exercise\nv. give a slight push to,"n. 轻推, 轻撞, 慢跑\nv. 轻推, (使)蹒跚行进, (使)慢跑",,1,,gk cet6 ky toefl ielts gre,8826,8335,p:jogged/i:jogging/s:jogs/d:jogged/3:jogs,,
junction,'dʒʌŋkʃәn,n. the place where two or more things come together\nn. the state of being joined together\nn. something that joins or connects\nn. an act of joining or adjoining things,"n. 连接, 会合处, 交叉点\n[医] 接[合]处, 接点.[接]界",,2,,cet6 ky toefl ielts gre,3125,13186,s:junctions,,
junk,dʒʌŋk,n. any of various Chinese boats with a high poop and lugsails,"n. 垃圾, 乌七八糟的东西, 舢板\n[计] 清除",,2,,gk cet6 ky ielts,7753,5130,s:junks/i:junking/d:junked/p:junked/3:junks/r:junker,,
jury,'dʒuәri,n. a body of citizens sworn to give a true verdict according to the evidence presented in a court of law\nn. a committee appointed to judge a competition,"n. 陪审团, 评判委员会\na. 应急的",,3,,cet4 cet6 ky toefl ielts,3055,1650,s:juries,,
keen,ki:n,n. a funeral lament sung with loud wailing\ns. having a sharp cutting edge or point,"a. 锋利的, 敏锐的, 强烈的, 敏捷的, 热心的, 渴望的\nn. 挽歌, 痛哭\nv. 唱挽歌, 痛哭",,3,1,cet4 cet6 ky toefl ielts,2280,6508,r:keener/t:keenest/i:keening/p:keened/3:keens/d:keened,,
kidnap,'kidnæp,v. take away to an undisclosed location against their will and usually in order to extract a ransom,"vt. 绑架, 诱拐, 拐骗\n[法] 拐带, 诱拐, 绑架",,2,,cet6 ky toefl ielts gre,8885,6993,d:kidnapped/p:kidnapped/i:kidnapping/3:kidnaps/s:kidnaps,,
kidney,'kidni,n. either of two bean-shaped excretory organs that filter wastes (especially urea) from the blood and excrete them and water in urine,"n. 肾, 个性\n[医] 肾",,,,cet6 ky ielts gre,6010,5152,s:kidneys,,
kit,kit,n. a case for containing a set of articles\nn. gear consisting of a set of articles or tools for a specified purpose\nn. young of any of various fur-bearing animals,"n. 装备, 工具箱, 成套工具\n[计] 成套部件; 成套零件",,2,,cet6 ky ielts,3278,4018,s:kits/d:kitted/i:kitting/p:kitted/3:kits,,
knit,nit,n. a fabric made by knitting\nn. a basic knitting stitch\nn. needlework created by interlacing yarn in a series of connected loops using straight eyeless needles or by machine\nv. make (textiles) by knitting,"v. 编织, 结合",,2,1,cet4 cet6 ky ielts gre,3347,8436,i:knitting/d:knitted/p:knit/0:knit/1:pd/3:knits/s:knits,,
knob,nɒb,n. a circular rounded projection or protuberance\nn. a round handle\nn. an ornament in the shape of a ball on the hilt of a sword or dagger,"n. 把手, 瘤, 旋钮, 球形突出物\nvt. 使有球形突出物\nvi. 鼓起",,1,,cet4 cet6 ky ielts,9973,7863,s:knobs/p:knobbed/i:knobbing,,
label,'leibl,n. a brief description given for purposes of identification\nn. trade name of a company that produces musical recordings\nn. a radioactive isotope that is used in a compound in order to trace the mechanism of a chemical reaction\nn. an identifying or descriptive marker that is attached to an object,"n. 标签, 称号, 商标, 标志\nvt. 贴标签于, 标注\n[计] 标志; 标注; DOS外部命令:用于建立改变或删除磁盘卷标号",,3,1,cet4 cet6 ky toefl,2764,2619,s:labels/d:labelled/i:labelling/p:labelled/3:labels,,
lace,leis,n. a cord that is drawn through eyelets or around hooks in order to draw together two edges (as of a shoe or garment)\nn. a delicate decorative fabric woven in an open web of symmetrical patterns\nv. do lacework\nv. draw through eyes or holes,"n. 饰带, 花边, 缎带, 鞋带\nvt. 结带子, 饰以花边\nvi. 系带子\n[计] 全穿孔",,2,,cet4 cet6 ky toefl ielts gre,4847,6642,s:laces/d:laced/p:laced/i:lacing/3:laces,,
lame,leim,n. a fabric interwoven with threads of metal,"a. 跛足的, 僵痛的, 不完全的, 金属薄板, 不知内情的人\nvi. 变跛\nvt. 使成残废, 使无用",,1,,gk cet4 cet6 ky ielts,11787,9982,3:lames/d:lamed/p:lamed/i:laming/t:lamest/r:lamer,,
lane,lein,n. a narrow way or road\nn. a well-defined track or path; for e.g. swimmers or lines of traffic,"n. 小路, 巷, 弄, 单行道",,3,1,cet4 cet6 ky ielts,1758,4136,s:lanes,,
lash,læʃ,"n. leather strip that forms the flexible part of a whip\nv. lash or flick about sharply\nv. bind with a rope, chain, or cord","n. 鞭子, 鞭打, 睫毛, 责骂, 讽刺\nvt. 鞭打, 摆动, 扎捆, 冲击, 讽刺, 煽动\nvi. 冲洗, 鞭打, 责骂",,2,,ky toefl ielts gre,8665,8455,s:lashes/p:lashed/i:lashing/d:lashed/3:lashes,,
latent,'leitnt,s. potentially existing but not presently evident or realized\ns. (pathology) not presently active,"a. 潜伏性的, 隐藏的\nn. 隐约指纹",,1,,cet6 ky toefl ielts gre,7284,11997,,,
latitude,'lætitju:d,n. the angular distance between an imaginary line around a heavenly body parallel to its equator and the equator itself\nn. freedom from normal restraints in conduct\nn. an imaginary line around the Earth parallel to the equator\nn. scope for freedom of e.g. action or thought; freedom from restriction,"n. 纬度, 范围\n[化] 宽容度; 伟度",,1,,cet6 ky toefl ielts gre,10209,7992,s:latitudes,,
layer,'leiә,n. single thickness of usually some homogeneous substance\nn. a relatively thin sheetlike expanse or region lying over or under another\nn. a hen that lays eggs\nn. thin structure composed of a single thickness of cells,"n. 层, 产卵鸡, 放置者\nvt. 分层堆积, 压植\n[计] 层",,3,1,cet4 cet6 ky toefl ielts,2248,2168,s:layers/d:layered/i:layering/p:layered/3:layers,,
layman,'leimәn,n. someone who is not a clergyman or a professional person,"n. 俗人, 门外汉, 凡人\n[医] 外行, 业外人",,1,,cet6 ky toefl ielts gre,11574,16061,s:laymen,,
leaflet,'li:flit,n. part of a compound leaf,"n. 小叶, 传单\n[医] 小叶",,2,,cet6 ky ielts,3571,13599,s:leaflets,,
lease,li:s,n. property that is leased or rented out or let\nn. a contract granting use or occupation of property during a specified time for a specified payment\nn. the period of time during which a contract conveying property to a person is in effect\nv. grant use or occupation of under a term of contract,"n. 租约, 租期, 租\nvt. 出租, 租出, 租得",,3,,cet6 ky toefl ielts gre,3049,6035,s:leases/d:leased/i:leasing/p:leased/3:leases,,
leather,'leðә,n. an animal skin made smooth and flexible by removing the hair and then tanning\nv. whip with a leather strap,"n. 皮革, 皮制品, 马镫的皮带\nvt. 覆以皮革, 鞭苔, 抽打\na. 皮革的, 皮制的",,3,1,gk cet4 cet6 ky toefl,2976,2943,s:leathers/i:leathering/p:leathered/3:leathers/d:leathered,,
legal,'li:gәl,a. established by or founded upon law or official or accepted rules\na. of or relating to jurisprudence\ns. having legal efficacy or force\na. relating to or characteristic of the profession of law,"a. 法律的, 法定的, 合法的\n[经] 法定权利; 法律(上)的, 合法的",,4,1,gk cet4 cet6 ky toefl ielts,764,883,,,
legend,'ledʒәnd,n. a story about mythical or supernatural beings or events,"n. 传说, 传奇文学, 图例\n[计] 图例",,2,,cet4 cet6 ky toefl ielts gre,4020,3383,s:legends,,
legislation,.ledʒis'leiʃәn,n. law enacted by a legislative body\nn. the act of making or enacting laws,"n. 立法, 法律\n[医] 立法, 法规",,3,,cet4 cet6 ky toefl ielts gre,1365,2017,s:legislations,,
legitimate,li'dʒitimәt,v. show or affirm to be just and legitimate\nv. make (an illegitimate child) legitimate; declare the legitimacy of (someone)\na. of marriages and offspring; recognized as lawful\ns. based on known statements or events or conditions,"a. 合法的, 正当的, 婚生的\nvt. 认为正当, 立为嫡嗣, 使合法",,2,,cet6 ky ielts gre,4329,3195,i:legitimating/p:legitimated/3:legitimates/d:legitimated,,
leisure,'li:ʒә,n. time available for ease and relaxation\nn. freedom to choose a pastime or enjoyable activity,"n. 空闲, 闲暇, 悠闲\na. 空闲的, 有闲的",,2,,cet4 cet6 ky toefl ielts,2752,6269,p:leisured,,
lens,lenz,n. a transparent optical device used to converge or diverge transmitted light and to form images\nn. genus of small erect or climbing herbs with pinnate leaves and small inconspicuous white flowers and small flattened pods: lentils\nn. (metaphor) a channel through which something can be seen or understood\nn. biconvex transparent body situated behind the iris in the eye; its role (along with the cornea) is to focuses light on the retina,"n. 透镜, 镜头, 镜片, 晶状体\nvt. 给...摄影",,3,,cet4 cet6 ky toefl ielts,7125,3544,,,
lever,'levә,n. a rigid bar pivoted about a fulcrum\nn. a simple machine that gives a mechanical advantage when given a fulcrum\nn. a flat metal tumbler in a lever lock,"n. 杠杆, 似杠杆之工具\nvt. 撬开\nvi. 使用杠杆",,1,,cet4 cet6 ky ielts gre,6923,7487,s:levers/p:levered/i:levering/d:levered/3:levers,,
levy,'levi,n. a charge imposed and collected\nn. the act of drafting into military service\nv. impose and collect,"n. 税款, 所征的人数, 征收\nvi. 征税, 课税\nvt. 征收, 强求, 召集",,2,,ky toefl ielts gre,7232,13303,d:levied/s:levies/i:levying/p:levied/3:levies,,
liability,laiә'biliti,n. the state of being legally obliged and responsible\nn. the quality of being something that holds you back,"n. 责任, 债务, 倾向\n[经] 责任, 义务, 负债",,2,,cet6 ky ielts gre,1908,4121,s:liabilities,,
liable,'laiәbl,s. subject to legal action\ns. (often followed by `to') likely to be affected with\ns. held legally responsible,"a. 有义务的, 应负责的, 有...倾向的\n[法] 有责任的, 可受处理的, 应受罚的",,2,,cet4 cet6 ky ielts,3300,8305,,,
liberal,'libәrәl,"n. a person who favors a political philosophy of progress and reform and the protection of civil liberties\nn. a person who favors an economic theory of laissez-faire and self-regulating markets\ns. having political or social views favoring reform and progress\na. tolerant of change; not bound by authoritarianism, orthodoxy, or tradition","n. 自由主义者\na. 慷慨的, 不拘泥的, 宽大的, 自由主义的",,4,,cet4 cet6 ky toefl ielts,1737,1993,s:liberals,,
lieutenant,lef'tenәnt,n. a commissioned military officer\nn. an officer in a police force\nn. an officer holding a commissioned rank in the United States Navy or the United States Coast Guard; below lieutenant commander and above lieutenant junior grade,"n. 中尉, 助理人员, 副官",,2,,cet4 cet6,5667,6051,s:lieutenants,,
likelihood,'laiklihud,n. the probability of a specified outcome,"n. 可能, 可能性",,2,,cet4 cet6 ky ielts,4994,4596,s:likelihoods,,
limb,lim,n. one of the jointed appendages of an animal used for locomotion or grasping: arm; leg; wing; flipper\nn. any of the main branches arising from the trunk or a bough of a tree\nn. (astronomy) the circumferential edge of the apparent disc of the sun or the moon or a planet\nn. either of the two halves of a bow from handle to tip,"n. 四肢, 枝干, 翼, 边缘\nvt. 切断...之手足",,2,,cet4 cet6 ky toefl ielts gre,3978,3643,s:limbs/p:limbed,,
limitation,.limi'teiʃәn,n. the quality of being limited or restricted\nn. (law) a time period after which suits cannot be brought\nn. an act of limiting or restricting (as by regulation),"n. 限制, 缺陷, 限额\n[医] 限界, 限制, 限度",,2,,cet4 cet6 ky toefl,2901,3019,s:limitations,,
limp,limp,v. walk impeded by some physical limitation or injury\nv. proceed slowly or with difficulty\ns. not firm\ns. lacking in strength or firmness or resilience,"n. 跛行\na. 柔软的, 无力的, 软弱的\nvi. 跛行",,2,,cet6 ky toefl ielts gre,9898,9496,p:limped/i:limping/d:limped/3:limps/s:limps/t:limpest,,
linear,'liniә,a. designating or involving an equation whose terms are of the first degree\na. of or in or along or relating to a line; involving a single dimension\ns. (of a leaf shape) long and narrow\ns. measured lengthwise,"a. 线的, 直线的, 线状的\n[计] 线性",,1,,cet6 ky toefl ielts gre,4880,5802,,,
linen,'linin,n. a fabric woven with fibers from the flax plant\nn. a high-quality paper made of linen fibers or with a linen finish\nn. white goods or clothing made with linen cloth,"n. 亚麻布, 亚麻线, 亚麻制品\na. 亚麻布制的, 亚麻的",,2,,cet4 cet6 ky toefl ielts gre,5681,6009,s:linens,,
liner,'lainә,n. (baseball) a hit that flies straight out from the batter\nn. a piece of cloth that is used as the inside surface of a garment\nn. a large commercial ship (especially one that carries passengers on a regular schedule),"n. 班机, 划线者, 定期船, 衬里\n[化] 衬垫; 垫带; 套管",,2,,cet4 cet6 ky ielts,8442,7501,s:liners,,
linger,'liŋgә,v. remain present although waning or gradually dying\nv. take one's time; proceed slowly,"vi. 逗留, 消磨, 徘徊\nvt. 消磨",,2,,cet6 ky toefl ielts gre,7034,5721,p:lingered/3:lingers/d:lingered/i:lingering,,
literacy,'litәrәsi,n. the ability to read and write,"n. 读写能力, 识字, 精通文学",,1,,cet6 ky toefl ielts,5869,5159,s:literacies,,
literal,'litәrәl,s. without interpretation or embellishment\na. limited to the explicit meaning of a word or text\ns. avoiding embellishment or exaggeration (used for emphasis),"a. 逐字的, 字面上的, 文字的, 字母的\nn. 印刷错误\n[计] 文字; 直接量; 字面量; 句节",,1,,cet6 gre,8711,7706,s:literals,,
literary,'litәrәri,a. of or relating to or characteristic of literature\ns. knowledgeable about literature\ns. appropriate to literature rather than everyday speech or writing,"a. 文学的, 文艺的, 精通文学的\n[法] 文学的, 从事文学的, 从事写作的",,3,,gk cet4 cet6 ky toefl,2512,2700,,,
literature,'litәrәtʃә,n. creative writing of recognized artistic value\nn. the humanistic study of a body of literature\nn. published writings in a particular style on a particular subject\nn. the profession or art of a writer,"n. 文学, 文艺, 著作\n[经] 广告, 商品介绍等文学",,3,1,gk cet4 cet6 ky ielts,1766,1549,s:literatures,,
litter,'litә,n. the offspring at one birth of a multiparous mammal\nn. rubbish carelessly dropped or left about (especially in public places)\nn. conveyance consisting of a chair or bed carried on two poles by bearers\nv. strew,"n. 垃圾, 杂乱, 轿, 担架\nvt. 乱丢, 铺草, 弄乱\nvi. 产仔, 乱丢垃圾",,2,,zk gk cet6 ky toefl ielts gre,6500,8093,d:littered/s:litters/p:littered/i:littering/3:litters,,
locality,lәu'kæliti,n a surrounding or nearby region,"n. 地方, 所在, 位置\n[法] 位置, 场所, 地区",,1,,cet6 ky toefl ielts,5399,11068,s:localities,,
locomotive,.lәukә'mәutiv,n. a wheeled vehicle consisting of a self-propelled engine that is used to draw trains along railway tracks\na. of or relating to locomotion,"n. 火车头, 机车\na. 运转的, 火车头的, 移动的",,2,,cet4 cet6 ky toefl ielts gre,5203,11729,s:locomotives,,
lofty,'lɒfti,s of high moral or intellectual value; elevated in nature or style\ns of imposing height; especially standing out above others\ns having or displaying great dignity or nobility,"a. 高的, 傲慢的, 崇高的, 高级的, 玄虚的",,1,,cet6 ky toefl ielts gre,11649,9596,r:loftier/t:loftiest,,
logical,'lɒdʒikәl,a. capable of or reflecting the capability for correct and valid reasoning,"a. 合乎逻辑的, 合理的\n[法] 逻辑的, 符合逻辑的",,2,1,cet4 cet6 ky toefl,3188,4569,s:logicals,,
longevity,lɒn'dʒeviti,n. duration of service\nn. the property of being long-lived,"n. 长命, 长寿, 寿命\n[医] 长寿",,1,,cet6 toefl gre,15013,8871,,,
loom,lu:m,"n. a textile machine for weaving yarn into a textile\nv. come into view indistinctly, often threateningly\nv. appear very large or occupy a commanding position\nv. weave on a loom","n. 织布机, 若隐若现的景象\nvi. 朦胧地出现, 隐约可见, 可怕地出现",,2,,ky toefl ielts gre,6042,5292,p:loomed/3:looms/i:looming/s:looms/d:loomed,,
lounge,laundʒ,n. a room (as in a hotel or airport) with seating where people can wait\nv. sit or recline comfortably,"n. 闲逛, 休闲室, 长沙发\nvi. 闲混, (懒洋洋地)躺\nvt. 闲混",,2,,gk cet6 ky ielts gre,4410,5990,s:lounges/i:lounging/p:lounged/d:lounged/3:lounges,,
loyal,'lɒiәl,a. steadfast in allegiance or duty,"a. 忠诚的, 忠实的, 忠贞的",,2,1,cet4 cet6 ky toefl ielts gre,4461,4770,,,
loyalty,'lɒiәlti,n. the quality of being loyal\nn. feelings of allegiance,"n. 忠贞, 忠诚, 忠实\n[法] 忠诚, 忠心",,2,,cet4 cet6 ky,3559,4077,s:loyalties,,
lubricate,'lu:brikeit,v. have lubricating properties\nv. apply a lubricant to\nv. make slippery or smooth through the application of a lubricant,"vt. 使润滑, 涂油\nvi. 润滑",,1,,cet4 cet6 ky ielts gre,19781,19873,d:lubricated/i:lubricating/3:lubricates/p:lubricated/s:lubricates,,
luggage,'lʌgidʒ,n cases used to carry belongings when traveling,"n. 行李, 皮箱",,1,1,gk cet4 cet6 ky,7156,7333,p:luggaged,,
luminous,'lu:minәs,s softly bright or radiant,"a. 发光的, 明亮的\n[医] 发光的",,1,,cet6 toefl ielts,12144,9593,,,
lunar,'lu:nә,a. of or relating to or associated with the moon,"a. 阴历的, 月的, 微亮的(指光)\n[医] 月的, 银的",,1,,cet4 cet6 ky toefl ielts gre,12849,6871,,,
lure,luә,n. qualities that attract by seeming to promise some kind of reward,"n. 饵, 诱惑\nvt. 引诱, 诱惑",,2,,ky toefl ielts gre,8556,5288,d:lured/0:lure/i:luring/s:lures/1:3/p:lured/3:lures,,
luxury,'lʌkʃәri,n. something that is an indulgence rather than a necessity\nn. wealth as evidenced by sumptuous living,"n. 奢侈, 豪华\na. 奢侈的, 豪华的",,3,,cet4 cet6 ky toefl ielts gre,5235,5575,s:luxuries,,
machinery,mә'ʃi:nәri,n. machines or machine systems collectively\nn. a system of means and activities whereby a social institution functions,"n. 机器, 机械装置, 机构\n[化] 机械",,2,1,ky,3098,5774,s:machineries,,
magistrate,'mædʒistreit,n. a lay judge or civil authority who administers the law (especially one who conducts a court dealing with minor offenses),"n. 长官, 法官, 推事\n[法] 司法行政官, 治安法官, 地方法官",,2,,cet6 ky ielts,2844,11049,s:magistrates,,
magnet,'mægnit,n. (physics) a device that attracts iron and produces a magnetic field,"n. 磁铁, 有吸引力之人, 有吸引力之物\n[化] 磁体",,1,,cet4 cet6 ky,8503,6272,s:magnets,,
magnetic,mæg'netik,a. of or relating to or caused by magnetism\na. having the properties of a magnet; i.e. of attracting iron or steel\na. capable of being magnetized\na. determined by earth's magnetic fields,"a. 有磁性的, 有吸引力的, 催眠术的\n[医] 磁[性]的",,2,,cet4 cet6 ky toefl ielts,4418,4830,s:magnetics,,
magnificent,mæg'nifisnt,s characterized by grandeur,"a. 华丽的, 高尚的, 宏伟的",,2,,cet4 cet6 ky toefl ielts gre,3533,5493,,,
magnify,'mægnifai,"v. increase in size, volume or significance","vt. 放大, 扩大, 赞美, 夸大\nvi. 有放大能力",,1,,cet6 ky toefl ielts gre,11203,9568,d:magnified/3:magnifies/i:magnifying/p:magnified,,
magnitude,'mægnitju:d,n. the property of relative size or extent (whether large or small)\nn. relative importance,"n. 巨大, 重大, 重要, 大小, 数量, 星等(指星的亮度)\n[计] 大小; 值",,1,,cet6 ky toefl ielts gre,5792,3971,s:magnitudes,,
maintain,mein'tein,v. state or assert,"vt. 维持, 维修, 保持, 坚持, 供养, 主张\n[化] 维修",,4,1,cet4 cet6 ky toefl ielts,825,922,d:maintained/i:maintaining/p:maintained/3:maintains,,
majesty,'mædʒәsti,n impressiveness in scale or proportion,"n. 最高权威, 威严, 王权, 雄伟, 庄严",,2,,cet6 ky toefl,5294,12516,s:majesties,,
majority,mә'dʒɒriti,n. the property resulting from being or relating to the greater in number of two parts; the main part\nn. (elections) more than half of the votes\nn. the age at which persons are considered competent to manage their own affairs,"n. 多数, 大半\n[计] 多数逻辑",,4,1,gk cet4 cet6 ky toefl ielts,989,1085,s:majorities,,
mall,mɔ:l,n a public area set aside as a pedestrian walk\nn mercantile establishment consisting of a carefully landscaped complex of shops representing leading merchandisers; usually includes restaurants and a convenient parking area; a modern version of the traditional marketplace,n. 林荫路,,1,1,cet6 toefl ielts,11507,3050,s:malls/i:malling,,
management,'mænidʒmәnt,n. the act of managing something\nn. those in charge of running a business,"n. 经营, 支配, 管理\n[化] 管理处",,4,1,cet4 cet6 ky ielts,446,906,s:managements,,
maneuver,mә'nu:vә,n. a military training exercise\nn. a deliberate coordinated movement requiring dexterity and skill\nn. a move made to gain a tactical end,"n. 演习, 调遣, 策略\nv. 调遣, 演习, 用计",,,,ky toefl ielts gre,0,7199,s:maneuvers/p:maneuvered/i:maneuvering/3:maneuvers/d:maneuvered,,
manifest,'mænifest,n. a customs document listing the contents put on a ship or plane\nv. record in a ship's manifest\nv. reveal its presence or make an appearance,"n. 载货单, 运货单, 旅客名单\na. 显然的, 明白的\nvi. 显示, 出现\nvt. 表明, 表现, 证明",,2,,cet6 ky ielts gre,6436,5931,d:manifested/3:manifests/p:manifested/i:manifesting,,
manipulate,mә'nipjuleit,"v. influence or control shrewdly or deviously\nv. hold something in one's hands and move it\nv. control (others or oneself) or influence skillfully, usually to one's advantage\nv. treat manually, as with massage, for therapeutic purposed","vt. 操纵, 利用, 操作, 巧妙地处理, 假造",,2,,cet6 ky toefl ielts gre,4688,4248,d:manipulated/i:manipulating/p:manipulated/3:manipulates,,
mansion,'mænʃәn,n. a large and imposing house,"n. 大厦, 宅邸",,2,,cet6 toefl ielts gre,6435,4761,s:mansions,,
manual,'mænjuәl,n. a small handbook\na. of or relating to the hands\na. requiring human effort\ns. doing or requiring physical work,"n. 手册, 指南\na. 手的, 手动的, 手工的, 体力的\n[计] 人工的, 手动的",,2,,cet4 cet6 ky toefl ielts,4380,4937,s:manuals,,
manufacture,.mænju'fæktʃә,"v. put together out of artificial or natural components or parts; He manufactured a popular cereal""\nv. produce naturally\nv. create or produce in a mechanical way","n. 产品, 制造\nvt. 制造, 假造\nvi. 制造",,3,1,cet4 cet6 ky toefl ielts,4506,5134,d:manufactured/3:manufactures/i:manufacturing/s:manufactures/p:manufactured,,
manufacturer,.mænju'fæktʃәrә,n. a business engaged in manufacturing some product\nn. someone who manufactures something,"n. 制造业者, 厂商\n[经] 制造人, 制造商, 制造厂",,3,1,cet4 cet6,2016,2251,s:manufacturers,,
manuscript,'mænjuskript,n. the form of a literary work submitted for publication\nn. handwritten book or document,"n. 手稿, 原稿, 底稿\na. 手写的",,2,,cet6 ky ielts gre,4595,5114,s:manuscripts,,
marble,'mɑ:bl,n. a hard crystalline metamorphic rock that takes a high polish; used for sculpture and as building material\nn. a small ball of glass that is used in various games\nn. a sculpture carved from marble\nv. paint or stain like marble,"n. 大理石, 石弹, 雕刻品\na. 大理石的, 冷酷无情的, 有大理石花纹的",,2,,gk cet4 cet6 ky toefl ielts gre,4199,4819,s:marbles/i:marbling/p:marbled/3:marbles/d:marbled,,
margin,'mɑ:dʒin,n. the boundary line or the area immediately inside the boundary\nn. an amount beyond the minimum necessary\nn. the amount of collateral a customer deposits with a broker when borrowing from the broker to buy securities\nn. the blank space that surrounds the text on a page,"n. 页边的空白, 边缘, 界限, 余裕, 差数, 差额, 保证金\nvt. 加边于, 加旁注于\n[计] 页边距",,3,,cet4 cet6 ky toefl ielts gre,2962,3308,s:margins,,
marginal,'mɑ:dʒinәl,s. producing at a rate that barely covers production costs,"a. 边缘的, 最低限度的, 有旁注的\n[医] 缘的",,2,,cet6 ky ielts gre,3361,6094,s:marginals,,
marsh,mɑ:ʃ,n. low-lying wet land with grassy vegetation; usually is a transition zone between land and water\nn. United States painter (1898-1954)\nn. New Zealand writer of detective stories (1899-1982),"n. 沼泽, 湿地\na. 沼泽的",,1,,cet6 toefl ielts gre,6540,6794,s:marshes,,
marshal,'mɑ:ʃәl,n. a law officer having duties similar to those of a sheriff in carrying out the judgments of a court of law\nn. (in some countries) a military officer of highest rank\nv. place in proper rank\nv. arrange in logical order,"n. 元帅, 陆空军高级将官, 典礼官, 执法官\nvt. 整理, 引领, 统率\nvi. 排列, 各就各位",,2,,cet6 gre,8112,10929,p:marshalled/d:marshalled/s:marshals/i:marshalling/3:marshals,,
masculine,'mæskjulin,n. a gender that refers chiefly (but not exclusively) to males or to objects classified as male\na. of grammatical gender\na. associated with men and not with women\ns. (music or poetry) ending on an accented beat or syllable,"n. 阳性, 男性\na. 男性的, 阳性的, 有丈夫气的",,1,,cet6 ky ielts,7201,7215,s:masculines,,
mask,mæsk,n. a covering to disguise or conceal the face\nn. activity that tries to conceal something\nn. a protective covering worn over the face\nv. put a mask on or cover with a mask,"n. 面具, 假面具, 掩饰, 石膏面模\nvt. 戴面具, 掩饰, 使模糊\nvi. 化装, 戴面具, 掩饰, 参加化装舞会\n[计] 屏蔽; 掩码",,3,,gk cet4 cet6 ky toefl ielts gre,4312,2893,s:masks/d:masked/3:masks/p:masked/i:masking,,
mass,mæs,n. the property of a body that causes it to have weight in a gravitational field\nn. an ill-structured collection of similar things (objects or people)\nn. (Roman Catholic Church and Protestant Churches) the celebration of the Eucharist\nn. a body of matter without definite shape,"n. 块, 大多数, 质量, 大量, 群众, 弥撒\na. 群众的, 大规模的, 整个的\nvt. 使集合, 集中\nvi. 聚集",,4,1,gk cet4 cet6 ky toefl ielts,1857,1989,s:masses/i:massing/d:massed/p:massed/3:masses,,
massacre,'mæsәkә,v. kill a large number of people indiscriminately,"n. 大屠杀\nvt. 大屠杀, 残杀",,2,,cet6 ky ielts gre,7134,6457,s:massacres/3:massacres/i:massacring/p:massacred/d:massacred,,
massive,'mæsiv,s. imposing in size or bulk or solidity\ns. being the same substance throughout\ns. imposing in scale or scope or degree or power\ns. consisting of great mass; containing a great quantity of matter,"a. 大而重的, 宽大的, 宏伟的\n[医] 大块的, 整块的, 大量的",,3,1,cet4 cet6 ky toefl ielts gre,2037,1996,,,
masterpiece,'mɑ:stәpi:s,n. the most outstanding work of a creative artist or craftsman\nn. an outstanding achievement,"n. 杰作, 名著",,2,,cet4 cet6 ky toefl ielts,7693,7685,s:masterpieces,,
mature,mә'tjuә,v. develop and reach maturity; undergo maturation\nv. develop and work out fully in one's mind\nv. become due for repayment\na. characteristic of maturity,"a. 成熟的, 到期的, 充分考虑的\nvt. 使成熟\nvi. 成熟, 到期",,2,,gk cet4 cet6 ky toefl ielts gre,4122,5133,3:matures/d:matured/i:maturing/p:matured/r:maturer,,
maximum,'mæksimәn,n. the largest possible quantity\nn. the point on a curve where the tangent changes from positive on the left to negative on the right,"n. 极点, 最大量, 极大\na. 最高的, 最大的, 最大极限的\n[计] 最大值",,3,1,gk cet4 cet6 ky toefl ielts,2427,3603,s:maxima,,
meadow,'medәu,n a field where grass or alfalfa are grown to be made into hay,"n. 草地, 牧场",,1,,cet4 cet6 ky ielts,6474,5581,s:meadows,,
mechanical,mi'kænikәl,a. using (or as if using) mechanisms or tools or devices\na. relating to or concerned with machinery or tools\na. relating to or governed by or in accordance with mechanics,"a. 机械的, 机械性的, 力学的\n[医] 机械的, 力学的",,2,,cet4 cet6 ky toefl gre,3521,3729,s:mechanicals,,
mediate,'mi:dieit,v. occupy an intermediate or middle position or form a connecting link or stage between two others\na. acting through or dependent on an intervening agency,"a. 居间的, 间接的\nvt. 斡旋, 调停\nvi. 处于中间, 调解",,2,,cet6 toefl ielts gre,6739,7370,d:mediated/p:mediated/i:mediating/3:mediates,,
medieval,.medi'i:vl,a. relating to or belonging to the Middle Ages\ns. as if belonging to the Middle Ages; old-fashioned and unenlightened,"a. 中古的, 中世纪的",,2,,cet6 ky toefl ielts gre,3041,5073,,,
medium,'mi:diәm,n. a means or instrumentality for storing or communicating information\nn. the surrounding environment\nn. an intervening substance through which signals can travel as a means for communication\nn. a liquid with which pigment is mixed by a painter,"n. 媒体, 方法, 媒介\na. 半生熟的, 中间的\n[计] 媒体, 中",,3,1,gk cet4 cet6 ky toefl ielts gre,951,3241,s:mediums,,
melody,'melәdi,n. the perception of pleasant arrangements of musical notes,"n. 曲子, 美妙音乐, 曲调",,2,,cet6 ky toefl ielts gre,7282,5565,s:melodies,,
melt,melt,"v. reduce or cause to be reduced from a solid to a liquid state, usually by heating\nv. lose its distinct outline or shape; blend gradually\nv. become less intense and fade away gradually","n. 熔化, 熔化物, 溶解\nv. (使)熔化, (使)溶解, (使)消散, (使)变软",,2,1,cet4 cet6 ky,4531,3460,p:melted/d:melted/i:melting/3:melts,,
memorize,'memәraiz,v. commit to memory; learn by heart,"vt. 记住, 熟记, 背熟",,1,,gk toefl,21017,8276,i:memorizing/p:memorized/d:memorized/3:memorizes,,
menace,'menis,n. something that is a source of danger\nn. a threat or the act of threatening\nv. express a threat either by an utterance or a gesture\nv. act in a threatening manner,"n. 威胁, 胁迫\nv. 威吓, 胁迫",,1,,cet6 ky toefl ielts gre,7581,9314,s:menaces/d:menaced/p:menaced/i:menacing/3:menaces,,
mental,'mentl,a. involving the mind or an intellectual process\na. of or relating to the mind\na. of or relating to the chin- or liplike structure in insects and certain mollusks\ns. affected by a disorder of the mind,"a. 心智的, 精神病的, 心理的, 颏的\nn. 精神病患者",,3,1,gk cet4 cet6 ky toefl ielts,1620,1584,,,
mercury,'mә:kjuri,n. a heavy silvery toxic univalent and bivalent metallic element; the only metal that is liquid at ordinary temperatures\nn. (Roman mythology) messenger of Jupiter and god of commerce; counterpart of Greek Hermes\nn. the smallest planet and the nearest to the sun\nn. temperature measured by a mercury thermometer,"n. 水银, 汞, 使者\n[化] 汞Hg",,1,,cet4 cet6 ky toefl,7335,6937,,,
mere,miә,n. a small pond of standing water\ns. being nothing more than specified,"n. 小湖, 池塘\na. 仅仅的, 只不过的",,3,1,cet4 cet6 ky toefl,2440,2925,t:merest/s:meres,,
merely,'miәli,r. and nothing more,adv. 只,,3,1,gk cet4 cet6 ky,1273,1988,,,
merge,mә:dʒ,v become one\nv mix together different elements\nv join or combine,"vt. 使合并, 使消失, 吞没\nvi. 合并, 渐渐消失\n[计] 合并",,2,,cet6 ky toefl ielts,4687,5365,d:merged/p:merged/i:merging/3:merges,,
merit,'merit,n. any admirable quality or attribute,"n. 优点, 功绩, 价值, 功过, 真相\nvt. 值得\nvi. 应受",,2,,cet4 cet6 ky toefl ielts gre,3641,4501,s:merits/3:merits/p:merited/d:merited/i:meriting,,
messenger,'mesindʒә,n. a person who carries a message,"n. 报信者, 使者\n[经] 使者, 送信者, 通信员",,1,,cet4 cet6 ky,6998,6537,s:messengers,,
metallic,mi'tælik,n. a fabric made of a yarn that is partly or entirely of metal\nn. a yarn made partly or entirely of metal\na. containing or made of or resembling or characteristic of a metal,"a. 金属的, 含金属的, 产生金属的\n[经] 金属的",,1,,cet6 ielts,9709,8513,s:metallics,,
metropolitan,.metrә'pɒlitn,n. in the Eastern Orthodox Church this title is given to a position between bishop and patriarch; equivalent to archbishop in western Christianity\nn. a person who lives in a metropolis\na. relating to or characteristic of a metropolis,"n. 大都市居民, 都主教, 宗主国的公民\na. 大都市的, 都主教区的, 宗主国的",,2,,cet6 ky toefl ielts gre,3962,4293,s:metropolitans,,
midst,midst,n. the location of something surrounded by other things,n. 中间\nprep. 在...中间,,2,,cet4 cet6 ky,6929,4342,,,
migrant,'maigrәnt,n. traveler who moves from one region or country to another\ns. habitually moving from place to place especially in search of seasonal work,"n. 候鸟, 移居者\n[法] 移居者",,2,,cet6 toefl,7371,5190,s:migrants,,
migrate,'maigreit,v. move from one country or region to another and settle there\nv. move periodically or seasonally,"vi. 移动, 移往, 随季节而移居\n[计] 迁移程序",,2,,cet6 ky toefl ielts,7939,6504,i:migrating/d:migrated/p:migrated/3:migrates,,
mild,maild,a. moderate in type or degree or effect or force; far from extreme,"a. 温和的, 温柔的, 淡味的, 适度的, 轻微的, (肥皂等)软性的\n[医] 轻的, 缓和的",,3,1,gk cet4 cet6 ky toefl,3774,3819,r:milder/t:mildest/s:milds,,
militant,'militәnt,n. a militant reformer\ns. disposed to warfare or hard-line policies,a. 好战的,,3,,cet6 ky toefl ielts gre,8006,7179,s:militants,,
military,'militәri,n. the military forces of a nation\na. of or relating to the study of the principles of warfare\na. characteristic of or associated with soldiers or the military\na. associated with or performed by members of the armed services as contrasted with civilians,"n. 军队\na. 军事的, 军人的, 适于战争的",,5,1,cet4 cet6 ky toefl,922,474,,,
millionaire,.miljә'nєә,n. a person whose material wealth is valued at more than a million dollars,"n. 百万富翁, 大富豪\n[经] 大资本家, 巨富, 百万富翁",,2,,gk cet6 ky toefl,7695,6769,s:millionaires,,
mingle,'miŋgl,v. get involved or mixed-up with,v. (使)混合,,1,,cet6 ky toefl ielts gre,8698,8350,p:mingled/i:mingling/d:mingled/3:mingles,,
miniature,'miniәtʃә,n. painting or drawing included in a book (especially in illuminated medieval manuscripts)\nn. a copy that reproduces a person or thing in greatly reduced size\ns. being on a very small scale,"n. 缩图, 小画像\na. 小规模的, 纤小的",,2,,cet6 ky toefl gre,6408,6061,s:miniatures,,
minibus,'minibʌs,n. a light bus (4 to 10 passengers),"n. 中客车, 小型公共汽车",,1,,gk,15504,27815,,,
minimal,'miniml,a. the least possible,"a. 最小的, 极微的, 最小限度的\n[医] 最小的, 最低的",,2,,cet6 toefl ielts,4547,4313,,,
minimize,'minimaiz,v. make small or insignificant\nv. cause to seem less serious; play down,vt. 将...减到最少\nvt. 最小化\nvi. 最小化\n[计] 最小化,,2,,cet6 ky toefl gre,8977,3941,i:minimizing/d:minimized/3:minimizes/p:minimized,,
minimum,'minimәm,n. the smallest possible quantity\nn. the point on a curve where the tangent changes from negative on the left to positive on the right,"a. 最小的, 最低的\nn. 最小值\n[计] 最小值",,3,1,gk cet4 cet6 ky toefl ielts,2715,3633,s:minima,,
minority,mai'nɒriti,n. a group of people who differ racially or politically from a larger group of which it is a part\nn. being or relating to the smaller in number of two parts\nn. any age prior to the legal age,"n. 少数, 未成年, 少数民族\na. 少数的, 属于少数派的",,4,1,gk cet4 cet6 ky toefl ielts,2106,1633,s:minorities,,
misery,'mizәri,n. a state of ill-being due to affliction or misfortune\nn. a feeling of intense unhappiness,"n. 痛苦, 悲惨, 不幸, 穷困",,2,,cet6 ky toefl ielts,4674,6088,s:miseries,,
misfortune,mis'fɒ:tʃәn,n. unnecessary and unforeseen trouble resulting from an unfortunate event\nn. an unfortunate state resulting from unfavorable outcomes,"n. 不幸, 灾祸, 坏运气\n[法] 不幸事故, 不幸, 灾祸",,1,,cet6 ky toefl ielts,8481,10322,s:misfortunes,,
mission,'miʃәn,n. an organization of missionaries in a foreign land sent to carry on religious work\nn. an operation that is assigned by a higher headquarters\nn. a special assignment that is given to a person or group\nn. the organized work of a religious missionary,"n. 任务, 代表团, 使命, 传教团\nvt. 派遣, 向...传教",,4,,cet4 cet6 ky toefl ielts,2599,1095,s:missions,,
missionary,'miʃәnәri,n. someone who attempts to convert others to a particular doctrine or program\nn. someone sent on a mission--especially a religious or charitable mission to a foreign country\na. relating to or connected to a religious mission,"n. 传教士, 负有任务者, 工作人员\na. 传教的, 传教士的",,1,,cet6 ky,6018,4911,s:missionaries,,
mistress,'mistris,n. an adulterous woman; a woman who has an ongoing extramarital sexual relationship with a man\nn. a woman master who directs the work of others,"n. 主妇, 女主人, 情妇",,2,,cet4 cet6 ky,4800,7187,s:mistresses,,
moan,mәun,"n an utterance expressing pain or disapproval\nv indicate pain, discomfort, or displeasure","n. 呻吟, 悲叹\nvi. 呻吟, 抱怨, 悲叹\nvt. 呻吟着说",,2,,cet4 cet6 ky gre,6537,7649,p:moaned/i:moaning/s:moans/3:moans/d:moaned,,
mob,mɒb,n. a disorderly crowd of people,"n. 暴民, 民众, 暴徒\nvt. 大举包围, 蜂拥进入, 围攻\nvi. 聚众生事",,2,,cet6 ky,6467,5707,s:mobs/d:mobbed/p:mobbed/i:mobbing/3:mobs,,
mobile,'mәubil,n. a river in southwestern Alabama; flows into Mobile Bay\nn. a port in southwestern Alabama on Mobile Bay\nn. sculpture suspended in midair whose delicately balanced parts can be set in motion by air currents\ns. migratory,"a. 移动的, 易变的, 机动的\nn. 活动物体",,3,1,gk cet4 cet6 ky toefl ielts gre,4468,4686,s:mobiles,,
mobilize,'mәubilaiz,v. make ready for action or use\nv. get ready for war\nv. cause to move around,"vt. 动员, 调动, 使流通\nvi. 动员",,2,,cet6 ky ielts,12647,6235,d:mobilized/i:mobilizing/p:mobilized/3:mobilizes,,
mock,mɒk,n. the act of mocking or ridiculing\nv. treat with contempt\nv. imitate with mockery and derision\ns. constituting a copy or imitation of something,"n. 嘲笑, 戏弄, 模仿\na. 假的, 伪造的, 模拟的\nadv. 虚伪地\nvt. 嘲弄, 模仿, 使失望, 欺骗, 挫败\nvi. 嘲弄",,2,,cet6 ky toefl ielts gre,8031,7541,p:mocked/d:mocked/i:mocking/3:mocks/s:mocks,,
modest,'mɒdist,a. marked by simplicity; having a humble opinion of yourself\ns. not large but sufficient in size or amount\ns. free from pomp or affectation\na. not offensive to sexual mores in conduct or appearance,"a. 谦逊的, 羞怯的, 端庄的, 适度的\n[经] 适当的",,3,,gk cet4 cet6 ky toefl ielts gre,3176,3101,,,
modify,'mɒdifai,v. make less severe or harsh or extreme\nv. add a modifier to a constituent,"vt. 修正, 变更, 修饰, 缓和, 减轻\nvi. 被修改\n[计] 修改",,2,,cet4 cet6 ky toefl ielts gre,3239,3685,d:modified/i:modifying/p:modified/3:modifies,,
module,'mɒdju:l,n. detachable compartment of a spacecraft\nn. computer circuit consisting of an assembly of electronic components (as of computer hardware)\nn. a self-contained component (unit or item) that is used in combination with other components,"n. 组件, 模数\n[计] 模块",,1,,cet6 ky ielts,1606,6287,s:modules,,
molecule,'mɒlikju:l,n. (physics and chemistry) the simplest structural unit of an element or compound,"n. 分子, 些微\n[化] 分子",,3,,cet4 cet6 ky toefl ielts gre,3266,4785,s:molecules,,
momentum,mәu'mentәm,n. an impelling force or strength\nn. the product of a body's mass and its velocity,"n. 动力, 动量\n[化] 动量",,2,,cet6 ky ielts gre,5641,4335,,,
monetary,'mʌnitәri,a. relating to or involving money,"a. 货币的, 金钱的\n[经] 货币的, 金融的",,3,,cet6 ky toefl ielts gre,2863,5077,,,
monitor,'mɒnitә,n. an ironclad vessel built by Federal forces to do battle with the Merrimac\nn. display produced by a device that takes signals and displays them on a television screen or a computer monitor\nn. electronic equipment that is used to check the quality or content of electronic transmissions\nn. a piece of electronic equipment that keeps track of the operation of a system continuously and warns of trouble,"n. 监督器, 级长, 监听员, 班长, 监视器, 告诫物\nv. 监视, 监听, 监督\n[计] 监视器, 监视程序; 监视",,3,1,zk gk cet4 cet6 ky toefl ielts,2431,2349,d:monitored/i:monitoring/s:monitors/3:monitors/p:monitored,,
monopoly,mә'nɒpәli,n. (economics) a market in which there are many buyers but only one seller\nn. exclusive control or possession of something\nn. a board game in which players try to gain a monopoly on real estate as pieces advance around the board according to the throw of a die,"n. 垄断, 专卖权, 独占事业\n[经] 垄断, 专利品, 垄断(权)独占",,2,,cet6 ky toefl ielts gre,3446,5686,s:monopolies,,
monster,'mɒnstә,n. an imaginary creature usually having various human and animal parts\nn. a cruel wicked and inhuman person\nn. (medicine) a grossly malformed and usually nonviable fetus,"n. 怪物, 恶人, 巨物\n[医] 畸胎",,2,,cet6 ky toefl ielts,3985,3565,s:monsters,,
moral,'mɒrәl,n. the significance of a story or event\na. concerned with principles of right and wrong or conforming to standards of behavior and character based on those principles\ns. psychological rather than physical or tangible in effect,"n. 道德, 品行, 寓意\na. 道德的, 品性端正的, 精神上的",,3,1,gk cet4 cet6 ky toefl,1787,1459,s:morals,,
morality,mә'ræliti,n. concern with the distinction between good and evil or right and wrong; right or good conduct,"n. 道德, 教训, 品行\n[法] 道德, 道义",,2,,cet6 ky ielts,4740,5115,s:moralities,,
moreover,mɒ:'әuvә,"r in addition; furthermore, their quality is improving""; moreover, mice nested there""","adv. 而且, 此外",,3,1,cet4 cet6 ky ielts,2111,2282,,,
mortal,'mɒ:tәl,a. subject to death\ns. unrelenting and deadly,"n. 生物, 人类\na. 不免一死的, 人类的, 临终的",,2,,cet4 cet6 ky toefl ielts,9725,9517,s:mortals,,
mortgage,'mɒ:gidʒ,n. a conditional conveyance of property as security for the repayment of a loan\nv. put up as security or collateral,"n. 抵押, 约束性义务, 抵押借款\nvt. 抵押, 以...作担保, 把...许给",,4,,cet6 ky ielts gre,2483,3215,s:mortgages/d:mortgaged/i:mortgaging/p:mortgaged/3:mortgages,,
motel,mәu'tel,n. a motor hotel,n. 汽车旅馆,,1,,cet4 cet6 ky ielts,16260,5251,s:motels,,
motivate,'mәutiveit,v. give an incentive for action,"vt. 给与动机, 刺激, 提高...的学习欲望, 促动\n[经] 促动, 激发, 激励",,3,,cet4 cet6 ky toefl ielts,5069,3534,d:motivated/3:motivates/i:motivating/p:motivated,,
motive,'mәutiv,s. causing or able to cause motion,"n. 动机, 目的, 主题, 基调\na. 运动的, 成为动机的",,2,,cet4 cet6 ky toefl,3406,3578,s:motives,,
mourn,mɒ:n,v. feel sadness\nv. observe the customs of mourning after the death of a loved one,"v. 哀悼, 忧伤, 服丧",,1,,gk cet4 cet6 ky ielts gre,9545,6768,i:mourning/p:mourned/d:mourned/3:mourns,,
muddy,'mʌdi,v. dirty with mud\nv. cause to become muddy\nv. make turbid,"a. 泥泞的, 浑浊的, 模糊的\nvt. 使污浊, 使沾上泥污",,1,,gk cet4 cet6 gre,7679,6484,d:muddied/s:muddies/i:muddying/p:muddied/r:muddier/t:muddiest/3:muddies,,
multiple,'mʌltipl,n. the product of a quantity by an integer\na. having or involving or consisting of more than one part or entity or individual,"n. 倍数, 并联\na. 多样的, 许多的, 多功能的",,2,,cet4 cet6 ky toefl gre,3293,1948,s:multiples,,
multiply,'mʌltiplai,v. combine by multiplication\nv. combine or increase by multiplication\nr. in several ways; in a multiple manner,"v. 繁殖, 乘, 增加\n[计] 乘",,2,1,gk cet4 cet6 ky toefl ielts gre,5028,6148,d:multiplied/i:multiplying/p:multiplied/3:multiplies,,
multitude,'mʌltitju:d,n. a large gathering of people\nn. the common people generally,"n. 多数, 群众",,1,,cet6 ky toefl ielts gre,8452,8435,s:multitudes,,
municipal,mju:'nisipl,a. relating or belonging to or characteristic of a municipality\ns. of or relating to the government of a municipality,"a. 市政的, 自治区的, 内政的\n[经] 市政的, 市的",,2,,cet6 ky toefl ielts,6167,4666,s:municipals,,
murmur,'mә:mә,v. speak softly or indistinctly\nv. make complaining remarks or noises under one's breath,"n. 低语, 低声的怨言\nvi. 低语, 低声而言\nvt. 低声说",,2,,cet6 ky ielts gre,3363,6039,p:murmured/i:murmuring/s:murmurs/3:murmurs/d:murmured,,
muscular,'mʌskjulә,a. of or relating to or consisting of muscle\ns. having or suggesting great physical power or force,"a. 强壮的, 肌肉发达的, 有力的\n[医] 肌的; 肌肉发达的",,2,,cet6 ky toefl ielts gre,7814,6864,,,
mute,mju:t,n. a deaf person who is unable to speak\nn. a device used to soften the tone of a musical instrument\ns. expressed without speech,"n. 哑子, 哑音字母, 弱音器\na. 哑的, 无声的, 沉默的\nvt. 减弱...的声音\nvi. 排泄",,2,,cet4 cet6 ky gre,14663,10937,s:mutes/i:muting/d:muted/3:mutes/p:muted,,
mutter,'mʌtә,n. a low continuous indistinct sound; often accompanied by movement of the lips without the production of articulate speech,"n. 喃喃低语\nvi. 喃喃自语, 作低沉声\nvt. 出怨言, 抱怨地说",,2,,cet4 cet6 ky ielts gre,3481,4837,p:muttered/i:muttering/3:mutters/d:muttered/s:mutters,,
mutual,'mju:tʃuәl,s common to or shared by two or more parties\na concerning each of two or more persons or things; especially given or done in return,"a. 相互的, 共有的\n[经] 相互的",,3,,cet4 cet6 ky toefl ielts,3301,2799,s:mutuals,,
myth,miθ,n. a traditional story accepted as history; serves to explain the world view of a people,"n. 神话, 虚构的事, 虚构的人",,3,,cet6 ky toefl ielts,3413,3076,s:myths,,
naive,nɑ:'i:v,a. marked by or showing unaffected simplicity and lack of guile or worldly experience\ns. inexperienced,"a. 天真的, 纯真的, 幼稚的",,2,,cet6 ky gre,6356,6114,,,
napkin,'næpkin,n. a small piece of table linen that is used to wipe the mouth and to cover the lap in order to protect clothing,"n. 餐巾, 餐巾纸, 尿布",,1,,cet6 ky,12892,7155,s:napkins,,
narrative,'nærәtiv,n. a message that tells the particulars of an act or occurrence or course of events; presented in writing or drama or cinema or as a radio or television program\ns. consisting of or characterized by the telling of a story,"n. 叙述, 故事\na. 叙述的, 叙事的, 故事体的",,2,,cet6 ky ielts gre,5167,3097,s:narratives,,
nasty,'nɑ:sti,a. offensive or even (of persons) malicious\ns. exasperatingly difficult to handle or circumvent,"a. 污秽的, 下流的, 险恶的",,2,,cet4 cet6 ky ielts,3646,4476,s:nasties/r:nastier/t:nastiest/3:nasties,,
navigation,.nævi'geiʃәn,n. the guidance of ships or airplanes from place to place\nn. ship traffic,"n. 航行, 航海, 导航\n[经] 航空, 航海, 航船",,1,,cet4 cet6 ky toefl ielts,7152,8237,s:navigations,,
necessitate,ni'sesiteit,"v. require as useful, just, or proper\nv. cause to be a concomitant","vt. 迫使, 使成为必需, 需要",,1,,cet6 ky ielts,7107,10233,p:necessitated/3:necessitates/d:necessitated/i:necessitating,,
negative,'negәtiv,n. a reply of denial\nn. a piece of photographic film showing an image with light and shade or colors reversed\na. characterized by or displaying negation or denial or opposition or resistance; having no positive features\na. expressing or consisting of a negation or refusal or denial,"n. 否定, 否定语, 负数, 底片\na. 否定的, 消极的, 负的, 阴性的\nn. 负数, 负值\n[计] 负数, 负值",,3,1,cet4 cet6 ky toefl ielts,2015,1470,s:negatives/d:negatived/p:negatived/i:negativing/3:negatives,,
neglect,ni'glekt,n. the state of something that has been unused and neglected\nv. leave undone or leave out\nv. fail to attend to\nv. give little or no attention to,"n. 疏忽, 忽略, 漏做\nvt. 疏忽, 忽视, 不顾",,2,,cet4 cet6 ky toefl ielts,4477,5063,d:neglected/i:neglecting/3:neglects/p:neglected,,
negligible,'neglidʒәbl,s. so small as to be meaningless; insignificant\ns. not worth considering,"a. 可以忽略的, 不足取的, 无用的\n[医] 可不计的, 可忽视的",,1,,cet6 ky toefl ielts,8612,12050,,,
negotiate,ni'gәuʃieit,"v. succeed in passing through, around, or over","vi. 商议, 谈判, 交涉\nvt. 谈妥, 转让, 处理",,4,,gk cet6 ky toefl gre,2586,2541,i:negotiating/d:negotiated/p:negotiated/3:negotiates,,
neutral,'nju:trәl,"n. one who does not side with any party in a war or dispute\ns. not supporting or favoring either side in a war, dispute, or contest\na. possessing no distinctive quality or characteristics\ns. lacking distinguishing quality or characteristics","n. 中立者, 中立国, 非彩色, 空档\na. 中立的, 中性的, 无色的",,2,,cet4 cet6 ky toefl,4121,4223,s:neutrals,,
nickel,'nikl,n. a hard malleable ductile silvery metallic element that is resistant to corrosion; used in alloys; occurs in pentlandite and smaltite and garnierite and millerite\nn. a United States coin worth one twentieth of a dollar\nn. five dollars worth of a drug\nv. plate with nickel,"n. 镍, 镍币, 五分镍币\nvt. 镀镍于",,1,,cet6 ky toefl ielts,16216,7847,s:nickels/i:nickelling/p:nickelled/3:nickels/d:nickelled,,
nickname,'nikneim,n. a familiar name for a person (often a shortened version of a person's given name)\nn. a descriptive name for a place or thing,"n. 绰号, 昵称\nvt. 给...取绰号, 叫错名字\n[计] 绰号",,2,,cet6 ky toefl,8467,6090,d:nicknamed/s:nicknames/p:nicknamed/i:nicknaming/3:nicknames,,
nil,nil,n a quantity of no importance,"n. 无, 全无, 零\n[法] 无, 零, 无有",,2,,ielts gre,6632,0,s:nils/3:nils,,
nominal,'nɒminl,"a. relating to or constituting or bearing or giving a name\ns. insignificantly small; a matter of form only (`tokenish' is informal)\na. pertaining to a noun or to a word group that functions as a noun\na. of, relating to, or characteristic of an amount that is not adjusted for inflation","a. 名义上的, 名字的, 有名无实的, 稍许的\nn. 名词性词",,2,,cet6 ky ielts gre,6079,10783,s:nominals,,
nominate,'nɒmineit,v. propose as a candidate for some honor\nv. put forward; nominate for appointment to an office or for an honor or position,"vt. 提名, 任命, 命名\n[法] 提名...为候选人, 指定, 推荐",,2,,cet6 ky toefl ielts gre,5687,4958,d:nominated/p:nominated/i:nominating/3:nominates,,
nonetheless,",nʌnðә'les",r despite anything to the contrary (usually following a concession),"conj. 然而, 尽管, 不过\nadv. 不过, 仍然, 尽管如此, 然而",,2,,cet6 ky toefl,4823,3298,,,
norm,nɒ:m,n. a standard or model or pattern regarded as typical,"n. 基准, 模范, 标准, 准则, 平均数\n[化] 定额",,2,,cet6 ky toefl ielts gre,3718,3387,s:norms,,
notable,'nәutәbl,n a celebrity who is an inspiration to others\ns worthy of notice\ns widely known and esteemed,"n. 著名人士, 值得注意之事物\na. 值得注意的, 显著的",,2,,cet6 ky toefl ielts gre,4196,5293,s:notables/3:notables,,
notation,nәu'teiʃәn,n. a technical system of symbols used to represent special things\nn. the activity of representing something by a special system of marks or characters,"n. 记号, 符号表示法, 注释\n[计] 记数法",,,,cet6 toefl ielts,8312,10133,s:notations,,
notify,'nәutifai,v inform (somebody) of something,"vt. 通知, 通告, 报告\n[计] 通知",,1,,cet4 cet6 ky ielts,5665,6111,d:notified/i:notifying/p:notified/3:notifies,,
notion,'nәuʃәn,n. a general inclusive concept\nn. an odd or fanciful or capricious idea\nn. (usually plural) small personal articles or clothing or sewing items,"n. 概念, 观念, 想法, 打算, 别致的小东西\n[经] 概念, 打算, 想法",,3,,cet4 cet6 ky toefl ielts,1969,1714,s:notions,,
notorious,nәu'tɒ:riәs,s known widely and usually unfavorably; ,"a. 声名狼藉的, 臭名昭著的, 众人皆知的",,2,,cet6 ky toefl ielts gre,6020,6155,,,
notwithstanding,.nɒtwiθ'stændiŋ,r despite anything to the contrary (usually following a concession),"adv. 虽然, 尽管\nprep. 尽管\nconj. 虽然",,1,,cet6 ky toefl,9042,10393,,,
nourish,'nә:riʃ,v. provide with nourishment,"vt. 滋养, 使健壮, 怀有",,1,,cet6 ky toefl ielts gre,11545,10239,d:nourished/3:nourishes/i:nourishing/p:nourished,,
novelty,'nɒvәlti,n. originality by virtue of being new and surprising,"n. 新奇, 新鲜, 新奇的事物",,1,,cet6 ky toefl ielts gre,7558,7961,s:novelties,,
numerical,nju:'merikl,a. relating to or having ability to think in or work with numbers,"a. 数字的, 数值的, 以数字表示的, 擅长于计数的\n[经] 数字的, 用数字表示的",,1,,cet6 ky toefl ielts,7312,10114,,,
numerous,'nju:mәrәs,s. amounting to a large indefinite number,"a. 很多的, 数目众多的, 多数的\n[机] 多数的, 甚多的",,3,,cet4 cet6 ky toefl ielts gre,2597,2275,,,
nurture,'nә:tʃә,"n the properties acquired as a consequence of the way you were treated as a child\nn helping someone grow up to be an accepted member of the community\nv help develop, help grow\nv bring up\nv provide with nourishment","n. 养育, 营养物, 培育\nvt. 养育, 供给营养物, 教养",,2,,cet6 ky toefl ielts gre,8542,5533,d:nurtured/i:nurturing/p:nurtured/3:nurtures/s:nurtures,,
nutrition,nju:'triʃәn,n. (physiology) the organic process of nourishing or being nourished; the processes by which an organism assimilates food and uses it for growth and maintenance\nn. the scientific study of food and drink (especially in humans),"n. 营养, 营养学\n[医] 营养, 营养品",,2,,gk cet6 ky toefl ielts gre,8940,5563,,,
oak,әuk,n. the hard durable wood of any oak; used especially for furniture and flooring\nn. a deciduous tree of the genus Quercus; has acorns and lobed leaves,"n. 橡树, 橡木\na. 橡木制的",,2,,cet6 ky gre,3645,4423,s:oaks,,
oath,әuθ,"n. a commitment to tell the truth (especially in a court of law); to lie under oath is to become subject to prosecution for perjury\nn. a solemn promise, usually invoking a divine witness, regarding your future acts or behavior","n. 誓约, 誓言, 咒骂\n[法] 誓言, 誓约, 宣誓",,1,,cet6 ky toefl ielts gre,7058,6353,s:oaths,,
obedient,ә'bi:djәnt,"a. dutifully complying with the commands or instructions of those in authority; the refractory remain unburdened""- Edmund Burke","a. 服从的, 顺从的, 孝顺的\n[法] 服从的, 顺从的, 忠顺的",,1,,cet6 ky ielts gre,14157,14489,,,
object,'ɒbdʒekt,n. a tangible and visible entity; an entity that can cast a shadow\nn. (grammar) a constituent that is acted upon\nn. the focus of cognitions or feelings\nn. (computing) a discrete item that provides a description of virtually anything known to a computer,"n. 物体, 目标, 目的, 对象, 宾语, 客体\nvi. 反对, 抱反感\nvt. 提出...来反对\n[计] 对象",,4,1,zk gk cet4 cet6 ky ielts,1028,1153,s:objects/p:objected/d:objected/i:objecting/3:objects,,
objection,әb'dʒekʃәn,n. the speech act of objecting\nn. (law) a procedure whereby a party to a suit says that a particular line of questioning or a particular witness or a piece of evidence or other matter is improper and should not be continued and asks the court to rule on its impropriety or illegality,"n. 异议, 反对, 不喜欢, 缺点, 缺陷, 妨碍, 拒绝之理由\n[法] 异议, 反对, 抗议",,2,,cet4 cet6 ky toefl ielts gre,2931,4737,s:objections,,
objective,әb'dʒektiv,"n. the lens or system of lenses in a telescope or microscope that is nearest the object being viewed\na. undistorted by emotion or personal bias; based on observable phenomena\na. serving as or indicating the object of a verb or of certain prepositions and used for certain other purposes\ns. emphasizing or expressing things as perceived without distortion of personal feelings, insertion of fictional matter, or interpretation","n. 目的, 目标, 宗旨, 宾格, 实物\na. 客观的, 如实的, 无偏见的, 宾格的",,3,1,cet4 cet6 ky toefl ielts gre,1322,2406,s:objectives,,
obligation,.ɒbli'geiʃәn,n. the state of being obligated to do or pay something\nn. a personal relation in which one is indebted for a service or favor\nn. a legal agreement specifying a payment or action and the penalty for failure to comply,"n. 义务, 责任, 约束, 契约, 恩惠, 债务\n[经] 待付款, 债务, 义务",,2,,cet4 cet6 ky toefl ielts gre,2182,2988,s:obligations,,
obscene,ɒb'si:n,s. designed to incite to indecency or lust,"a. 淫秽的, 猥亵的, 讨人厌的, 可憎的\n[法] 猥亵的, 海洋的, 污秽的",,1,,cet6 toefl ielts,8634,9798,,,
obscure,әb'skjuә,"v. make less visible or unclear\nv. make obscure or unclear\nv. reduce a vowel to a neutral one, such as a schwa\nv. make undecipherable or imperceptible by obscuring or concealing","a. 模糊的, 昏暗的, 难解的, 晦涩的, 偏僻的, 微贱的, 无名的\nvt. 使变暗, 隐藏, 使变模糊, 使难解",,2,,cet4 cet6 ky toefl ielts gre,5564,5853,d:obscured/3:obscures/i:obscuring/p:obscured/r:obscurer,,
obstacle,'ɒbstәkl,n. something immaterial that stands in the way and must be circumvented or surmounted\nn. an obstruction that stands in the way (and must be removed or surmounted or circumvented),"n. 障碍, 妨害物, 阻碍",,2,,cet4 cet6 ky toefl ielts gre,4525,3569,s:obstacles,,
obtain,әb'tein,v. come into possession of,"vt. 获得, 达到\nvi. 流行, 得到公认",,3,1,gk cet4 cet6 ky toefl,793,1595,d:obtained/i:obtaining/p:obtained/3:obtains,,
occasional,ә'keiʒәnl,s. occurring from time to time,"a. 偶然的, 临时的\n[法] 偶然的, 特殊场合的",,3,,cet4 cet6 ky toefl,2924,3511,,,
occupation,.ɒkju'peiʃәn,n. the principal activity in your life that you do to earn money\nn. the control of a country by military forces of a foreign power\nn. any activity that occupies a person's attention\nn. the act of occupying or taking possession of a building,"n. 职业, 占有, 占有期, 占领, 占领军\n[经] 占有, 占用, 职业",,3,,gk cet4 cet6 ky toefl ielts gre,2591,3334,s:occupations,,
occupy,'ɒkjupai,v. live (in a certain place)\nv. occupy the whole of,"vt. 占领, 占(时间、空间等), 住进, 担任, 使从事, 使全神贯注\n[法] 占领, 占据, 占有",,4,1,cet4 cet6 ky toefl ielts,1991,2710,d:occupied/3:occupies/p:occupied/i:occupying,,
occur,ә'kә:,v. come to one's mind; suggest itself\nv. to be found to exist,"vi. 发生, 被想到, 存在",,4,1,gk cet4 cet6 ky toefl ielts,634,756,3:occurs/p:occurred/d:occurred/i:occurring,,
odor,'әudә,n any property detected by the olfactory system\nn the sensation that results when olfactory receptors in the nose are stimulated by particular chemicals in gaseous form,"n. 气味, 香味, 名声, 意味\n[医] 气味",,,,cet6 ky toefl,0,5311,s:odors,,
offense,ә'fens,n. the team that has the ball (or puck) and is trying to score\nn. the action of attacking an enemy,"n. 犯罪, 伤感情, 攻击",,,,,42743,2828,s:offenses,,
offensive,ә'fensiv,s. violating or tending to violate or offend against\na. for the purpose of attack rather than defense\na. causing anger or annoyance\na. unpleasant or disgusting especially to the senses,"a. 令人不快的, 侮辱的, 攻击性的\n[法] 攻击的, 进攻的, 冒犯的",,3,1,cet6 ky toefl gre,5947,3168,s:offensives,,
offset,'ɒ:fset,"n. a plate makes an inked impression on a rubber-blanketed cylinder, which in turn transfers it to the paper\nv. compensate for or counterbalance\nv. cause (printed matter) to transfer or smear onto another surface\nv. create an offset in","n. 抵消, 把...并列, 旁系, 支管, 用胶印法印\nvt. 弥补, 抵消, 胶印\nvi. 装支管\nn. 偏移量\n[计] 偏移量",,2,,cet6 ky ielts gre,5701,6179,d:offset/0:offset/1:dp/3:offsets/i:offsetting/p:offset/s:offsets,,
offspring,'ɒ:fspriŋ,n. the immediate descendants of a person\nn. something that comes into existence as a result,"n. 子孙, 后代, 产物\n[法] 后辈, 子孙, 后裔",,1,,cet6 ky toefl ielts gre,5729,6511,s:offsprings,,
olive,'ɒliv,n. small ovoid fruit of the European olive tree; important food and source of oil\nn. evergreen tree cultivated in the Mediterranean region since antiquity and now elsewhere; has edible shiny black fruits\nn. hard yellow often variegated wood of an olive tree; used in cabinetwork\nn. one-seeded fruit of the European olive tree usually pickled and used as a relish,"n. 橄榄, 橄榄树, 橄榄色, 橄榄枝\na. 黄绿色的, 黄褐色的, 橄榄色的",,2,,cet6,7177,6160,s:olives,,
opaque,әu'peik,a. not transmitting or reflecting light or radiant energy; impenetrable to sight\ns. not clearly understood or expressed,"n. 不透明物\na. 不透明的, 不传热的, 不传导的, 阴暗的\n[计] 白底",,1,,cet6 ky toefl ielts gre,11427,9310,s:opaques/p:opaqued,,
opponent,ә'pәunәnt,s. characterized by active hostility,"n. 对手, 敌手, 反对者\na. 敌对的, 反对的, 对面的",,3,1,cet4 cet6 ky toefl ielts gre,2663,2181,s:opponents,,
oppose,ә'pәuz,v. be against; express opposition to\nv. contrast with equal weight or force\nv. be resistant to,"vt. 反对, 以...对抗, 抗争\nvi. 反对",,3,1,gk cet4 cet6 ky toefl ielts gre,2559,1945,d:opposed/p:opposed/i:opposing/3:opposes,,
oppress,ә'pres,v. come down on or keep down by unjust use of one's authority,"vt. 压迫, 压抑, 使烦恼",,,,cet4 cet6 ky ielts gre,14569,13013,d:oppressed/p:oppressed/i:oppressing/3:oppresses,,
optical,'ɒptikl,a. of or relating to or involving light or optics,"a. 眼睛的, 视觉的, 光学的\n[机] 光学上的, 光学的",,1,,cet4 cet6 ky toefl ielts,6151,5497,s:opticals,,
optimism,'ɒptimizm,n. the optimistic feeling that all is going to turn out well\nn. a general disposition to expect the best in all things,"n. 乐观主义, 乐观, 乐天\n[医] 乐观主义, 乐观",,2,,cet6 ielts gre,6494,5401,,,
optimistic,.ɒpti'mistik,a. expecting the best in this best of all possible worlds,"a. 乐观的, 乐观主义的, 乐天的",,1,,gk cet4 cet6 ky toefl,4963,4141,,,
optimum,'ɒptimәm,n. most favorable conditions or greatest degree or amount possible under given circumstances\ns. most desirable possible under a restriction expressed or implied,"n. 最适条件, 最佳效果\na. 最优的, 最适宜的",,1,,cet6 ky toefl ielts gre,7895,11020,,,
option,'ɒpʃәn,n. the right to buy or sell property at an agreed price; the right is purchased and if it is not exercised by a stated date the money is forfeited\nn. one of a number of things from which only one can be chosen,"n. 选择权, 挑选, 选项\n[计] 选项",,4,1,cet4 cet6 ky toefl ielts,1086,1102,s:options,,
orbit,'ɒ:bit,n. the (usually elliptical) path described by one celestial body in its revolution about another\nn. the path of an electron around the nucleus of an atom,"n. 轨道, 常轨, 眼眶\nvt. 绕...轨道而行\nvi. 进入轨道, 盘旋",,2,,gk cet4 cet6 ky toefl ielts,6177,4178,s:orbits/i:orbiting/p:orbited/3:orbits/d:orbited,,
orchestra,'ɒ:kistrә,n. a musical organization consisting of a group of instrumentalists including string players\nn. seating on the main floor in a theater,"n. 管弦乐队, 乐队演奏处",,2,,cet4 cet6 ky toefl ielts gre,4027,5347,s:orchestras,,
ore,ɒ:,n. a mineral that contains metal that is valuable enough to be mined\nn. a monetary subunit in Denmark and Norway and Sweden; 100 ore equal 1 krona,n. 矿石\n[经] 矿,,1,,cet4 cet6 ky toefl ielts gre,8191,10340,s:ores,,
orient,'ɒ:riәnt,v. be oriented\nv. determine one's position with reference to another point\nv. cause to point\nv. familiarize (someone) with new surroundings or circumstances,"n. 东方, 东方诸国\na. 东方的\nvi. 向东\nvt. 使朝东, 使适应, 确定方向",,1,,cet4 cet6 ky toefl gre,10266,6514,p:oriented/d:oriented/i:orienting/3:orients,,
oriental,.ɒ:ri'entl,n. a member of an Oriental race; the term is regarded as offensive by Asians (especially by Asian Americans)\ns. denoting or characteristic of countries of Asia,"n. 东方人, 亚洲人\na. 东方诸国的, 亚洲的, 东方的",,2,,cet4 cet6 ky toefl ielts,7045,8982,s:orientals,,
orientation,.ɒ:rien'teiʃәn,n. the act of orienting\nn. an integrated set of attitudes and beliefs\nn. position or alignment relative to points of the compass or other specific directions\nn. a person's awareness of self with regard to position and time and place and personal relationships,"n. 定方位, 适应, 向东方\nn. 方向\n[计] 方向",,1,,cet6 ky toefl ielts,5179,3196,s:orientations,,
origin,'ɒridʒin,n. properties attributable to your ancestry\nn. an event that is a beginning; a first part or stage of subsequent events\nn. the point of intersection of coordinate axes; where the values of the coordinates are all zero\nn. the source of something's existence or from which it derives or is derived,"n. 起源, 起因, 出身, 开端\n[计] 原点; 起始地址; 信件来源的相关数据",,3,1,gk cet4 cet6 ky toefl ielts,1898,2547,s:origins,,
original,ә'ridʒәnl,n. something that serves as a model or a basis for making copies\ns. preceding all others in time or being as first made or performed\ns. (of e.g. information) not secondhand or by way of something intermediary\na. being or productive of something fresh and unusual; or being as first made or thought of,"a. 最初的, 原始的, 有创意的\nn. 原物, 原作",,4,1,cet4 cet6 ky toefl ielts gre,918,1135,s:originals,,
originate,ә'ridʒineit,"v. come into existence; take on form or shape\nv. bring into being\nv. begin a trip at a certain point, as of a plane, train, bus, etc.","vt. 创始, 发明, 发起\nvi. 发源, 发生, 起航\n[计] 发自",,2,,cet4 cet6 ky toefl ielts,4384,5287,d:originated/i:originating/p:originated/3:originates,,
ornament,'ɒ:nәmәnt,v. be an ornament to,"n. 装饰, 点缀品, 教堂用品\nvt. 装饰, 修饰",,1,,cet4 cet6 ky toefl ielts,7644,7737,s:ornaments/d:ornamented/i:ornamenting/p:ornamented/3:ornaments,,
orthodox,'ɒ:θәdɒks,a. of or pertaining to or characteristic of Judaism\na. adhering to what is commonly accepted\na. of or relating to or characteristic of the Eastern Orthodox Church,"a. 正统的, 传统的, 惯常的",,2,,cet6 ky ielts gre,5046,5340,,,
outbreak,'autbreik,n. a sudden violent spontaneous occurrence (usually of some undesirable condition),"n. 爆发, 暴动\n[医] 暴发",,2,,cet6 ky toefl ielts,5060,5343,s:outbreaks,,
outfit,'autfit,n. any cohesive unit such as a military company\nn. a set of clothing (with accessories),"n. 用具, 配备, 机构\nvt. 配备, 供应\nvi. 得到装备",,2,,ky toefl ielts,5379,4400,s:outfits/i:outfitting/p:outfitted/3:outfits/d:outfitted,,
outline,'autlain,n. the line that appears to bound an object\nn. a sketchy summary of the main points of an argument or theory\nn. a schematic or preliminary plan,"n. 大纲, 轮廓, 概要\nvt. 描画轮廓, 描述要点\nn. 大纲, 分级, 轮廓\n[计] 大纲, 分级, 轮廓",,3,1,gk cet4 cet6 ky toefl ielts gre,2838,4429,d:outlined/s:outlines/p:outlined/i:outlining/3:outlines,,
output,'autput,n. production of a certain amount\nn. the quantity of something (as a commodity) that is created (usually within a given period of time)\nn. what is produced in a given time period\nv. to create or manufacture a specific amount,"n. 输出, 产品, 产量\n[计] 输出",,3,1,gk cet4 cet6 ky toefl ielts,1540,4085,s:outputs/d:output/0:output/1:d/3:outputs/i:outputting,,
outrage,'autreidʒ,n. a wantonly cruel act,"n. 暴行, 侮辱, 愤怒\nvt. 凌辱, 虐待, 触犯",,2,,cet6 ky toefl gre,6948,5684,s:outrages/i:outraging/p:outraged/3:outrages/d:outraged,,
outset,'autset,n the time at which something is supposed to begin,"n. 着手, 开头, 最初",,2,,cet4 cet6 ky toefl ielts gre,5658,7964,,,
outward,'autwәd,a. relating to physical reality rather than with thoughts or the mind\nr. toward the outside,"a. 向外的, 表面的, 外服的\nadv. 向外, 在外, 表面",,1,,gk cet4 cet6 ky toefl,8743,8599,,,
overcome,.әuvә'kʌm,v. get on top of; deal with successfully,"vt. 战胜, 克服, 胜过\nvi. 得胜",,3,1,gk cet4 cet6 ky toefl ielts,2462,2707,d:overcome/0:overcome/1:d/i:overcoming/p:overcame/3:overcomes,,
overflow,.әuvә'flәu,n. the occurrence of surplus liquid (as water) exceeding the limit or capacity\nv. flow or run over (a limit or brim),"n. 溢值, 超值, 泛滥\nv. (使)泛滥, (使)溢出, (使)充溢\n[计] 上溢; 溢出",,1,,cet6 ky toefl ielts gre,9554,9278,i:overflowing/p:overflowed/3:overflows/d:overflowed/s:overflows,,
overhead,'әuvәhed,n. (nautical) the top surface of an enclosed space on a ship\nn. a hard return hitting the tennis ball above your head\na. located or originating from above\nr. above your head; in the sky,"n. 经常开支, 普通用费, 天花板\na. 在头上的, 高架的\nadv. 在头顶上, 在空中, 在高处, 从头到脚全部没入地\n[计] 总开销; 额外开销",,2,,gk cet4 cet6 ky ielts,7523,5527,s:overheads,,
overhear,.әuvә'hiә,"v hear, usually without the knowledge of the speakers","vt. 无意中听到, 偷听",,1,,cet6 ky ielts,9669,8536,d:overheard/p:overheard/i:overhearing/3:overhears,,
overlap,.әuvә'læp,n. a representation of common ground between theories or phenomena\nn. the property of partial coincidence in time\nv. coincide partially or wholly\nv. extend over and cover a part of,"n. 重叠, 重复, 部分的同时发生\nvt. 重叠, 重复, 与...同时发生\nvi. 迭盖, 部分的同时发生\n[计] 重叠",,2,,cet6 ky toefl ielts gre,6707,8870,i:overlapping/s:overlaps/3:overlaps/d:overlapped/p:overlapped,,
overlook,.әuvә'luk,"n. a high place affording a good view\nv. look past, fail to notice\nv. watch over","vt. 俯瞰, 远眺, 没注意到\nn. 眺望, 俯瞰到的景色",,2,,gk cet4 cet6 ky toefl ielts gre,3391,3139,i:overlooking/d:overlooked/3:overlooks/p:overlooked,,
overpass,'әuvәpɑ:s,n. bridge formed by the upper level of a crossing of two highways at different levels,"n. 天桥, 旱桥, 立交桥\nvt. 超越, 胜过, 通过, 忽略, 侵犯",,,,ky,0,20685,s:overpasses,,
overt,'әuvә:t,a. open and observable; not secret or hidden,"a. 明显的, 公然的, 蓄意的\n[法] 明显的, 公开的",,1,,cet6 toefl ielts gre,7860,9229,,,
overthrow,.әuvә'θrәu,n. the termination of a ruler or institution (especially by force)\nv. cause the downfall of; of rulers,"n. 推翻, 瓦解, 倾覆\nvt. 打倒, 推翻, 倾覆",,2,,cet6 ky ielts gre,8785,8555,d:overthrown/i:overthrowing/3:overthrows/s:overthrows/p:overthrew,,
overturn,.әuvә'tә:n,n. an improbable and unexpected victory\nv. turn from an upright or normal position\nv. cause to overturn from an upright or normal position,"n. 倾覆, 破灭, 革命\nvt. 推翻, 颠倒\nvi. 翻倒",,2,,ky toefl gre,7061,6200,d:overturned/p:overturned/i:overturning/3:overturns,,
overwhelm,.әuvә'hwelm,"v. overcome, as with emotions or perceptual stimuli\nv. charge someone with too many tasks","vt. 淹没, 受打击, 制服, 压倒, 使不知所措\n[法] 打翻, 倾覆, 覆盖",,2,,cet6 ky toefl ielts gre,6397,4804,d:overwhelmed/p:overwhelmed/3:overwhelms/i:overwhelming,,
overwhelming,.әuvә'hwelmiŋ,"v overcome, as with emotions or perceptual stimuli\nv charge someone with too many tasks\nv cover completely or make imperceptible\nv overcome by superior force\ns so strong as to be irresistible\ns very intense","a. 压倒性的, 无法抵抗的",,3,,cet6 ky,4523,3571,1:i/0:overwhelm,,
owe,әu,"v. be obliged to pay or repay\nv. be indebted to, in an abstract or intellectual sense\nv. be in debt","vt. 亏欠, 负...债, 归功于, 怀有, 应给予, 感恩\nvi. 欠钱",,3,1,gk cet4 cet6 ky ielts,2323,2979,i:owing/p:owed/3:owes/d:owed,,
owl,aul,n. nocturnal bird of prey with hawk-like beak and claws and large head with front-facing eyes,n. 猫头鹰\n[法] 走私,,2,,cet4 cet6 ky gre,4246,5953,s:owls,,
oxide,'ɒksaid,n. any compound of oxygen with another element or a radical,n. 氧化物\n[医] 氧化物,,1,,cet6 ky ielts,8269,9787,s:oxides,,
oxygen,'ɒksәdʒәn,n. a nonmetallic bivalent element that is normally a colorless odorless tasteless nonflammable diatomic gas; constitutes 21 percent of the atmosphere by volume; the most abundant element in the earth's crust,n. 氧\n[化] 氧O-2,,2,,gk cet4 ky toefl,3719,3839,s:oxygens,,
ozone,'әuzәun,n. a colorless gas (O3) soluble in alkalis and cold water; a strong oxidizing agent; can be produced by electric discharge in oxygen or by the action of ultraviolet radiation on oxygen in the stratosphere (where it acts as a screen for ultraviolet radiation),"n. 新鲜的空气, 臭氧, 使人愉快的影响\n[化] 臭氧",,2,,ky toefl,4898,6010,,,
package,'pækidʒ,n. a collection of things wrapped or boxed together\nn. a wrapped container,"n. 包裹, 套装软件, 包, 包装用物, 程序包\nvt. 包装, 打包\na. 一揽子的\n[计] 包, 软件包, 包装",,4,1,zk gk cet4 cet6 ky toefl ielts,1336,1685,s:packages/d:packaged/i:packaging/p:packaged/3:packages,,
pact,pækt,n a written agreement between two states or sovereigns,"n. 契约, 协定, 条约\n[化] 合同",,3,,ky toefl gre,5146,6682,s:pacts,,
pamphlet,'pæmflit,n a small book usually having a paper cover\nn a brief treatise on a subject of interest; published in the form of a booklet,"n. 小册子, 活页文选",,1,,cet6 ky toefl ielts gre,6888,8959,s:pamphlets,,
panic,'pænik,n. an overwhelming feeling of fear and anxiety\nn. sudden mass fear and anxiety over anticipated events\nv. be overcome by a sudden fear\nv. cause sudden fear in or fill with sudden panic,"n. 恐慌, 惊慌\na. 惊慌的, 没有理由的, 恐慌的\nvt. 使惊慌, 使狂热\nvi. 惊慌",,3,,gk cet6 ky toefl ielts gre,3777,4310,i:panicking/s:panics/3:panics/p:panicked/d:panicked,,
paperback,'peipәbæk,s. (of books) having a flexible binding,"n. 平装本, 纸面本",,2,,ky,7936,8235,s:paperbacks/p:paperbacked,,
paradise,'pærәdais,n. (Christianity) the abode of righteous souls after death,"n. 天堂, 乐园, 伊甸园",,2,,cet4 cet6 ielts,5567,6816,s:paradises,,
paradox,'pærәdɒks,n. (logic) a statement that contradicts itself,"n. 似非而是的论点, 自相矛盾的话, 悖论, 怪人怪事\n[化] 佯谬",,1,,cet6 ky toefl ielts gre,6552,6775,s:paradoxes,,
paragraph,'pærәgrɑ:f,"n. one of several distinct subdivisions of a text intended to separate ideas; the beginning is usually marked by a new indented line\nv. divide into paragraphs, as of text\nv. write about in a paragraph\nv. write paragraphs; work as a paragrapher","n. 段落, 短评\nvt. 将...分段, 分段落\nvi. 写短讯\n[计] 段落",,2,,gk cet4 cet6 ky,2495,5897,s:paragraphs/i:paragraphing/p:paragraphed/3:paragraphs/d:paragraphed,,
parallel,'pærәlel,n. (mathematics) one of a set of parallel geometric figures (parallel lines or planes)\nv. be parallel to\nv. make or place parallel to something\na. being everywhere equidistant and not intersecting,"n. 平行, 对比, 相匹敌之物\na. 平行的, 相似的\nvt. 与...平行, 与...相似, 相比, 使平行\n[计] 并联; 并行",,2,1,gk cet4 cet6 ky toefl ielts gre,3869,5840,s:parallels/3:parallels/i:paralleling/p:parallelled/d:parallelled,,
paralyze,'pærәlaiz,v. make powerless and unable to function\nv. cause to be paralyzed and immobile,"vt. 使瘫痪, 使麻痹\n[医] 使麻痹, 使瘫痪",,,,cet6 ky toefl gre,0,7146,d:paralyzed/3:paralyzes/i:paralyzing/p:paralyzed,,
parameter,pә'ræmitә,n. a constant in the equation of a curve that can be varied to yield a family of similar curves\nn. any factor that defines a system and determines (or limits) its performance\nn. a quantity (such as the mean or variance) that characterizes a statistical population and that can be estimated by calculations from sample data,"n. 参变数, 参变量, 参数, 参量\n[计] 参量; 参数",,1,,cet6 ky toefl gre,4063,5398,s:parameters,,
parasite,'pærәsait,n. an animal or plant that lives in or on a host (another animal or plant); it obtains nourishment from the host without benefiting or killing the host,"n. 寄生生物, 寄生虫, 食客\n[医] 寄生物; 寄生胎",,1,,ky toefl ielts gre,7277,8481,s:parasites,,
partial,'pɑ:ʃәl,s. being or affecting only a part; not total\na. showing favoritism,"a. 部分的, 偏袒的, 偏爱的\nn. 分音",,2,,cet4 cet6 ky toefl ielts gre,3804,4546,s:partials,,
participant,pɑ:'tisipәnt,n. someone who takes part in an activity,"n. 参加者, 参与者\na. 有份的, 参加的, 参与的",,2,,cet6 ky toefl,2859,1103,s:participants,,
partition,pɑ:'tiʃәn,"n. a vertical structure that divides or separates (as a wall divides one room from another)\nn. (computer science) the part of a hard disk that is dedicated to a particular operating system or application and accessed as a single unit\nn. (anatomy) a structure that separates areas in an organism\nv. divide into parts, pieces, or sections","n. 分割, 隔离物, 隔墙, 财产分割\nvt. 区分, 瓜分, 隔开, 分割\n[计] 分区; 划分",,1,,cet6 ielts gre,8564,9717,d:partitioned/s:partitions/i:partitioning/3:partitions/p:partitioned,,
passion,'pæʃәn,n. a strong feeling or emotion\nn. a feeling of strong sexual desire\nn. the suffering of Jesus at the Crucifixion,"n. 激情, 酷爱, 热爱, 强烈感情, 耶稣受难(故事)",,3,,cet4 cet6 ky toefl ielts,2957,2283,s:passions,,
passive,'pæsiv,a. lacking in energy or will\ns. peacefully resistant in response to injustice\na. expressing that the subject of the sentence is the patient of the action denoted by the verb,"a. 消极的, 被动的, 冷漠的, 顺从的, 无源的\n[医] 被动的",,2,,gk cet4 cet6 ky toefl ielts gre,4512,5680,s:passives,,
pastime,'pæstaim,n. a diversion that occupies one's time and thoughts (usually pleasantly),"n. 消遣, 娱乐, 游戏",,1,,cet4 cet6 ky ielts,11164,11138,s:pastimes,,
pastry,'peistri,n. a dough of flour and water and shortening\nn. any of various baked foods made of dough or batter,"n. 油酥点心, 面粉糕饼",,2,,gre,8102,6315,s:pastries,,
pasture,'pæstʃә,n. a field covered with grass or herbage and suitable for grazing by livestock,"n. 牧场, 草地, 牧草\nvt. 放牧\nvi. 吃草",,1,,cet6 ky toefl ielts,5749,6330,s:pastures/d:pastured/i:pasturing/p:pastured/3:pastures,,
patent,'pætnt. 'peitnt,n. a document granting an inventor sole rights to an invention\nn. an official document granting a right or privilege\nv. obtain a patent for\nv. grant rights to; grant a patent for,"n. 专利权, 许可证, 执照, 专利品, 素质\na. 专利的, 特许的, 显著的, 新奇的\nvt. 取得...的专利权, 请准专利",,2,,gk cet6 ky toefl ielts gre,4835,4405,s:patents/d:patented/p:patented/i:patenting/3:patents,,
pathetic,pә'θetik,s. inspiring mixed contempt and pity\ns. inspiring scornful pity,"a. 悲哀的, 可怜的, 感伤的, 差劲的\n[医] 感情的",,2,,cet6 ky ielts gre,6913,7927,s:pathetics,,
patriot,'peitriәt,n. one who loves and defends his or her country,"n. 爱国者, 爱国主义者",,2,,cet6 toefl gre,11834,10621,s:patriots,,
patriotic,.peitri'ɒtik,a. inspired by love for your country,"a. 爱国的, 有爱国心的\n[法] 爱国的, 有爱国心的",,,,cet6 ky toefl,7854,7633,,,
patrol,pә'trәul,n. a detachment used for security or reconnaissance\nn. the activity of going around or through an area at regular intervals for security purposes\nn. a group that goes through a region at regular intervals for the purpose of security\nv. maintain the security of by carrying out a patrol,"n. 巡逻, 巡逻员, 侦察队\nv. 巡逻, 巡视",,2,,cet6 ky toefl ielts,5439,4183,s:patrols/i:patrolling/p:patrolled/d:patrolled/3:patrols,,
patron,'peitrәn,n. a regular customer\nn. the proprietor of an inn\nn. someone who supports or champions something,"n. 赞助人, 顾客, 保护人\n[法] 保护人, 庇护人, 赞助人",,2,,cet6 ky toefl ielts,5058,4665,s:patrons,,
pattern,'pætәn,n. a model considered worthy of imitation\nv. form a pattern,"n. 模范, 典型, 式样, 样品, 图案, 格调, 模式\nvt. 模仿, 仿造, 以图案装饰\nvi. 形成图案\n[计] 模式, 图案",,4,1,gk cet4 cet6 ky ielts,676,1017,s:patterns/i:patterning/p:patterned/3:patterns/d:patterned,,
pave,peiv,n. a setting with precious stones so closely set that no metal shows\nv. cover with a material such as stone or concrete to make suitable for vehicle traffic,"vt. 铺设, 安排, 铺满, 为...铺路\n[化] 铺设",,2,,cet4 cet6 ky toefl ielts,8451,7086,d:paved/i:paving/p:paved/3:paves,,
peak,pi:k,n. the top or extreme point of something (usually a mountain or hill),"n. 山峰, 巅, 山顶, 顶点, 尖峰, 帽舌\na. 最高的, 最大值的\nvi. 到达最高点, 消瘦, 变憔悴, 逐渐缩小\nvt. 使竖起, 使达到最高点",,3,1,cet4 cet6 ky toefl gre,2312,2364,s:peaks/p:peaked/d:peaked/i:peaking/3:peaks,,
pearl,pә:l,"n. a smooth lustrous round structure inside the shell of a clam or oyster; much valued as a jewel\nv. gather pearls, from oysters in the ocean","n. 珍珠, 珠灰色, 杰出者, 珍贵之物\nvt. 用珍珠镶, 使成珠状\nvi. 成珠子状, 采珍珠, 用珍珠做",,2,,cet4 cet6 ky toefl,6574,45772,s:pearls/i:pearling/p:pearled/3:pearls/d:pearled,,
peculiar,pi'kju:ljә,s. markedly different from the usual\ns. characteristic of one only; distinctive or special,"a. 奇特的, 罕见的, 特殊的, 特别的\nn. 特有财产, 特权",,2,,cet4 cet6 ky toefl ielts,4476,5505,s:peculiars,,
pedal,'pedl,n. a lever that is operated with the foot\nv. operate the pedals on a keyboard instrument\na. of or relating to the feet,"n. 踏板, 脚蹬子\na. 脚的, 脚踏的\nvt. 用脚踏动\nvi. 踩踏板, 骑车",,1,,cet6 ky ielts gre,9029,7777,s:pedals/i:pedalling/p:pedalled/d:pedalled/3:pedals,,
pedestrian,pә'destriәn,n. a person who travels by foot\ns. lacking wit or imagination,"n. 行人, 步行者\na. 人行的, 徒步的, 呆板的, 通俗的, 平淡无奇的",,1,,gk cet6 ky ielts gre,5992,7573,s:pedestrians,,
peel,pi:l,n. British politician (1788-1850)\nn. the rind of a fruit or vegetable,"n. 皮, 外壳\nvt. 削...皮, 剥去...的壳\nvi. 蜕皮, 剥落, 脱皮, 脱去衣服",,2,,cet4 cet6 ky ielts gre,6496,3920,d:peeled/i:peeling/p:peeled/s:peels/3:peels,,
peg,peg,n. a wooden pin pushed or driven into a surface\nn. small markers inserted into a surface to mark scores or define locations etc.\nn. a prosthesis that replaces a missing leg\nn. regulator that can be turned to regulate the pitch of the strings of a stringed instrument,"n. 钉, 桩, 栓, 藉口, 销子, 借口\nvt. 钉木钉, 固定, 限制, 使受约束\nvi. 坚持不懈地奋力于, 疾行",,3,,,7092,12626,s:pegs/d:pegged/i:pegging/p:pegged/3:pegs,,
penalty,'penәlti,n. a payment required for not fulfilling a contract\nn. the disadvantage or painful consequences of an action or condition\nn. (games) a handicap or disadvantage that is imposed on a competitor (or a team) for an infraction of the rules of the game,"n. 处罚, 刑罚, 罚款, 罚球, 报应, 不利结果, 妨碍\n[经] 罚金(款), 违约金",,3,,cet6 ky toefl ielts gre,2298,2680,s:penalties,,
pendulum,'pendʒәlәm,n. an apparatus consisting of an object mounted so that it swings freely under the influence of gravity,"n. 钟摆, 摇锤, 摇摆不定的事态(或局面)\n[化] 摆",,1,,cet6 ky toefl ielts gre,14260,12582,s:pendulums,,
penguin,'pengwin,n. short-legged flightless birds of cold southern especially Antarctic regions having webbed feet and wings modified as flippers,"n. 企鹅, 空军地勤人员",,2,,,10464,10209,s:penguins,,
peninsula,pi'ninsjulә,n. a large mass of land projecting into a body of water,"n. 半岛, 突出的地方, 伊比利亚半岛",,2,,cet4 cet6 ky toefl gre,7750,9009,s:peninsulas,,
perception,pә'sepʃәn,n. a way of conceiving something\nn. the process of perceiving\nn. knowledge gained by perceiving,"n. 知觉, 感觉, 领悟力, 获取\n[医] 知觉",,2,,cet6 ky toefl ielts gre,2545,1866,s:perceptions,,
perfection,pә'fekʃәn,n. the state of being without a flaw or defect\nn. the act of making something perfect,"n. 完美, 完成, 极端\n[经] 完整性",,,,cet6 ky toefl,6861,6505,s:perfections,,
performance,pә'fɒ:mәns,n. a dramatic or musical entertainment\nn. the act of presenting a play or a piece of music or other entertainment\nn. the act of performing; of doing something successfully; using knowledge as distinguished from merely possessing it\nn. any recognized accomplishment,"n. 施行, 工作情况, 成绩, 行为, 表现, 演出\n[电] 绩效, 性能",,4,1,gk cet4 cet6 ky toefl ielts,688,675,s:performances,,
perfume,'pә:fju:m,n. a toiletry that emits and diffuses a fragrant odor\nv. fill or impregnate with an odor\nv. apply perfume to,"n. 香水, 香气, (悦人的)气氛, 美名\nvt. 洒香水于, 薰香, 使充满香气",,2,,gk cet4 cet6 ky toefl ielts,7033,6592,s:perfumes/d:perfumed/i:perfuming/3:perfumes/p:perfumed,,
periodic,.piәri'ɒdik,a. happening or recurring at regular intervals\ns. recurring or reappearing from time to time,"a. 周期的, 定期的, 间歇(性)的, 循环的, 用完整句的, 高碘的\n[医] 周期性的",,1,,cet6 toefl,7973,7702,,,
periodical,.piәri'ɒdikl,n. a publication that appears at fixed intervals,"n. 期刊\na. 定期出版的, (有关)期刊的, 间歇(性的), 周期的, 定期的",,1,,cet6 ky toefl ielts gre,10183,12986,s:periodicals,,
perish,'periʃ,v pass from physical life and lose all bodily attributes and functions necessary to sustain life,"vi. 毁灭, 丧生, 凋谢, 颓丧, 死亡, 腐烂\nvt. 毁坏, 使麻木, 使丧生, 耗尽",,1,,cet6 ky ielts gre,9526,9475,p:perished/d:perished/i:perishing/3:perishes,,
permanent,'pә:mәnәnt,a. continuing or enduring without marked change in status or condition or place\ns. not capable of being reversed or returned to the original condition,"a. 永久的, 不变的, 固定的, 持久的\nn. 烫发\n[计] 永久的",,3,1,gk cet4 cet6 ky toefl ielts gre,1993,2464,,,
permeate,'pә:mieit,v. spread or diffuse through,"vt. 弥漫, 渗透, 充满, 影响, 感染\nvi. 透入, 散布",,1,,cet6 ky toefl ielts gre,11301,9622,3:permeates/p:permeated/d:permeated/i:permeating/s:permeates,,
permissible,pә'misәbl,a. that may be permitted especially as according to rule\ns. that may be accepted or conceded,"a. 可允许的, 可容许程度的\n[机] 容许, 允许",,1,,cet6 toefl ielts,9972,12774,,,
perpetual,pә'petʃuәl,s continuing forever or indefinitely\ns uninterrupted in time and indefinitely long continuing,"a. 永久的, 不断的, 无期限的, 没完没了的, 四季开花的\n[经] 永远的, 终身的, 持续的",,1,,cet6 ky ielts gre,8450,8766,s:perpetuals,,
perplex,pә'pleks,v. be a mystery or bewildering to,"vt. 使困惑, 使复杂化, 使为难\n[法] 困惑, 使复杂化, 使纠缠不清",,,,cet6 ky toefl ielts,18685,15354,d:perplexed/i:perplexing/3:perplexes/p:perplexed/s:perplexes,,
persist,pә'sist,v. stay behind,"vi. 坚持, 固执, 持续, 坚称\n[经] 持续",,2,,cet4 cet6 ky toefl ielts,3785,4351,p:persisted/3:persists/d:persisted/i:persisting,,
persistent,pә'sistәnt,s. never-ceasing\na. retained; not shed,"a. 固执的, 坚持的, 持续的, 作用持久的\n[法] 坚持的, 固执的, 持续的",,2,,cet6 toefl,4704,5269,,,
perspective,pә'spektiv,n. the appearance of things relative to one another as determined by their distance from the viewer,"n. 远景, 透视感, (观察问题的)视角, 透视法, 看法, 透视图\na. 透视的, 透视法的\n[计] 透视",,3,,cet4 cet6 ky toefl ielts gre,2305,1412,s:perspectives,,
persuasion,pә'sweiʒәn,n. the act of persuading (or attempting to persuade); communication intended to induce belief or action,"n. 说服, 信念, 派别, 说服力",,1,,cet6 ky,7602,9532,s:persuasions,,
pessimistic,.pesi'mistik,a. expecting the worst possible outcome,"a. 悲观的, 厌世的, 悲观主义的",,,,cet4 cet6 ky,9581,9792,,,
pest,pest,n. a persistently annoying person\nn. any unwanted and destructive insect or other animal that attacks food or crops or livestock etc.,"n. 令人讨厌之物, 有害之物, 害虫, 瘟疫\n[医] 鼠疫, 瘟疫",,2,,gk cet6 ky toefl gre,6622,6842,s:pests,,
petition,pi'tiʃәn,v. write a petition for something to somebody; request formally and in writing,"n. 请愿, 诉状, 陈情书, 申请, 祈求, 祷文\nv. 正式请求, 恳求, 请愿",,2,,cet6 ky toefl ielts gre,4356,5959,s:petitions/p:petitioned/d:petitioned/i:petitioning/3:petitions,,
petty,'peti,s. contemptibly narrow in outlook,"a. 琐碎的, 小规模的, 小气的, 委琐的\n[经] 小额的, 微小的, 小规模的",,2,,cet6 ky ielts gre,6407,6435,r:pettier/s:pettys/t:pettiest,,
phase,feiz,n. any distinct time period in a sequence of events\nn. (physical chemistry) a distinct state of matter in a system; matter that is identical in chemical composition and physical state and separated from other material by the phase boundary\nn. a particular point in the time of a cycle; measured from some arbitrary zero and expressed as an angle\nn. (astronomy) the particular appearance of a body's state of illumination (especially one of the recurring shapes of the part of Earth's moon that is illuminated by the sun),"n. 时期, 局面, 方面, 位相, 相, 阶段\nvt. 使调整相位, 使定相, 使一致, 逐步执行, 实行\n[计] 阶段",,3,1,cet4 cet6 ky toefl ielts,1682,2244,s:phases/d:phased/i:phasing/p:phased/3:phases,,
phenomenon,fi'nɒminәn,n. any state or process known through the senses rather than by intuition or reasoning\nn. a remarkable development,"n. 现象, 迹象, 表现, 奇迹, 奇才\n[化] 现象",,2,,gk cet4 cet6 ky toefl ielts,2392,2466,s:phenomena,,
physiological,.fiziә'lɒdʒikl,a. of or relating to the biological study of physiology,"a. 生理学的, 生理学上的, 生理机能的\n[医] 生理学的, 生理的",,,,cet6 ky toefl ielts gre,8196,8058,,,
pilgrim,'pilgrim,n. someone who journeys in foreign lands\nn. one of the colonists from England who sailed to America on the Mayflower and founded the colony of Plymouth in New England in 1620\nn. someone who journeys to a sacred place as an act of religious devotion,"n. 旅行者, 朝圣者, 香客\nvi. 朝圣",,2,,cet6 ky ielts gre,8758,9037,s:pilgrims,,
pirate,'paiәrәt,n. someone who robs at sea or plunders the land from the sea without having a commission from any sovereign nation\nn. a ship that is manned by pirates\nv. copy illegally; of published material,"n. 海盗, 盗印者, 侵犯专利权者\nvt. 盗印, 掠夺, 翻印\nvi. 做海盗, 从事劫掠",,2,,cet6 ky gre,7758,7206,s:pirates/d:pirated/i:pirating/p:pirated/3:pirates,,
pistol,'pistl,n. a firearm that is held and fired with one hand,"n. 手枪, 信号枪\nvt. 以手枪杀死(或伤害)",,2,,cet4 cet6 ky gre,5746,4943,s:pistols,,
pitch,pitʃ,n. the property of sound that varies with variation in the frequency of vibration\nn. (baseball) the act of throwing a baseball by a pitcher to a batter\nn. a vendor's position (especially on the sidewalk)\nn. degree of deviation from a horizontal plane,"n. 程度, 坡度, 顶点, 前倾, 倾斜, 投掷, 音高, 螺距, 节距, 摊位, 树脂, 沥青\nvt. 投, 掷, 向前倾跌, 扎营, 竭力推销, 为...定调, 定位于, 用沥青涂\nvi. 搭帐篷, 投掷, 向前跌, 猛然摔倒, 坠落, 倾斜\n[计] 孔距",,3,1,cet4 cet6 ky toefl ielts gre,2652,3157,s:pitches/d:pitched/i:pitching/p:pitched/3:pitches,,
plague,pleig,n. a serious (sometimes fatal) infection of rodents caused by Yersinia pestis and accidentally transmitted to humans by the bite of a flea that has bitten an infected animal\nn. any epidemic disease with a high death rate\nn. any large scale calamity (especially when thought to be sent by God)\nn. an annoyance,"n. 瘟疫, 天罚, 麻烦, 灾祸\nvt. 折磨, 使苦恼, 使得灾祸",,2,,cet6 ky toefl ielts gre,7688,6638,d:plagued/s:plagues/p:plagued/i:plaguing/3:plagues,,
planet,'plænit,"n. (astronomy) any of the nine large celestial bodies in the solar system that revolve around the sun and shine by reflected light; Mercury, Venus, Earth, Mars, Jupiter, Saturn, Uranus, Neptune, and Pluto in order of their proximity to the sun; viewed from the constellation Hercules, all the planets rotate around the sun in a counterclockwise direction\nn. any celestial body (other than comets or satellites) that revolves around a star","n. 行星, 命运星辰, 杰出的人, 重大影响的事",,3,1,zk gk cet4 cet6 ky toefl gre,3115,1592,s:planets,,
plaster,'plæstә,n. a mixture of lime or gypsum with sand and water; hardens into a smooth solid; used to cover walls and ceilings\nn. a surface of hardened plaster (as on a wall or ceiling)\nn. adhesive tape used in dressing wounds\nv. apply a heavy coat to,"n. 石膏, 灰泥, 安慰(缓解)用品, 膏药\nvt. 涂以灰泥, 敷以膏药, 掩饰, 使平服, 彻底击败, 减轻, 粘贴",,1,,cet4 cet6 ky toefl ielts gre,6048,8240,p:plastered/d:plastered/s:plasters/i:plastering/3:plasters,,
plateau,plæ'tәu,n a relatively flat highland,"n. 高地, 高原, (上升后的)稳定水平\n[医] 高原, 平顶, 坪",,1,,cet6 ky toefl ielts gre,8761,8339,s:plateaus,,
plausible,'plɒ:zibl,"a. apparently reasonable and valid, and truthful\ns. given to or characterized by presenting specious arguments","a. 貌似真实的, 貌似合理的, 说得煞有其事的\n[法] 花言巧语的, 似乎有理的",,1,,cet6 ky toefl ielts gre,6473,7125,,,
plea,pli:,n. (law) a defendant's answer by a factual matter (as distinguished from a demurrer)\nn. an answer indicating why a suit should be dismissed,"n. 恳求, 辩解, 抗辩, 诉讼, 请愿, 托词\n[法] 抗辩, 申诉案件, 答辩",,2,,cet6 ky toefl ielts,4363,4894,s:pleas,,
plead,pli:d,"v. appeal or request earnestly\nv. offer as an excuse or plea\nv. enter a plea, as in courts of law\nv. make an allegation in an action or other legal proceeding, especially answer the previous pleading of the other party by denying facts therein stated or by alleging new facts","vi. 辩护, 恳求\nvt. 为...辩护, 提出...借口, 托称, 恳求",,2,,cet6 ky toefl ielts gre,3778,3525,p:pleaded/i:pleading/d:pleaded/3:pleads,,
pledge,pledʒ,n. a deposit of personal property as security for a debt\nn. someone accepted for membership but not yet fully admitted to the group\nn. a drink in honor of or to the health of a person or event\nv. promise solemnly and formally,"n. 诺言, 保证, 誓言, 抵押, 信物, 保人, 祝愿\nvt. 许诺, 保证, 使发誓, 抵押, 典当, 举杯祝...健康",,3,,cet6 ky toefl ielts gre,5695,5198,d:pledged/p:pledged/s:pledges/i:pledging/3:pledges,,
plunge,plʌndʒ,n. a steep and rapid fall\nv. dash violently or with great speed or impetuosity\nv. begin with vigor\nv. cause to be immersed,"n. 钻进, 跳进, 跳水, 跳水池, 猛跌, 落下, 投入, 开始从事, 盲目投资\nvi. 投入, 投身于, 跳进, 陷入, 下降\nvt. 使投入, 使插入, 使陷入, 使遭受",,3,,cet4 cet6 ky toefl ielts gre,4534,4610,p:plunged/d:plunged/i:plunging/3:plunges/s:plunges,,
poetry,'pәuitri,n. literature in metrical form\nn. any communication resembling poetry in beauty or the evocation of feeling,"n. 诗, 韵文, 诗歌艺术",,3,1,cet4 cet6 ky,2772,2959,,,
poisonous,'pɒizәnәs,s. having the qualities or effects of a poison\ns. not safe to eat\ns. marked by deep ill will; deliberately harmful,"a. 有毒的, 恶毒的, 讨厌的\n[医] 有毒的",,1,1,gk cet4 cet6 ky gre,9555,10074,,,
poke,pәuk,n. tall coarse perennial American herb having small white flowers followed by blackish-red berries on long drooping racemes; young fleshy stems are edible; berries and root are poisonous\nv. stir by poking\nv. make a hole by poking,"n. 刺, 戳, 袋子\nvt. 戳, 捅, 拨弄, 刺\nvi. 戳, 刺, 捅, 搜索, 伸出, 行动散慢\n[计] 存数",,1,,cet4 cet6 ky ielts gre,6486,4702,p:poked/i:poking/3:pokes/d:poked/s:pokes,,
polar,'pәulә,s. having a pair of equal and opposite charges\na. located at or near or coming from the earth's poles\na. of or existing at or near a geographical pole or within the Arctic or Antarctic Circles,"a. 两极的, 极地的, 正好相反的, 极性的\nn. 极线, 极面",,1,,cet6 ky toefl ielts gre,7165,6795,s:polars,,
Pole,pәul,n. a long (usually round) rod of wood or metal or plastic\nn. a native or inhabitant of Poland\nn. one of two divergent or mutually exclusive opinions\nn. one of two points of intersection of the Earth's axis and the celestial sphere,"n. 波兰人, 极点, 磁极, 电极, 杆, 竿, 相反的极端\nvt. 用竿支撑\nvi. 撑篙",,3,1,gk cet4 cet6 ky toefl ielts,2946,2789,s:poles/i:poling/p:poled/d:poled/3:poles,,
Polish,'pɒliʃ,n. the property of being smooth and shiny\nn. a highly developed state of perfection; having a flawless or impeccable quality\nn. a preparation used in polishing\nn. the Slavic language of Poland,"a. 波兰的\nn. 波兰人, 上光剂, 光泽, 优雅\nvt. 擦亮, 擦去, 使完美\nvi. 擦亮, 变得光亮",,2,1,gk cet4 cet6 ky toefl ielts gre,4344,5749,d:polished/i:polishing/p:polished/s:polishes/3:polishes,,
ponder,'pɒndә,v reflect deeply on a subject,"v. 沉思, 考虑",,2,,cet6 ky toefl ielts gre,6954,5982,p:pondered/i:pondering/3:ponders/d:pondered,,
pope,pәup,n. the head of the Roman Catholic Church\nn. English poet and satirist (1688-1744),"n. 罗马教皇, 主教",,2,,cet6 ky,3594,5413,s:popes,,
porch,pɒ:tʃ,n. a structure attached to the exterior of a building often forming a covered entrance,"n. 门廊, 走廊",,1,,cet4 cet6 ky ielts,7959,3042,s:porches,,
pore,pɒ:,n. any tiny hole admitting passage of a liquid (fluid or gas)\nn. any small opening in the skin or outer surface of an animal,"n. 毛孔, 小孔, 气孔\nvi. 专心阅读, 细想, 钻研, 沉思, 注视\nvt. 使注视得",,1,,cet6 toefl ielts gre,8140,11559,s:pores/i:poring/p:pored/d:pored/3:pores,,
portray,pɒ:'trei,"v. portray in words\nv. make a portrait of\nv. represent abstractly, for example in a painting, drawing, or sculpture","vt. 描绘, 描写, 描绘...的肖像",,2,,cet6 ky toefl ielts gre,7017,3263,d:portrayed/3:portrays/i:portraying/p:portrayed,,
pose,pәuz,n. a posture assumed by models for photographic or artistic purposes\nv. pretend to be someone you are not; sometimes with fraudulent intentions\nv. behave affectedly or unnaturally in order to impress others,"n. 姿势, 姿态, 装模作样, 伪装\nvi. 摆姿势, 装模作样, 假装\nvt. 使摆好姿势, 提出, 造成",,3,1,cet4 cet6 ky toefl ielts gre,2739,2230,d:posed/3:poses/p:posed/i:posing/s:poses,,
positive,'pɒzitiv,"n. the primary form of an adjective or adverb; denotes a quality without qualification, comparison, or relation to increase or diminution\nn. a film showing a photographic image whose tones correspond to those of the original subject\na. characterized by or displaying affirmation or acceptance or certainty etc.\na. indicating existence or presence of a suspected condition or pathogen","a. 肯定的, 积极的, 有把握的\n[医] 正的, 阳性的",,4,1,cet4 cet6 ky toefl ielts,1198,1049,s:positives,,
possess,pә'zes,"v. have as an attribute, knowledge, or skill\nv. enter into and control, as of emotions or ideas","vt. 持有, 占有, 拥有, 克制, 支配, 迷住\n[法] 持有, 占有, 具有",,2,1,gk cet4 cet6 ky toefl,2129,2842,p:possessed/d:possessed/3:possesses/i:possessing,,
posture,'pɒstʃә,n the arrangement of the body and its limbs\nn characteristic way of bearing one's body\nn a rationalized mental attitude\nn capability in terms of personnel and materiel that affect the capacity to fight a war\nv behave affectedly or unnaturally in order to impress others\nv assume a posture as for artistic purposes,"n. 姿势, 态度, 情形, 形势\nvt. 作...的姿势\nvi. 作姿势",,2,,ky toefl ielts gre,7029,5406,s:postures/i:posturing/p:postured/3:postures/d:postured,,
potential,pә'tenʃәl,n. the inherent capacity for coming into being\na. existing in possibility,"n. 潜在性, 可能性, 潜力, 潜能, 势, 位\na. 有潜力的, 可能的, 潜在的",,4,1,gk cet4 cet6 ky toefl ielts gre,1438,1260,s:potentials,,
poverty,'pɒvәti,n. the state of having little or no money and few or no material possessions,"n. 贫穷, 贫困, 缺乏\n[医] 贫乏, 缺乏",,3,,cet4 cet6 ky toefl ielts,2666,2333,,,
practicable,'præktikәbl,s usable for a specific purpose\ns capable of being done with means at hand and circumstances as they are,"a. 可实行的, 可做的, 可用的",,,,cet4 cet6 toefl ielts,8013,23062,,,
preach,pri:tʃ,"v. deliver a sermon\nv. speak, plead, or argue in favor of","v. 传道, 讲道, 说教, 宣讲, 鼓吹\nn. 说教, 布道",,2,,cet6 ky toefl ielts gre,5238,4814,i:preaching/p:preached/d:preached/3:preaches,,
precede,.pri:'si:d,v. come before\nv. be the predecessor of\nv. move ahead (of others) in time or space\nv. furnish with a preface or introduction,"vt. 在...之前, 优于, 较...优先\nvi. 在前面",,2,,cet6 ky toefl gre,4328,5604,d:preceded/p:preceded/i:preceding/3:precedes,,
precedent,'presidәnt,"n. an example that is used to justify similar occurrences at a later time\nn. a subject mentioned earlier (preceding in time)\ns. preceding in time, order, or significance","n. 先例, 前例\na. 在先的, 在前的",,2,,cet6 ky toefl ielts,5093,5624,s:precedents,,
precious,'preʃәs,s. of high worth or cost\nr. extremely,"a. 宝贵的, 珍贵的, 过于精致的, 珍爱的",,2,,gk cet4 cet6 ky toefl ielts,4109,3989,,,
precise,pri'sais,a. sharply exact or accurate or delimited,"a. 精确的, 严谨的, 明确的\n[机] 精密的, 正确的",,2,1,gk cet4 cet6 ky toefl ielts gre,2761,3826,,,
preclude,pri'klu:d,"v. make impossible, especially beforehand","vt. 预先排除, 预防, 阻止, 妨碍\n[法] 预防, 排除, 消除",,1,,cet6 ky toefl gre,7006,8092,3:precludes/d:precluded/p:precluded/i:precluding,,
predecessor,.predi'sesә,n. one who precedes you in time (as in holding a position or office),"n. 前任, 先辈, 前身\n[医] 初牙, 前辈, 祖先",,2,,cet6 ky toefl ielts gre,4183,5256,s:predecessors,,
predict,pri'dikt,v. make a prediction about; tell in advance,"v. 预知, 预言, 预报",,3,1,gk cet4 cet6 ky toefl,2288,1613,d:predicted/p:predicted/i:predicting/3:predicts,,
predominant,pri'dɒminәnt,s most frequent or common\ns having superior power and influence,"a. 占主导地位的, 卓越的\n[法] 占优势的, 支配其他的, 主要的",,1,,cet6 ky toefl ielts gre,10173,11628,,,
preferable,'prefәrәbl,s. more desirable than another,"a. 更可取的, 更好的, 更合意的",,2,,cet4 cet6 ky toefl,6905,10561,,,
preference,'prefәrәns,"n. a strong liking\nn. the right or chance to choose\nn. grant of favor or advantage to one over another (especially to a country or countries in matters of international trade, such as levying duties)","n. 偏爱, 优先, 喜爱物\n[计] 首选项",,2,1,gk cet4 cet6 ky toefl ielts,2642,3022,s:preferences,,
prejudice,'predʒudis,v. disadvantage by prejudice\nv. influence (somebody's) opinion in advance,"n. 偏见, 成见, 侵害\nvt. 使存偏见, 使有成见, 侵害",,2,,gk cet4 cet6 ky toefl ielts gre,4112,5235,s:prejudices/d:prejudiced/i:prejudicing/p:prejudiced/3:prejudices,,
preliminary,pri'liminәri,n. a minor match preceding the main event\nn. something that serves as a preceding event or introduces what follows\ns. denoting an action or event preceding or in preparation for something more important; designed to orient or acquaint with a situation before proceeding,"n. 初步做法, 初步措施, 预试, 预选赛\na. 初步的, 开始的, 预备的",,2,,cet4 cet6 ky toefl ielts gre,3851,4404,s:preliminaries,,
premature,.premә'tjuә,a. born after a gestation period of less than the normal time\ns. uncommonly early or before the expected time,"a. 早产的, 过早的, 不成熟的\nn. 早产儿, 过早发生的事物",,2,,cet6 toefl gre,6377,6883,,,
premier,'pri:mjә,v. be performed for the first time\nv. perform a work for the first time\ns. first in rank or degree\ns. preceding all others in time,"n. 总理, 首相\na. 首位的, 最初的",,3,,gk cet4 cet6 ky,4066,7616,s:premiers/d:premiered/p:premiered/i:premiering/3:premiers,,
premise,'premis,"n. a statement that is assumed to be true and from which a conclusion can be drawn\nv. set forth beforehand, often as an explanation\nv. take something as preexisting and given","n. 前提, 房屋连地基, 上述各项\nvt. 预先提出, 引出, 作为...的前提\nvi. 作出前提",,2,,cet6 ky toefl ielts gre,2136,4556,s:premises/d:premised/p:premised/i:premising/3:premises,,
premium,'pri:miәm,"n. payment for insurance\nn. the amount that something in scarce supply is valued above its nominal value\nn. a prize, bonus, or award given as an inducement to purchase products, enter competitions initiated by business interests, etc.\ns. having or reflecting superior quality or value","n. 额外补贴, 奖金, 奖赏, 保险费\n[医] 保险费",,3,,cet6 ky toefl ielts gre,3744,4801,s:premiums,,
prescription,pri'skripʃәn,n. directions prescribed beforehand; the action of prescribing authoritative rules or directions\nn. written instructions for an optician on the lenses for a given person\nn. written instructions from a physician or dentist to a druggist concerning the form and dosage of a drug to be issued to a given patient\na. available only with a doctor's written prescription,"n. 处方, 命令, 指定\n[医] 处方, 药方",,2,,gk cet6 ky toefl ielts gre,5595,3311,s:prescriptions,,
presentation,.prezәn'teiʃәn,n. the activity of formally presenting something (as a prize or reward)\nn. a show or display; the act of presenting something to sight or view\nn. the act of making something publicly available; presenting news or other information by broadcasting or printing it\nn. the act of presenting a proposal,"n. 赠与, 描述, 介绍\n[计] 简报",,2,1,gk cet6 ielts gre,2313,2898,s:presentations,,
preserve,pri'zә:v,"n. a domain that seems to be specially reserved for someone\nn. a reservation where animals are protected\nv. prevent (food) from rotting\nv. keep undisturbed for personal or private use for hunting, shooting, or fishing","vt. 保护, 保持, 保存, 维持, 腌, 禁猎\nvi. 加工食品, 禁猎\nn. 加工成的食品, 禁猎地, 保护区, 防护物",,3,1,gk cet4 cet6 ky toefl ielts,2287,2209,d:preserved/i:preserving/3:preserves/p:preserved/s:preserves,,
preside,pri'zaid,v. act as president,"vi. 统辖, 当主人, 主持\n[法] 主持, 负责, 指挥",,2,,cet6 ky gre,6406,6781,p:presided/i:presiding/d:presided/3:presides,,
pressure,'preʃә,n. the force applied to a unit area of surface; measured in pascals (SI unit) or in dynes (cgs unit)\nn. a force that compels\nn. the somatic sensation that results from applying force to an area of skin\nn. an oppressive condition of physical or mental or social or economic distress,"n. 压, 榨, 按, 强制, 压力, 压迫, 压强\nvt. 迫使, 使增压, 密封",,5,1,gk cet4 cet6 ky toefl ielts,687,765,s:pressures/d:pressured/p:pressured/i:pressuring/3:pressures,,
prestige,pre'sti:ʒ,n. a high standing achieved through success or influence or wealth etc.,"n. 声望, 威望, 威信\n[经] 商誉, 声誉",,2,,cet6 ky toefl ielts gre,5659,6691,,,
presumably,pri'zu:mәbli,r. by reasonable assumption,"adv. 推测上, 大概",,3,1,cet4 cet6 ky toefl ielts,2522,4288,,,
presume,pri'zu:m,v. constitute reasonable evidence for\nv. take liberties or act with too much confidence,"vt. 假定, 推测, 擅自, 意味着\nvi. 擅自行动, 相信",,2,,cet6 ky toefl gre,4921,5740,d:presumed/p:presumed/3:presumes/i:presuming,,
pretext,'pri:tekst,n. something serving to conceal plans; a fictitious reason that is concocted in order to conceal the real reason,"n. 借口, 托词\nv. 以...为借口",,1,,cet6 ky ielts gre,13929,13441,s:pretexts,,
prevail,pri'veil,"v. be valid, applicable, or true\nv. continue to exist\nv. prove superior\nv. use persuasion successfully","vi. 获胜, 流行, 盛行\n[医] 流行, 盛行",,2,,cet4 cet6 ky toefl ielts gre,5010,4741,3:prevails/d:prevailed/p:prevailed/i:prevailing,,
prevalent,'prevәlәnt,s most frequent or common,"a. 普遍的, 流行的",,1,,cet6 ky toefl ielts,8828,6987,,,
preview,'pri:vju:,n. an advertisement consisting of short scenes from a motion picture that will appear in the near future\nn. a screening for a select audience in advance of release for the general public\nv. watch (a movie or play) before it is released to the general public,"n. 事先查看, 预览\nvt. 事先查看, 预演\n[计] 预览",,2,,gk gre,11861,7529,s:previews/d:previewed/i:previewing/p:previewed/3:previews,,
previous,'pri:viәs,s. just preceding something else in time or order\ns. too soon or too hasty,"a. 早先的, 前面的, 过急的\n[法] 以前的, 生前的, 前述的",,4,1,cet4 cet6 ky toefl ielts gre,824,1276,,,
prey,prei,n. a person who is the aim of an attack (especially a victim of ridicule or exploitation) by some hostile person or influence\nn. animal hunted or caught for food\nv. profit from in an exploitatory manner,"n. 被掠食者, 牺牲者\nvi. 捕食",,2,,cet6 ky toefl ielts gre,4181,5502,d:preyed/i:preying/p:preyed/s:preys/3:preys,,
priest,pri:st,n. a clergyman in Christian churches who has the authority to perform or administer various religious rites; one of the Holy Orders\nn. a person who performs religious duties and ceremonies in a non-Christian religion,"n. 祭司, 牧师, 神父, 神质人员, 僧侣, 泰斗",,3,1,cet4 cet6 ky,2532,2293,s:priests,,
primarily,'praimәrili,r. of primary import,"adv. 主要地, 首先地",,2,1,cet4 cet6,2673,2134,,,
primary,'praimәri,n. a preliminary election where delegates or nominees are chosen\nn. one of the main flight feathers projecting along the outer edge of a bird's wing\nn. (astronomy) a celestial body (especially a star) relative to other objects in orbit around it\na. of first rank or importance or value; direct and immediate rather than secondary,"n. 最主要者, 原色\na. 主要的, 初期的, 根本的, 原始的, 首要的, 基本的\n[计] 初等量; 主要的; 一次的",,3,1,zk gk cet4 cet6 ky toefl ielts,1172,1504,s:primaries,,
prime,praim,"n. a number that has no factor but itself and 1\nn. the second canonical hour; about 6 a.m.\nn. the time of maturity when power and vigor are greatest\nv. insert a primer into (a gun, mine, or charge) preparatory to detonation or firing","n. 最佳部分, 初期, 全盛期\na. 主要的, 最初的, 根本的\nv. 加油启动, 灌注, 填装",,3,,cet4 cet6 ky toefl ielts gre,838,1667,d:primed/i:priming/s:primes/p:primed/3:primes,,
primitive,'primitiv,n. a person who belongs to an early stage of civilization\nn. a mathematical expression from which another expression is derived\nn. a word serving as the basis for inflected or derived forms\ns. used of preliterate or tribal or nonindustrial societies,"n. 原始人, 早期艺术家\na. 原始的, 上古的\n[计] 图元; 原语; 基元",,2,,gk cet4 cet6 ky toefl ielts,4019,5798,s:primitives,,
principal,'prinsipәl,"n. the original amount of a debt on which interest is calculated\nn. the educator who has executive authority for a school\nn. capital as contrasted with the income derived from it\nn. (criminal law) any person involved in a criminal offense, regardless of whether the person profits from such involvement","n. 校长, 首长, 本金, 主犯, 资本, 委托人\na. 主要的, 最重要的, 首要的",,3,,cet4 cet6 ky toefl ielts gre,2225,3124,s:principals,,
principle,'prinsipl,n. a basic generalization that is accepted as true and that can be used as a basis for reasoning or conduct\nn. a rule or standard especially of good behavior\nn. a basic truth or law or assumption\nn. a rule or law concerning a natural phenomenon or the function of a complex system,"n. 原则, 原理, 主义\n[化] 原理",,4,1,gk cet4 cet6 ky gre,722,1341,s:principles,,
priority,prai'ɒriti,n. preceding in time,"n. 优先权, 优先\n[计] 优先级",,3,1,cet4 cet6 ky toefl ielts gre,1729,2112,s:priorities,,
privacy,'praivәsi,n. the quality of being secluded from the presence or view of others\nn. the condition of being concealed or hidden,"n. 隐私, 隐居, 秘密\n[计] 个人保密权",,2,,cet6 ky ielts,5243,3060,s:privacies,,
privilege,'privilidʒ,n. a special advantage or immunity or benefit not enjoyed by all\nn. (law) the right to refuse to divulge information obtained in a confidential relationship\nv. bestow a privilege upon,"n. 特权, 特别恩典, 基本权利, 特免\nvt. 给与...特权, 特免",,2,,gk cet4 cet6 ky toefl ielts gre,3017,3612,s:privileges/i:privileging/d:privileged/p:privileged/3:privileges,,
probability,.prɒbә'biliti,n. a measure of how likely it is that some event will occur; a number expressing the ratio of favorable cases to the whole number of cases possible\nn. the quality of being probable; a probable event or the most probable event,"n. 可能性, 或然率, 几率, 概率\n[化] 概率; 几率",,1,,cet4 cet6 ky,3717,5104,s:probabilities,,
probe,prәub,n. an inquiry into unfamiliar or questionable activities\nn. a flexible slender surgical instrument with a blunt end that is used to explore wounds or body cavities\nn. an exploratory action or expedition\nn. an investigation conducted using a flexible surgical instrument to explore an injury or a body cavity,"n. 探索, 调查, 探针, 探测器\nv. 用探针探测, 调查, 探索",,2,,cet6 ky toefl ielts gre,4897,5178,s:probes/d:probed/i:probing/p:probed/3:probes,,
procedure,prә'si:dʒә,n. a particular course of action intended to achieve a result\nn. a mode of conducting legal and parliamentary proceedings,"n. 程序, 过程, 手续\n[计] 规程; 过程",,3,1,gk cet4 cet6 ky toefl ielts,897,1369,s:procedures,,
proceedings,,"n (law) the institution of a sequence of steps by which legal judgments are invoked\nn a written account of what transpired at a meeting\nn (law) the institution of a sequence of steps by which legal judgments are invoked\nv continue talking\nv move ahead; travel onward in time or space\nv follow a procedure or take a course\nv follow a certain course\nv continue a certain state, condition, or activity","n. 诉讼, 事项, 行径, 事件, 活动, 项目, 会议录, 记录汇编, 活动记录",,,,,0,5364,0:proceeding/1:s,,
process,'prɒses,n. (psychology) the performance of some composite cognitive activity; an operation that affects mental contents\nn. a mental process that you are not directly aware of\nn. a natural prolongation or projection from a part of an organism either animal or plant\nn. a sustained phenomenon or one marked by gradual changes through a series of states,"n. 程序, 进行, 过程\nvt. 加工, 使...接受处理, 对...处置, 对...起诉\na. 经加工的, 有特殊光效的\n[计] 进程",,5,1,gk cet4 cet6 ky toefl ielts,343,391,s:processes/d:processed/i:processing/p:processed/3:processes,,
proclaim,prә'kleim,v. declare formally; declare someone to be something; of titles\nv. state or announce,"vt. 宣布, 公告, 宣言, 表明, 赞扬\n[法] 宣布, 宣告, 公布",,2,,cet4 cet6 ky toefl ielts gre,4729,4454,d:proclaimed/i:proclaiming/p:proclaimed/3:proclaims,,
productive,prә'dʌktiv,a. producing or capable of producing (especially abundantly)\ns. yielding positive results,"a. 能生产的, 有生产价值的, 多产的\n[医] 产出性的, 产生性的",,2,,cet4 cet6 ky toefl ielts,4557,3966,,,
productivity,.prәudʌk'tiviti,n. (economics) the ratio of the quantity and quality of units produced to the labor per unit of time,"n. 生产力\n[经] 生产率, 生产能力",,2,,cet6 ky ielts gre,3605,4158,s:productivities,,
profess,prә'fes,"v. practice as a profession, teach, or claim to be knowledgeable about\nv. confess one's faith in, or allegiance to\nv. state freely\nv. receive into a religious order or congregation","vt. 声称, 以...为业, 伪称, 讲授\nvi. 表白, 承认, 当教授",,1,,toefl,11100,10336,p:professed/3:professes/i:professing/d:professed/s:professes,,
profession,prә'feʃәn,n. the body of people in a learned occupation\nn. an occupation requiring special education (especially in the liberal arts or sciences)\nn. an open avowal (true or false) of some belief or opinion\nn. affirmation of acceptance of some religion or faith,"n. 职业, 表白, 声明\n[化] 工种; 职业",,3,1,gk cet4 cet6 ky toefl ielts,2211,2886,s:professions,,
professional,prә'feʃәnl,n. a person engaged in one of the learned professions\nn. an athlete who plays for pay\na. engaged in a profession or engaging in as a profession or means of livelihood\na. of or relating to or suitable as a profession,"n. 专业人才\na. 专业的, 职业的",,4,1,cet4 cet6 ky toefl ielts,947,1094,s:professionals,,
proficiency,prә'fiʃәns,n. the quality of having great facility and competence\nn. skillfulness in the command of fundamentals deriving from practice and familiarity,"n. 精通, 熟练, 精练",,,,cet6 ky toefl ielts,15072,10195,s:proficiencies,,
profitable,'prɒfitәbl,a. yielding material gain or profit,"a. 有利润的, 有利益的, 赚钱的\n[经] 有利(可图)的, 合算的",,2,,cet4 cet6 ky,4487,5352,,,
profound,prә'faund,a. showing intellectual penetration or emotional depth\ns. of the greatest intensity; complete\ns. coming from deep within one\ns. situated at or extending to great depth; too deep to have been sounded or plumbed,"a. 极深的, 深厚的, 深刻的, 渊博的",,2,,cet6 ky toefl ielts gre,4372,3735,t:profoundest/r:profounder,,
progressive,prә'gresiv,n. a tense of verbs used in describing action that is on-going\na. favoring or promoting progress\ns. favoring or promoting reform (often by government action)\na. (of taxes) adjusted so that the rate increases as the amount of income increases,"n. 改革论者, 进步论者\na. 前进的, 累进的, 进步的",,2,,cet4 cet6 ky toefl,4009,4228,s:progressives,,
prohibit,prә'hibit,v command against,"vt. 禁止, 阻止\n[经] 禁止",,2,,gk cet4 cet6 ky toefl ielts,5809,3990,d:prohibited/i:prohibiting/3:prohibits/p:prohibited,,
project,'prɒdʒekt,n. a planned undertaking\nv. communicate vividly\nv. transfer (ideas or principles) from one domain into another\nv. project on a screen,"n. 计划, 设计, 事业\nvt. 计划, 设计, 投掷, 发射, 使凸出, 放映\nvi. 凸出",,4,1,gk cet4 cet6 ky toefl ielts,509,534,s:projects/d:projected/i:projecting/3:projects/p:projected,,
prolong,prәu'lɒŋ,v. lengthen in time; cause to be or last longer\nv. lengthen or extend in duration or space,"vt. 延长, 拖延, 拖长\n[化] 冷凝管",,1,,cet6 ky toefl ielts gre,8448,9450,i:prolonging/d:prolonged/3:prolongs/p:prolonged,,
prominent,'prɒminәnt,s having a quality that thrusts itself into attention\ns conspicuous in position or importance,"a. 卓越的, 显著的, 突出的, 凸出的",,3,,cet4 cet6 ky toefl ielts gre,3221,2897,s:prominents,,
promising,'prɒmisiŋ,s. showing possibility of achievement or excellence,"a. 有希望的, 前途有望的\n[经] 有希望的",,2,,cet4 cet6 ky toefl ielts,4669,3844,0:promise/1:i/i:promising,,
promote,prәu'mәut,"v. contribute to the progress or growth of\nv. give a promotion to or assign to a higher position\nv. be changed for a superior chess or checker piece\nv. change a pawn for a better piece by advancing it to the eighth row, or change a checker piece for a more valuable piece by moving it to the row closest to your opponent","vt. 促进, 晋升, 创办, 推销\n[经] 促进, 推广, 推销",,4,1,gk cet4 cet6 ky toefl ielts gre,1433,1328,d:promoted/i:promoting/3:promotes/p:promoted,,
prone,prәun,s. having a tendency (to); often used in combination\ns. lying face downward,"a. 俯伏的, 面向下的, 有...倾向的\n[医] 旋前的, 伏的, 俯的",,2,,cet6 ky toefl ielts gre,6346,6224,,,
proof,pru:f,n. any factual evidence that helps to establish the truth of something\nn. a formal series of statements showing that if one thing is true something else necessarily follows from it\nn. a measure of alcoholic strength expressed as an integer twice the percentage of alcohol present (by volume)\nn. (printing) an impression made to check for errors,"n. 证据, 证明, 试验, 检验, 考验\na. 不能透入的, 证明用的, 防...的, 耐...的\nvt. 检验, 试验, 校对, 使不被穿透\n[计] 审稿",,3,1,cet4 cet6 ky toefl,2743,2865,s:proofs/d:proofed/i:proofing/p:proofed/3:proofs,,
propaganda,.prɒpә'gændә,n. information that is spread for the purpose of promoting some cause,"n. 宣传, 宣传活动\n[医] 宣传",,2,,cet6 ky ielts,5071,5838,,,
propagate,'prɒpәgeit,v. transmit from one generation to the next\nv. travel through the air\nv. transmit\nv. transmit or cause to broaden or spread,"vt. 繁殖, 传播, 传送\nvi. 繁殖, 蔓延",,1,,cet6 toefl ielts gre,10193,11865,d:propagated/i:propagating/p:propagated/3:propagates,,
propel,prәu'pel,v. cause to move forward with force,"vt. 推进, 驱使\n[机] 推进",,1,,cet6 ky toefl ielts gre,9762,6618,d:propelled/p:propelled/i:propelling/3:propels/s:propels,,
property,'prɒpәti,n. something owned; any tangible or intangible possession that is owned by someone; \nn. a basic or essential attribute shared by all members of a class\nn. a construct whereby objects or individuals can be distinguished\nn. any movable articles or objects used on the set of a play or movie,"n. 财产, 所有权, 性质, 属性\n[计] 属性",,4,1,cet4 cet6 ky toefl ielts,597,993,s:properties,,
prophet,'prɒfit,n. an authoritative person who divines the future\nn. someone who speaks by divine inspiration; someone who is an interpreter of the will of God,"n. 预言者, 先知, 提倡者",,1,,cet6 ky gre,7159,7514,s:prophets,,
proposition,.prɒpә'ziʃәn,n. (logic) a statement that affirms or denies something and is either true or false\nn. an offer for a private bargain (especially a request for sexual favors)\nn. a task to be dealt with\nv. suggest sex to,"n. 建议, 命题, 主张\nvt. 向...提议, 向...提出猥亵的要求",,2,,cet6 ky toefl ielts gre,3544,5428,s:propositions/d:propositioned/i:propositioning/p:propositioned/3:propositions,,
prose,prәuz,"n. ordinary writing as distinguished from verse\nn. matter of fact, commonplace, or dull expression","n. 散文\nv. 写散文\na. 散文的, 平凡的",,2,,cet6 ky toefl gre,6124,7468,s:proses/i:prosing,,
prosecute,'prɒsikju:t,v. conduct a prosecution in a court of law\nv. bring a criminal action against (in a trial)\nv. carry out or participate in an activity; be involved in,"vt. 告发, 起诉, 彻底进行, 执行, 从事\nvi. 告发, 起诉, 作检察官",,3,,ky toefl ielts gre,5409,5089,d:prosecuted/i:prosecuting/p:prosecuted/3:prosecutes,,
prospect,'prɒspekt,"n. the possibility of future success\nv. search for something desirable\nv. explore for useful or valuable things or substances, such as minerals","n. 景色, 展望\nvt. 勘探, 勘察\nvi. 勘探, 有前途",,4,1,cet4 cet6 ky toefl ielts gre,1724,2323,s:prospects/i:prospecting/p:prospected/3:prospects/d:prospected,,
prospective,prәs'pektiv,a. of or concerned with or related to the future,"a. 预期的, 将来的\n[经] 预期的, 未来的",,2,,cet6 ky toefl ielts,4764,5420,s:prospectives,,
prosperous,'prɒspәrәs,s in fortunate circumstances financially; moderately rich\ns very lively and profitable\ns marked by peace and prosperity\ns presaging or likely to bring good luck,"a. 成功的, 繁盛的, 幸运的\n[经] 繁荣的, 昌盛的",,1,,cet4 cet6 ky toefl gre,6904,7343,,,
protein,'prәuti:in,n. any of a large group of nitrogenous organic compounds that are essential constituents of living cells; consist of polymers of amino acids; essential in the diet of animals for growth and for repair of tissues; can be obtained from meat and eggs and milk and legumes,n. 蛋白质\na. 蛋白质的,,3,,cet4 cet6 ky toefl ielts,2193,2523,s:proteins,,
protest,prә'test,n. a formal and solemn declaration of objection\nn. the act of protesting; a public (often organized) manifestation of dissent\nn. the act of making a strong public expression of disagreement and disapproval\nv. utter words of protest,"n. 抗议, 反对, 抗议书, 断言\nv. 反对, 抗议, 断言",,4,1,cet4 cet6 ky toefl ielts gre,2229,2835,s:protests/p:protested/i:protesting/d:protested/3:protests,,
prototype,'prәutәtaip,n. a standard or typical example,n. 原型\n[计] 样机; 原型,,2,,cet6 ky toefl ielts gre,6557,6270,s:prototypes,,
provided,prә'vaidid,"v give something useful or necessary to\nv give what is desired or needed, especially support, food or sustenance\nv determine (what is to happen in certain contingencies), especially by including a proviso condition or stipulation\nv mount or put up\nv make a possibility or provide opportunity for; permit to be attainable or cause to remain\nv supply means of subsistence; earn a living\nv take measures in preparation for","conj. 倘若, 以...为条件",,2,1,cet4 cet6 ky ielts,2695,3842,0:provide/1:dp,,
provision,prә'viʒәn,n. a stipulated condition\nn. the activity of supplying or providing something\nn. a store or supply of something (especially of food or clothing or arms)\nv. supply with provisions,"n. (政府提供的)钱和设备, 准备, 供应品, 规定, 条款\nvt. 供给...食物及必需品",,3,,cet4 cet6 ky toefl ielts gre,783,2612,s:provisions/i:provisioning/p:provisioned/3:provisions/d:provisioned,,
provocative,prә'vɒkәtiv,"a. serving or tending to provoke, excite, or stimulate; stimulating discussion or exciting controversy\ns. exciting sexual desire","a. 激发感情的, 挑拨的, 刺激的\nn. 刺激物, 挑拨物, 兴奋剂",,1,,cet6 ky toefl,9872,7222,,,
provoke,prә'vәuk,v. evoke or provoke to appear or occur\nv. provide the needed stimulus for,"vt. 激怒, 惹起, 诱导\n[法] 刺激, 煽动, 激怒",,3,,cet6 ky toefl ielts,3558,4821,d:provoked/p:provoked/i:provoking/3:provokes,,
proximity,prɒk'simiti,n. the property of being close together\nn. the region close around a person or thing\nn. a Gestalt principle of organization holding that (other things being equal) objects or events that are near to one another (in space or time) are perceived as belonging together as a unit,"n. 接近, 亲近",,1,,cet6 toefl ielts,6927,6588,s:proximities,,
prune,pru:n,n. dried plum,"n. 洋李, 李子干, 深紫红色, 傻瓜\nvt. 修剪, 砍掉, 删除\nvi. 删除, 删节",,2,,toefl gre,11960,14230,s:prunes/d:pruned/i:pruning/p:pruned/3:prunes,,
psychiatrist,sai'kaiәtrist,n. a physician who specializes in psychiatry,"n. 精神病医生, 精神病学家\n[医] 精神病学家",,,,,6979,5180,s:psychiatrists,,
psychological,.saikә'lɒdʒikәl,s. mental or emotional as opposed to physical in nature\na. of or relating to or determined by psychology,"a. 心理学的, 精神上的, 心灵的\n[法] 心理上的, 心理学的",,3,,cet4 cet6 ielts,2836,2361,,,
pudding,'pudiŋ,n. any of various soft thick unsweetened baked dishes\nn. (British) the dessert course of a meal (`pud' is used informally)\nn. any of various soft sweet desserts thickened usually with flour and baked or boiled or steamed,n. 布丁,,2,,cet4 cet6,5387,8518,s:puddings,,
pumpkin,'pʌmpkin,n. a coarse vine widely cultivated for its large pulpy round orange fruit with firm orange skin and numerous seeds; subspecies of Cucurbita pepo include the summer squashes and a few autumn squashes\nn. usually large pulpy deep-yellow round fruit of the squash family maturing in late summer or early autumn,n. 南瓜,,1,,cet6 toefl,17329,6149,s:pumpkins,,
purchase,'pә:tʃәs,n. the acquisition of something for payment\nn. something acquired by purchase\nn. a means of exerting influence or gaining advantage,"n. 购买, 购买品, 紧握, 绞辘\nvt. 购买, 赢得, 努力取得, 用滑轮起(锚等)",,4,1,gk cet4 cet6 ky toefl gre,2257,2149,d:purchased/s:purchases/p:purchased/i:purchasing/3:purchases,,
purify,'pjuәrifai,"v. remove impurities from, increase the concentration of, and separate through the process of distillation\nv. make pure or free from sin or guilt\nv. become clean or pure or free of guilt and sin","vi. 变纯净\nvt. 使纯净, 净化, 提纯, 精炼",,1,,cet4 cet6 ky toefl gre,11900,13440,p:purified/d:purified/i:purifying/3:purifies,,
purity,'pjuәrәti,n. being undiluted or unmixed with extraneous material\nn. the state of being unsullied by sin or moral wrong; lacking a knowledge of evil,"n. 纯净, 纯正, 纯粹\n[化] 纯度",,,,cet4 cet6 ielts gre,7137,8748,s:purities,,
pursue,pә'sju:,v. follow in or as if in pursuit\nv. carry further or advance,"vt. 追赶, 追踪, 追随, 追求, 实行, 继续, 从事\nvi. 追赶, 继续",,3,1,cet4 cet6 ky toefl gre,1976,1785,d:pursued/i:pursuing/p:pursued/3:pursues,,
pursuit,pә'sju:t,n. the act of pursuing in an effort to overtake or capture\nn. a search for an alternative that meets cognitive criteria,"n. 追踪, 追求, 追赶, 娱乐, 职业\n[法] 追捕, 追求",,2,,cet4 cet6 ky ielts,4084,3873,s:pursuits,,
qualitative,'kwɒlitәtiv,a. involving distinctions based on qualities\na. relating to or involving comparisons based on qualities,"a. 性质的, 质的, 定性的",,1,,cet6 ky ielts,8234,7101,,,
quantify,'kwɒntifai,v. use as a quantifier\nv. express as a number or measure or quantity,"vt. 定量, 用数量表示, 测量",,1,,cet6 ky,8904,9701,d:quantified/i:quantifying/3:quantifies/p:quantified,,
quantitative,'kwɒntitәtiv,a. expressible as a quantity or relating to or susceptible of measurement\na. relating to the measurement of quantity\na. (of verse) having a metric system based on relative duration of syllables,"a. 数量的, 定量的\n[医] 定量的, 数量的",,1,,cet6 ky toefl ielts,6277,7662,,,
quart,kwɒ:t,n. a United States liquid unit equal to 32 fluid ounces; four quarts equal one gallon\nn. a British imperial capacity measure (liquid or dry) equal to 2 pints or 1.136 liters\nn. a United States dry unit equal to 2 pints or 67.2 cubic inches,n. 夸脱\n[医] 夸脱(四分之一加仑),,,,cet4 cet6 ky,23170,0,s:quarts,,
quarterly,'kwɔ:tәli,n. a periodical that is published every quarter (or four issues per year)\na. of or relating to or consisting of a quarter\nr. in diagonally opposed quarters of an escutcheon\nr. in three month intervals,"a. 季度的, 按季度的, 每季的\nadv. 按季, 每三个月, 每季一次\nn. 季刊",,2,,cet4 cet6 ky toefl ielts,9787,11417,s:quarterlies,,
quartz,kwɒ:ts,n. a hard glossy mineral consisting of silicon dioxide in crystal form; present in most rocks (especially sandstone and granite); yellow sand is quartz with iron oxide impurities,n. 石英\n[化] 石英,,,,cet6 ky toefl,13134,16587,,,
queer,kwiә,"v. put in a dangerous, disadvantageous, or difficult position","n. 怪人, 同性恋者\na. 奇怪的, 不舒服的, 可疑的\nvt. 搞糟",,1,,cet4 cet6 ky toefl ielts gre,12553,11708,s:queers/t:queerest/i:queering/r:queerer/3:queers/d:queered/p:queered,,
quench,kwentʃ,"v. satisfy (thirst)\nv. electronics: suppress (sparking) when the current is cut off in an inductive circuit, or suppress (an oscillation or discharge) in a component or device\nv. reduce the degree of (luminescence or phosphorescence) in (excited molecules or a material) by adding a suitable substance","vt. 熄灭, 结束, 使冷却, 将...淬火\nvi. 熄灭, 平息",,,,cet6 ky toefl ielts gre,19371,19110,i:quenching/d:quenched/p:quenched/3:quenches,,
quest,kwest,"n. the act of searching for something\nv. make a search (for)\nv. search the trail of (game)\nv. seek alms, as for religious purposes","n. 探索, 寻求, 调查\nv. 寻找, 找, 追寻猎物",,2,,cet6 ky toefl ielts gre,6427,4067,s:quests/i:questing/p:quested/d:quested/3:quests,,
questionnaire,kwestʃә'nєә,n. a form containing a set of questions; submitted to people to gain statistical information,"n. 调查表, 问卷\n[经] 调查表",,1,,gk cet6 ky toefl ielts,4043,3606,s:questionnaires,,
quiver,'kwivә,"n. case for holding arrows\nv. shake with fast, tremulous movements","n. 震动, 颤抖, 箭袋\nvi. 颤抖, 振动\nvt. 使颤动\na. 敏捷的",,1,,cet6 ky toefl ielts gre,10746,11515,p:quivered/i:quivering/3:quivers/s:quivers/d:quivered,,
quota,'kwәutә,n. a prescribed number\nn. a proportional share assigned to each participant\nn. a limitation on imports,"n. 配额, 限额\n[化] 定额",,2,,ky toefl ielts gre,4604,6055,s:quotas,,
racial,'reiʃәl,a. of or related to genetically distinguished groups of people\na. of or characteristic of race or races or arising from differences among groups,"a. 人种的, 种族的\n[医] 种族的",,3,,gk cet4 cet6 ky,4592,2243,,,
racket,'rækit,n. a loud and disturbing noise\nn. an illegal enterprise (such as extortion or fraud or drug peddling or prostitution) carried on for profit\nn. a sports implement (usually consisting of a handle and an oval frame with a tightly interlaced network of strings) used to strike a ball (or shuttlecock) in various games\nv. make loud and annoying noises,"n. 球拍, 喧闹, 杂乱无章\nvi. 喧闹\nvt. 用球拍打",,1,,cet4 cet6 ky ielts,8857,9912,s:rackets,,
radiant,'reidiәnt,s radiating or as if radiating light,"a. 发光的, 明亮的, 辐射的, 容光焕发的\n[医] 放射的, 辐射的, 辐射物[质]",,1,,cet6 ky toefl,14368,9731,,,
radiate,'reidieit,v. send out rays or waves\nv. send out real or metaphoric rays\nv. extend or spread outward from a center or focus or inward towards a center\nv. cause to be seen by emitting light as if in rays,"vt. 放射, 散发, 辐射, 传播, 广播\nvi. 发光, 辐射, 流露\na. 有射线的, 辐射状的",,1,,cet4 cet6 ky toefl ielts,10092,8496,i:radiating/p:radiated/3:radiates/d:radiated,,
radical,'rædikl,n. a person who has radical ideas or opinions\nn. (mathematics) a quantity expressed as the root of another quantity\nn. a character conveying the lexical meaning of a logogram\ns. arising from or going to the root or source,"n. 激进分子, 词根, 基础, 根式, 根\na. 激进的, 根本的, 基本的, 根的",,4,,cet4 cet6 ky toefl ielts,2361,2929,s:radicals,,
radioactive,.reidiәu'æktiv,a. exhibiting or caused by radioactivity,"a. 放射性的, 有放射能的\n[医] 放射性的, 放射的",,2,,gk cet4 cet6 ky,6732,7890,,,
radius,'reidiәs,n. the length of a line segment between the center and circumference of a circle or sphere\nn. a straight line from the center to the perimeter of a circle (or from the center to the surface of a sphere)\nn. a circular region whose area is indicated by the length of its radius\nn. the outer and slightly shorter of the two bones of the human forearm,"n. 半径, 范围, 辐射光线\n[电] 半径",,1,,cet4 cet6 ky toefl ielts gre,7090,9413,s:radii,,
random,'rændәm,a. lacking any definite plan or order or purpose; governed by or depending on chance,"n. 随意, 随机\na. 任意的, 随便的, 胡乱的, 随机的\nadv. 胡乱地",,2,,gk cet6 ky toefl ielts gre,3811,3619,,,
rank,ræŋk,n. a row or line of people (especially soldiers or police) standing abreast of one another\nn. relative status\nv. take or have a position relative to others\nv. take precedence or surpass others in rank,"n. 等级, 排, 横列, 队伍, 阶级\na. 茂密丛生的, 恶臭的, 十足的, 粗俗的\nvt. 排列, 归类于, 把...分等\nvi. 列为, 列队\nn. 秩\n[计] 秩",,3,1,gk cet4 cet6 ky toefl ielts,2464,2647,s:ranks/d:ranked/3:ranks/i:ranking/p:ranked,,
rap,ræp,n. a gentle blow\nn. voluble conversation\nn. genre of African-American music of the 1980s and 1990s in which rhyming lyrics are chanted to a musical accompaniment; several forms of rap have emerged\nv. strike sharply,"n. 轻敲, 拍击, 责骂, 无价值的东西\nvt. 轻敲, 厉声说出, 叱责, 抢走, 使着迷\nvi. 敲击, 发敲击声, 交谈, 同情\n[计] 随机存取程序, 资源分配处理器, 常驻汇编程序",,2,,cet6 ky toefl,10521,5303,p:rapped/3:raps/d:rapped/i:rapping/s:raps,,
rape,reip,n. Eurasian plant cultivated for its seed and as a forage crop\nn. the act of despoiling a country in warfare\nn. the crime of forcing a woman to submit to sexual intercourse against her will\nv. force (someone) to have sex against their will,"n. 抢夺, 掠夺, 强奸, 葡萄渣, 芸苔\nvt. 掠夺, 抢夺, 强奸",,3,,ky,3510,3416,d:raped/i:raping/s:rapes/p:raped/3:rapes,,
rarely,'rєәli,r. not often,"adv. 很少地, 罕有地",,3,1,cet4 cet6 ky toefl ielts,2122,2271,,,
rash,ræʃ,n. any red eruption of the skin\nn. a series of unexpected and unpleasant occurrences\ns. imprudently incurring risk,"a. 轻率的, 匆忙的, 鲁莽的\nn. 皮疹",,2,,cet6 ky,11233,8937,s:rashes,,
rating,'reitiŋ,n. standing or position on a scale,"n. 等级, 额定功率, 责骂\n[经] 等级评定",,3,,cet6,4005,1819,0:rate/1:i/s:ratings/i:rating,,
rational,'ræʃәnl,a. consistent with or based on or using reason\na. capable of being expressed as a quotient of integers\ns. having its source in or being guided by the intellect (as distinguished from experience or emotion),"a. 理性的, 合理的\nn. 有理数",,2,,cet4 cet6 ky toefl ielts gre,3243,4481,,,
reaction,ri'ækʃәn,n. an idea evoked by some experience\nn. a bodily process occurring due to the effect of some antecedent stimulus or agent\nn. (mechanics) the equal and opposite force that is produced when any force is applied to a body\nn. a response that reveals a person's feelings or attitude,"n. 反应, 反作用, 反动\n[医] 反应",,4,1,cet4 cet6,1269,1409,s:reactions,,
readily,'redili,r. without much difficulty,"adv. 迅速地, 轻易地, 乐意地",,2,,cet4 cet6 ky toefl ielts gre,2847,4013,,,
realistic,riә'listik,a. aware or expressing awareness of things as they really are\na. of or relating to the philosophical doctrine of realism,"a. 现实的, 逼真的, 现实主义的, 实在论的",,2,1,cet6 ky,3620,3993,,,
reap,ri:p,"v. gather, as of natural products\nv. get or derive","vt. 收割, 收获, 获得\nvi. 收割, 得到报应",,1,,cet4 cet6 ky toefl ielts gre,8430,7589,i:reaping/p:reaped/d:reaped/3:reaps,,
reassure,.ri:ә'ʃuә,v. cause to feel sure; give reassurance to\nv. give or restore confidence in; cause to feel sure or certain,"vt. 使...安心, 向...再保证\n[法] 重新保证, 再保险, 使清除疑虑",,2,,cet6 ky toefl ielts,4529,5411,d:reassured/p:reassured/i:reassuring/3:reassures,,
rebel,'rebl,n. `Johnny' was applied as a nickname for Confederate soldiers by the Federal soldiers in the American Civil War; `greyback' derived from their grey Confederate uniforms\nv. take part in a rebellion; renounce a former allegiance\nv. break with established customs,"n. 叛徒, 反叛者\nvi. 造反, 反抗, 抵抗, 反感\na. 造反的, 反抗的",,4,,cet4 cet6 ky toefl,3456,3776,s:rebels/p:rebelled/i:rebelling/d:rebelled/3:rebels,,
rebellion,ri'beljәn,n. refusal to accept some authority or code or convention\nn. organized opposition to authority; a conflict in which one faction tries to wrest control from another,"n. 谋反, 叛乱, 反抗\n[法] 造反, 反叛, 叛乱",,2,,cet4 cet6 ky toefl,5367,6331,s:rebellions,,
recall,ri'kɒ:l,n. a request by the manufacturer of a defective product to return the product (as for replacement or repair)\nn. a call to return\nn. a bugle call that signals troops to return\nn. the process of remembering (especially the process of recovering information by mental effort),"n. 回忆, 召回, 撤消\nvt. 回想, 回忆, 召回, 撤消, 使恢复\n[计] 检索",,4,1,cet4 cet6 ky toefl ielts gre,1637,1129,p:recalled/3:recalls/d:recalled/i:recalling,,
recede,ri'si:d,v. become faint or more distant,"vi. 向后退, 退却, 收回, 降低, 减弱\n[医] 退缩",,1,,ky toefl ielts gre,8649,7675,p:receded/i:receding/d:receded/3:recedes,,
receipt,ri'si:t,n. an acknowledgment (usually tangible) that payment has been made\nv. mark or stamp as paid,"n. 收据, 收入, 收到\nvt. 开...的收据",,2,1,gk ielts gre,3633,6517,s:receipts/i:receipting/p:receipted/3:receipts/d:receipted,,
reception,ri'sepʃәn,n. the manner in which something is greeted\nn. a formal party of people; as after a wedding\nn. quality or fidelity of a received broadcast\nn. the act of receiving,"n. 接待, 接受, 招待会\n[医] 接受, 感受",,2,1,gk cet4 cet6 ky toefl ielts,2928,3944,s:receptions,,
recession,ri'seʃәn,n. the state of the economy declines; a widespread decline in the GDP and employment and trade lasting from six months to a year\nn. the withdrawal of the clergy and choir from the chancel to the vestry at the end of a church service\nn. the act of ceding back,"n. 后退, 凹处, 衰退, 归还\n[医] 退缩",,4,,cet6 ky toefl ielts gre,2273,3576,s:recessions,,
recipe,'resipi,n. directions for making something,"n. 食谱, 处方, 秘诀\n[医] 取(处方头语), 处方",,2,,gk cet6 ky toefl ielts gre,3661,2509,s:recipes,,
recipient,ri'sipiәnt,n. a person who receives something,"a. 领受的, 容易接受的, 感受性强的\nn. 领受者, 容纳者, 容器",,2,,cet6 ky toefl ielts gre,5361,3919,s:recipients,,
reciprocal,ri'siprәkl,n. something (a term or expression or concept) that has a reciprocal relation to something else\na. concerning each of two or more persons or things; especially given or done in return\ns. of or relating to the multiplicative inverse of a quantity or function,"a. 互惠的, 相互的, 相等的, 倒数的, 彼此相反的\nn. 倒数, 互相起作用的事物",,1,,cet6 ky toefl ielts gre,8842,10639,s:reciprocals,,
recite,ri'sait,"v. repeat aloud from memory\nv. render verbally, ""recite a poem""","v. 背诵, 朗读, 叙述",,1,,zk gk cet4 cet6 ky ielts,8563,6397,i:reciting/p:recited/d:recited/3:recites,,
reckless,'reklis,s marked by defiant disregard for danger or consequences\ns characterized by careless unconcern,"a. 不介意的, 大意的, 鲁莽的, 不顾后果的\n[法] 不注意的, 粗心大意的, 鲁莽的",,1,,cet6 ky toefl ielts,8577,8562,,,
reckon,'rekәn,v. take account of,"vt. 计算, 总计, 估计, 认为, 猜想\nvi. 数, 计算, 估计, 依赖, 料想",,3,1,cet6 ky toefl ielts gre,2203,8525,3:reckons/p:reckoned/d:reckoned/i:reckoning,,
reclaim,ri'kleim,v. claim back\nv. reuse (materials from waste products)\nv. make useful again; transform from a useless or uncultivated state,"vt. 开垦, 改造, 感化, 纠正, 回收\nvi. 喊叫, 抗议",,1,,cet6 ky toefl ielts gre,8480,7452,d:reclaimed/i:reclaiming/p:reclaimed/3:reclaims,,
recognition,.rekәg'niʃәn,n. the state or quality of being recognized or acknowledged\nn. the process of recognizing something or someone by remembering\nn. approval\nn. (biology) the ability of one molecule to attach to another molecule that has a complementary shape,"n. 赞誉, 认得, 识别, 承认, 认可, 认识\n[电] 认识",,3,1,cet4 cet6 ky toefl,1628,2441,s:recognitions,,
recognize,'rekәgnaiz,v. be fully aware or cognizant of\nv. perceive to be the same\nv. exhibit recognition for (an antigen or a substrate)\nv. show approval or appreciation of,"vt. 认出, 认可, 承认, 公认, 识别, 赏识\nvi. 承认, 具结",,4,1,cet4 cet6 ky toefl,1571,779,d:recognized/p:recognized/i:recognizing/3:recognizes,,
reconcile,'rekәnsail,v. come to terms,"vt. 使和解, 调停, 使和谐, 使一致, 使听从\n[经] 对帐, 使一致",,2,,cet6 ky toefl ielts gre,5586,6560,d:reconciled/i:reconciling/3:reconciles/p:reconciled,,
reconciliation,",rekәnsili'eiʃәn",n. the reestablishing of cordial relations\nn. getting two things to correspond,"n. 和解, 和好, 复交, 调解, 调停, 和谐, 一致, 甘愿, 顺从\n[经] (银行往来)调节, 调和, 一致",,,,toefl,6542,5765,s:reconciliations,,
recover,ri'kʌvә,v. get or find back; recover the use of\nv. regain a former condition after a financial loss\nv. regain or make up for\nv. cover anew,"vt. 重新获得, 恢复, 复原, 拯救\nvi. 痊愈, 复原, 胜诉\n[计] 恢复",,3,1,gk cet4 cet6 ky toefl ielts,1804,2131,d:recovered/i:recovering/p:recovered/3:recovers,,
recovery,ri'kʌvәri,n. return to an original state\nn. the act of regaining or saving something lost (or in danger of becoming lost),"n. 恢复, 复原, 痊愈, 重获\n[计] 恢复",,3,,cet4 cet6 ky,2256,2443,s:recoveries,,
recreation,.rekri'eiʃәn,n an activity that diverts or amuses or stimulates\nn activity that refreshes and recreates; activity that renews your health and spirits by enjoyment and relaxation,"n. 娱乐, 消遣, 休息, 再创造\n[医] 娱乐, 休养",,2,,gk cet4 cet6 ky toefl ielts,5707,5867,s:recreations,,
recruit,ri'kru:t,n. a recently enlisted soldier\nn. any new member or supporter (as in the armed forces)\nv. seek to employ\nv. cause to assemble or enlist in the military,"n. 新兵, 新手, 新会员, 补给品\nvt. 恢复, 补充, 充实, 征募\nvi. 征募新兵, 复原, 得到补充",,3,,cet4 cet6 ky toefl ielts gre,3496,3314,d:recruited/s:recruits/i:recruiting/p:recruited/3:recruits,,
rectangular,rek'tæŋgjulә,s. having four right angles,a. 成直角的\n[化] 矩形的,,,,cet6 toefl,8012,9527,,,
rectify,'rektifai,v. math: determine the length of\nv. set straight or right\nv. convert into direct current,"vt. 订正, 矫正, 改正, 调正, 校正, 精馏, 整流\n[化] 精馏",,1,,cet6 ky toefl ielts gre,8609,14350,d:rectified/i:rectifying/p:rectified/3:rectifies,,
recur,ri'kә:,v. happen or occur again\nv. return in thought or speech to something,"vi. 复发, 回到, 重现, 再来, 诉诸, 采用, 循环",,1,,cet6 ky toefl,9676,13001,3:recurs/p:recurred/i:recurring/d:recurred,,
recycle,.ri:'saikl,v. cause to repeat a cycle\nv. use again after processing,"vt. 使再循环, 重新利用, 再制\nn. 再循环",,2,,gk cet6 ky toefl ielts,7344,5806,i:recycling/d:recycled/3:recycles/p:recycled,,
redundant,ri'dʌndәnt,"s more than is needed, desired, or required\ns repetition of same sense in different words","a. 多余的, 过多的, 冗长的\n[医] 过多的, 多余的",,2,,cet6 ky toefl ielts gre,4968,12969,,,
reel,ri:l,n. a roll of photographic film holding a series of frames to be projected by a movie projector\nn. music composed for dancing a reel\nn. winder consisting of a revolving spool with a handle; attached to a fishing rod\nn. a lively dance of Scottish Highlanders; marked by circular moves and gliding steps,"n. 卷轴, 一卷, 纺车, 旋转, 蹒跚\nvt. 卷...于轴上, 绕, 使旋转\nvi. 蹒跚地走, 旋转, 眩晕, 摇晃, 退缩\n[计] 卷; 盘",,3,,cet4 cet6 ky toefl ielts gre,9829,7527,i:reeling/p:reeled/s:reels/3:reels/d:reeled,,
referee,.refә'ri:,n. (sports) the chief official (as in boxing or American football) who is expected to ensure fair play\nn. an attorney appointed by a court to investigate and report on a case\nv. be a referee or umpire in a sports competition\nv. evaluate professionally a colleague's work,"n. 仲裁人, 调解人, 裁判员\nv. 仲裁, 裁判",,2,,gk cet6 ky ielts gre,4635,8516,s:referees/d:refereed/i:refereeing/p:refereed/3:referees,,
reference,'refәrәns,n. the most direct or specific meaning of a word or expression; the class of objects that an expression refers to\nn. the act of referring or consulting\nn. a publication (or a passage from a publication) that is referred to\nn. the relation between a word or phrase and the object or idea it refers to,"n. 参考, 索引, 参照\nvt. 给...加上参考资料\nvt. 引用\nvi. 引用\n[计] 引用",,3,1,gk cet4 cet6 ky ielts,1016,1904,s:references/p:referenced/d:referenced/i:referencing/3:references,,
reflect,ri'flekt,v. manifest or bring back\nv. to throw or bend back (from a surface)\nv. be bright by reflecting or casting light\nv. show an image of,"vt. 反射, 反映, 招致, 深思\nvi. 被反射, 映出, 深思, 考虑, 指责",,4,1,gk cet4 cet6 ky gre,885,1004,3:reflects/d:reflected/i:reflecting/p:reflected,,
reform,ri'fɒ:m,n. a change for the better as a result of correcting abuses\nn. a campaign aimed to correct abuses or malpractices\nn. self-improvement in behavior or morals by abandoning some vice\nv. make changes for improvement in order to remove abuse and injustices,"n. 改革, 改正, 改造\nvt. 改革, 改过, 革新, 重整\nvi. 革新, 改过",,4,1,gk cet4 cet6 ky toefl ielts,1211,1112,s:reforms/d:reformed/i:reforming/p:reformed/3:reforms,,
refrain,ri'frein,n. the part of a song where a soloist is joined by a group of singers\nv. resist doing something,"n. 重复的话, 叠句, 副歌\nvi. 节制, 避免, 克制",,1,,cet6 ky ielts gre,8458,9029,p:refrained/i:refraining/d:refrained/3:refrains/s:refrains,,
refresh,ri'freʃ,v. make (to feel) fresh\nv. make fresh again,"vt. 使清新, 使恢复, 使生气蓬勃\nvi. 提起精神, 恢复精神, 吃点心, 喝饮料\nvt. 刷新, 重新整理\nvi. 刷新, 重新整理\n[计] 刷新, 重新整理",,1,,gk cet4 cet6 ky toefl gre,11300,12356,p:refreshed/d:refreshed/i:refreshing/3:refreshes/s:refreshes,,
refreshment,ri'freʃmәnt,n. snacks and drinks served as a light meal\nn. activity that refreshes and recreates; activity that renews your health and spirits by enjoyment and relaxation,"n. 点心, 起提神作用的事物, 精神爽快",,1,,cet4 cet6 ky toefl ielts,7812,14418,s:refreshments,,
refuge,'refju:dʒ,n. a shelter from danger or hardship,"n. 避难所, 安全地带, 避难, 庇护\nvi. 躲避\nvt. 给予...庇护",,2,,cet4 cet6 ky toefl,5308,4616,s:refuges,,
refund,'ri:fʌnd,n. money returned to a payer\nn. the act of returning money received previously\nv. pay back,"n. 偿还\nvt. 付还, 偿还借款\nvi. 归还, 偿还",,2,,ky toefl ielts,12042,10901,s:refunds/d:refunded/p:refunded/i:refunding/3:refunds,,
refusal,ri'fju:zl,n. the act of refusing\nn. a message refusing to accept something that is offered,"n. 拒绝, 推却, 优先决定权\n[法] 拒绝, 谢绝, 取舍权",,2,1,gk cet4 cet6 ky ielts,3562,5933,s:refusals,,
refute,ri'fju:t. ri:-,"v. overthrow by argument, evidence, or proof\nv. prove to be false or incorrect","vt. 反驳, 驳斥；驳倒",,1,,cet4 cet6 ky toefl gre,11177,11103,d:refuted/p:refuted/3:refutes/i:refuting/s:refutes,,
regime,rei'ʒi:m,n the organization that is the governing authority of a political unit\nn (medicine) a systematic plan for therapy (often including diet),"n. 政权, 当权期间, 政体, 社会制度, 体制, 情态\n[医] 制度, 生活制度",,3,,cet6 ky toefl ielts gre,2191,1848,s:regimes,,
regiment,'redʒimәnt,"n. army unit smaller than a division\nv. subject to rigid discipline, order, and systematization\nv. form (military personnel) into a regiment\nv. assign to a regiment","n. （军队）团, 大量（人或物）\nv. 组编成团，组织，严格管制",,2,,cet6 gre,4391,10298,s:regiments/d:regimented/i:regimenting/p:regimented/3:regiments,,
region,'ri:dʒәn,n. the extended spatial location of something\nn. a large indefinite location on the surface of the Earth\nn. the approximate amount of something (usually used prepositionally as in `in the region of')\nn. a knowledge domain that you are interested in or are communicating about,"n. 区域, 地带, 地区, 领域, 范围, 区\n[计] 区, 区域",,4,1,cet4 cet6 ky ielts,713,793,s:regions,,
register,'redʒistә,n. an official written record of names or events or transactions\nn. (music) the timbre that is characteristic of a certain range and manner of production of the human voice or of different pipe organ stops or of different musical instruments\nn. a book in which names and transactions are listed\nn. (computer science) memory device that is the part of computer memory that has a specific address and that is used to hold information of a specific kind,"n. 寄存器, 记录, 登记簿, 注册\nvt. 记录, 注册, 提示, 表达, 把...挂号\nvi. 登记, 注册, 挂号\n[计] 寄存器",,3,1,gk cet4 cet6 ky toefl ielts,2430,3173,d:registered/s:registers/p:registered/i:registering/3:registers,,
regulation,.regju'leiʃәn,n. an authoritative rule\nn. the state of being controlled or governed\nn. (embryology) the ability of an early embryo to continue normal development after its structure has been somehow damaged or altered\nn. the act of bringing to uniformity; making regular,"n. 规则, 管理, 调整\n[计] 调整; 规章; 规则; 调节",,3,1,gk cet4 cet6 ky toefl ielts,1400,1675,s:regulations,,
rehearsal,ri'hә:sl,n. a practice session in preparation for a public performance (as of a play or speech or concert)\nn. (psychology) a form of practice; repetition of information (silently or aloud) in order to keep it in short-term memory,"n. 预演, 排演, 练习, 叙述, 复述\n[法] 详述, 列举事实, 复述",,2,,cet4 cet6 ky ielts gre,5643,5413,s:rehearsals,,
reign,rein,n. a period during which something or somebody is dominant or powerful\nn. the period during which a monarch is sovereign\nn. royal authority; the dominion of a monarch\nv. have sovereign power,v. 为王，为君；当政；统治\nn. 为王，为君；当政；统治,,2,,cet4 cet6 ky toefl ielts gre,3868,7626,p:reigned/3:reigns/s:reigns/i:reigning/d:reigned,,
rein,rein,n. one of a pair of long straps (usually connected to the bit or the headpiece) used to control a horse\nn. any means of control\nv. stop or slow up one's horse or oneself by or as if by pulling the reins\nv. stop or check by or as if by a pull at the reins,"n. 缰绳, 统治, 支配\nvt. 驾驭, 以缰绳控制, 控制\nvi. 勒住马",,2,,cet4 cet6 ky gre,6977,8629,s:reins/p:reined/d:reined/i:reining/3:reins,,
reinforce,.ri:in'fɒ:s,v. make stronger\nv. strengthen and support with rewards,"vt. 加强, 增援, 补充\nvi. 求援, 得到增援\nn. 加固材料",,2,,cet4 cet6 ky toefl ielts gre,2839,3329,d:reinforced/3:reinforces/i:reinforcing/p:reinforced,,
reject,ri'dʒekt,v. refuse to accept or acknowledge\nv. reject with contempt\nv. refuse entrance or membership,"n. 被拒之人, 被弃之物, 不合格品, 次品\nvt. 拒绝, 抵制, 否决, 驳回, 丢弃, 呕出",,4,1,gk cet4 cet6 ky toefl,1485,2029,d:rejected/p:rejected/i:rejecting/3:rejects/s:rejects,,
rejoice,ri'dʒɒis,v. feel happiness or joy,"vt. 使欢喜\nvi. 欣喜, 高兴, 庆祝",,1,,cet4 cet6 ky ielts gre,8553,10736,i:rejoicing/p:rejoiced/3:rejoices/d:rejoiced,,
relative,'relәtiv,n. a person related by blood or marriage\nn. an animal or plant that bears a relationship to another (as related by common descent or by membership in the same genus)\na. estimated by comparison; not absolute or complete,"n. 亲戚, 关系词\na. 有关系的, 相对的, 比较的",,3,1,gk cet4 cet6 ky,2255,2428,s:relatives,,
relay,'ri:lei,n. the act of passing something along from one person or group to another\nn. a crew of workers who relieve another crew\nn. a fresh team to relieve weary draft animals\nn. a race between teams; each member runs or swims part of the distance,"n. 驿马, 替班, 中继, 接力\nvt. 分程传递, 转播, 使接替\nvi. 接力传送, 转播",,2,,gk cet6 ky toefl ielts,11282,8326,d:relayed/i:relaying/p:relayed/s:relays/3:relays,,
release,ri'li:s,n. merchandise issued for sale or public showing (especially a record or film)\nn. a process that liberates or discharges something\nn. a device that when pressed will release part of a mechanism\nn. activity that frees or expresses creative energy or emotion,"n. 释放, 发泄, 豁免, 发行, 释放证书\nvt. 释放, 解除, 放松, 豁免, 免除, 发布, 放弃, 让与\nn. 发布\n[计] 版本, 发布",,5,1,cet4 cet6 ky toefl ielts gre,1232,1120,d:released/i:releasing/p:released/s:releases/3:releases,,
relevant,'relivәnt,a. having a bearing on or connection with the subject at issue,"a. 有关联的, 有关系的, 适当的, 相应的\n[法] 有关的, 相关的",,3,1,gk cet4 cet6 ky toefl ielts,1241,2814,,,
reliable,ri'laiәbl,a. worthy of reliance or trust,"a. 可靠的, 可信赖的\n[法] 可靠的, 可信赖的, 确实的",,3,,gk cet4 cet6 ky toefl ielts,3271,3504,,,
reliance,ri'laiәns,n. certainty based on past experience\nn. the state of relying on something,"n. 信任, 信赖, 受信赖的人(或事)\n[法] 信任, 信赖, 信心",,,,cet4 cet6 ky toefl gre,6173,6942,,,
relief,ri'li:f,n. the feeling that comes when something burdensome is removed or reduced\nn. the condition of being comfortable or relieved (especially after being relieved of distress)\nn. (law) redress awarded by a court\nn. assistance in time of difficulty,"n. 减轻, 解除, 救济, 安慰, 调剂, 浮雕, 换班, (地势的)起伏\n[医] 缓减, 减轻, 浮雕(绘画中)",,4,1,gk cet4 cet6 ky toefl ielts,1391,1812,s:reliefs,,
relieve,ri'li:v,"v. provide physical relief, as from pain\nv. free from a burden, evil, or distress\nv. take by stealing\nv. alleviate or remove (pressure or stress) or make less oppressive","vt. 减轻, 救济, 解除, 使免除, 换...的班, 使得到调剂, 使不单调, 衬托, 使显著\nvi. 救济, 当替补投手, 呈鲜明突出",,2,,cet4 cet6 ky toefl,4260,3764,p:relieved/d:relieved/i:relieving/3:relieves,,
religion,ri'lidʒәn,n. a strong belief in a supernatural power or powers that control human destiny\nn. an institution to express belief in a divine power,"n. 宗教, 信仰\n[法] 宗教, 宗教信仰, 信仰",,3,1,gk cet4 cet6 ky toefl ielts gre,1819,1383,s:religions,,
religious,ri'lidʒәs,n. a member of a religious order who is bound by vows of poverty and chastity and obedience\ns. concerned with sacred matters or religion or the church\na. having or showing belief in and reverence for a deity\na. of or relating to clergy bound by monastic vows,"a. 宗教性的, 虔诚的, 宗教上的, 严谨的\nn. 修道士, 出家人",,4,1,gk cet4 cet6 ky toefl,1444,884,,,
relish,'reliʃ,n. spicy or savory condiment\nn. the taste experience when a savoury condiment is taken into the mouth,"n. 滋味, 风味, 美味, 爱好, 食欲, 调味品\nvt. 调味, 喜欢, 玩味\nvi. 有味道",,2,,ky gre,7766,8659,p:relished/i:relishing/d:relished/3:relishes/s:relishes,,
reluctant,ri'lʌktәnt,s. disinclined to become involved\ns. not eager,"a. 不情愿的, 勉强的\n[法] 不愿的, 勉强的, 难以处理的",,3,,cet4 cet6 ky toefl ielts,3511,3900,,,
rely,ri'lai,v have confidence or faith in,"vi. 信赖, 依赖, 信任",,3,,gk cet4 cet6 ky toefl ielts,1734,1857,i:relying/3:relies/d:relied/p:relied,,
remain,ri'mein,"v. be left; of persons, questions, problems, results, evidence, etc.","vi. 保持, 逗留, 剩余\n[法] 停留, 居住, 继续",,5,1,zk gk cet4 cet6 ky,344,426,3:remains/p:remained/d:remained/i:remaining/s:remains,,
remainder,ri'meindә,n. something left after other parts have been taken away\nn. the part of the dividend that is left over when the dividend is not evenly divisible by the divisor\nn. the number that remains after subtraction; the number that when added to the subtrahend gives the minuend\nv. sell cheaply as remainders,"n. 剩余物, 其他人, 残余, 余数\nv. 削价出售(图书)\na. 剩余的, 出售削价剩书的\n[计] 余数",,2,,cet6 ky toefl gre,3955,6805,s:remainders/d:remaindered/i:remaindering/p:remaindered/3:remainders,,
remedy,'remidi,n. a medicine or therapy that cures disease or relieve pain\nv. provide relief for,"n. 药物, 治疗法, 治疗, 补救, 赔偿\nvt. 治疗, 补救, 矫正, 改善, 修补, 修缮",,2,,cet4 cet6 ky toefl ielts,3157,5111,s:remedies/d:remedied/i:remedying/p:remedied/3:remedies,,
remnant,'remnәnt,n a small part or portion that remains after the main part no longer exists\nn a piece of cloth that is left over after the rest has been used or sold,"n. 剩余, 零料, 遗迹\na. 剩余的, 残余的",,1,,cet6 ky toefl ielts gre,7533,6394,s:remnants,,
remote,ri'mәut,n a device that can be used to control a machine or apparatus from a distance\ns located far away spatially\ns very unlikely\ns separate or apart in time\ns inaccessible and sparsely populated; \na far apart in relevance or relationship or kinship,"a. 遥远的, 偏僻的, 疏远的, 微少的\n[计] 远程, 远程访问实用程序",,3,1,gk cet4 cet6 ky toefl,2684,2778,r:remoter/t:remotest,,
renaissance,ri'neisәns,n. the period of European history at the close of the Middle Ages and the rise of the modern world; a cultural rebirth from the 14th through the middle of the 17th centuries,"n. 复活, 复兴, 文艺复兴\na. 文艺复兴的",,2,,cet6 ky toefl ielts,5428,11032,,,
render,'rendә,n. a substance similar to stucco but exclusively applied to masonry walls\nv. cause to become\nv. give or supply\nv. pass down,"vt. 回报, 给于, 付给, 汇报, 提出, 舍弃, 反映, 表示, 表演, 致使, 执行, 实施\nvi. 给予补偿\nn. 交纳, 打底",,2,,cet4 cet6 ky toefl ielts gre,3315,3537,d:rendered/3:renders/i:rendering/p:rendered,,
repay,ri'pei,v pay back\nv make repayment for or return something\nv act or give recompense in recognition of someone's behavior or actions\nv answer back,"v. 偿还, 报答, 报复",,2,,cet6 ky,5271,7971,d:repaid/i:repaying/p:repaid/3:repays,,
repel,ri'pel,v. cause to move back by force or influence\nv. be repellent to; cause aversion in\nv. force or drive back,"vt. 逐退, 抵制, 使厌恶, 抗御\nvi. 使厌恶, 相互排斥",,1,,cet6 ky toefl ielts gre,11198,11198,d:repelled/p:repelled/i:repelling/3:repels,,
repertoire,'repәtwɑ:,"n. a collection of works (plays, songs, operas, ballets) that an artist or company can perform and do perform for short intervals on a regular schedule","n. 全部剧目, 全部技能, 全部节目, 全部作品",,1,,cet6 ky toefl ielts gre,7794,7784,s:repertoires,,
represent,.repri'zent,"v. take the place of or be parallel or equivalent to\nv. be representative or typical for\nv. be a delegate or spokesperson for; represent somebody's interest or be a proxy or substitute for, as of politicians and office holders representing their constituents, or of a tenant representing other tenants in a housing dispute\nv. serve as a means of expressing something","vt. 表现, 表示, 描绘, 讲述, 代表, 象征, 回忆, 再赠送, 再上演\nvi. 提出异议",,4,1,gk cet4 cet6 ky toefl ielts,645,687,d:represented/3:represents/i:representing/p:represented,,
repression,ri'preʃәn,n. a state of forcible subjugation\nn. (psychiatry) the classical defense mechanism that protects you from impulses or ideas that would cause anxiety by preventing them from becoming conscious\nn. the act of repressing; control by holding down,"n. 抑制, 压抑, 制止\n[医] 压抑, 抑制",,,,ky,7300,7683,s:repressions,,
reproach,ri'prәutʃ,n. a mild rebuke or criticism\nn. disgrace or shame\nv. express criticism towards,"n. 责备, 耻辱\nvt. 责备, 申斥, 使丢脸",,1,,cet4 cet6 ky toefl ielts gre,14678,18288,p:reproached/s:reproaches/d:reproached/3:reproaches/i:reproaching,,
reputation,.repju'teiʃәn,n. notoriety for some particular characteristic\nn. the general estimation that the public has for a person,"n. 名誉, 名声, 声望\n[法] 名声, 名誉, 公认证据",,3,1,gk cet4 cet6 ky toefl ielts gre,2235,2411,s:reputations,,
resemblance,ri'zemblәns,n. similarity in appearance or external or superficial details,"n. 相似处, 类似, 肖像",,1,,cet6 ky toefl ielts,6479,7553,s:resemblances,,
resent,ri'zent,v. feel bitter or indignant about,"vt. 愤恨, 憎恶, 怨恨",,2,,cet6 ky toefl ielts gre,5944,6430,p:resented/d:resented/i:resenting/3:resents/0:resent/1:dp,,
reservation,.rezә'veiʃәn,n. a district that is reserved for particular purpose\nn. a statement that limits or restricts some claim\nn. the written record or promise of an arrangement by which accommodations are secured in advance\nn. something reserved in advance (as a hotel accommodation or a seat on a plane etc.),"n. 保留, 预定, 保留品, 保留地\n[经] 预定, 预约, 权益保留",,2,1,gk cet4 cet6 ky ielts,4139,3046,s:reservations,,
reserve,ri'zә:v,"n. something kept back or saved for future use or a special purpose\nn. (medicine) potential capacity to respond in order to maintain vital functions\nn. the trait of being uncommunicative; not volunteering anything more than necessary\nv. hold back or set aside, especially for future use or contingency","n. 储备品, 贮量, 后备军, 自然保护区, 保留, 拘谨, 节制, 储备金\nvt. 保留, 保存, 预订, 延期, 推迟",,4,1,gk cet4 cet6 ky toefl ielts gre,2475,3740,s:reserves/d:reserved/p:reserved/3:reserves/i:reserving,,
reside,ri'zaid,v. make one's home in a particular place or community,"vi. 住, 居留, 属于\n[法] 居住",,1,,cet6 toefl gre,6499,5284,3:resides/i:residing/p:resided/d:resided,,
resident,'rezidәnt,n. someone who lives at a particular place for a prolonged period or who was born there\na. living in a particular place,"n. 居民, 常驻程序, 居住者, 留鸟\na. 居留的, 定居的",,4,1,cet4 cet6 ky toefl gre,2053,1254,s:residents,,
residential,.rezi'denʃәl,a. used or designed for residence or limited to residences\na. of or relating to or connected with residence,"a. 住宅的, 与居住有关的\n[法] 有关居住的, 房产的:居所的, 适于居住的",,2,,cet6 toefl,2791,3828,,,
resign,ri'zain,v. accept as inevitable,"vt. 辞职, 放弃, 使顺从\nvi. 辞职, 屈从",,3,,gk cet4 cet6 ky ielts,2549,3390,p:resigned/d:resigned/i:resigning/3:resigns,,
resistant,ri'zistәnt,s. impervious to being affected,"n. 抵抗者, 反抗者\na. 抵抗的, 反抗的, 耐...的",,2,,cet4 cet6 ky toefl ielts,7235,6664,,,
resolve,ri'zɒlv,v. make clearly visible\nv. find the solution,"vi. 决定, 分解, 决心\nvt. 使分解, 解析, 解决, 消除, 决心\nn. 决定之事, 决心, 坚决",,3,1,cet4 cet6 ky toefl ielts,2174,2242,d:resolved/i:resolving/p:resolved/3:resolves,,
resort,ri'zɒ:t,n. a hotel located in a resort area,"n. 度假胜地, 手段, 凭借, 常去之地\nvi. 诉诸, 常去",,3,1,cet4 cet6 ky toefl ielts gre,3200,2684,s:resorts/i:resorting/d:resorted/p:resorted/3:resorts,,
respective,ri'spektiv,s. considered individually,"a. 分别的, 各自的",,1,,cet4 cet6 ky toefl,5015,5883,,,
respond,ri'spɒnd,v. respond favorably or as hoped,"vt. 以...回答\nvi. 回答, 响应, 回报, 有反应, 承担责任",,4,1,gk cet4 cet6 ky toefl,1313,920,i:responding/p:responded/d:responded/3:responds,,
response,ri'spɒns,n. a result\nn. a phrase recited or sung by the congregation following a versicle by the priest or minister\nn. the manner in which an electrical or mechanical device responds to an input signal or a range of input signals,"n. 反应, 回答, 响应\n[计] 应答",,4,1,cet4 cet6 ky ielts gre,798,725,s:responses,,
responsible,ri'spɒnsәbl,a. worthy of or requiring responsibility or trust; or held accountable\ns. being the agent or cause,"a. 有责任的, 负责的, 责任重大的\n[法] 应负责任的, 有责任的, 能履行责任的",,4,1,cet4 cet6 ky toefl,1054,1365,,,
restore,ri'stɒ:,"v. return to its original or usable and functioning condition\nv. give or bring back\nv. bring back into original existence, use, function, or position","vt. 回复, 恢复, 归还, 修补, 修复\nvt. 还原\nvi. 还原\n[计] 还原; DOS外部命令:从备份盘中取回文件",,3,1,cet4 cet6 ky toefl ielts gre,2217,2543,d:restored/i:restoring/p:restored/3:restores,,
restrain,ri'strein,"v. keep under control; keep in check\nv. to close within bounds, limit or hold back from movement\nv. hold back","vt. 抑制, 阻止, 束缚\n[法] 抑制, 遏制, 制止",,2,,cet4 cet6 ky toefl ielts gre,5566,6825,d:restrained/i:restraining/p:restrained/3:restrains,,
restraint,ri'streint,n. the act of controlling by restraining someone or something\nn. discipline in personal and social activities\nn. a rule or condition that limits freedom\nn. a device that retards something's motion,"n. 抑制, 克制, 束缚\n[医] 约束, 拘束",,2,,cet4 cet6 ky toefl gre,4343,5419,s:restraints,,
restrict,ri'strikt,v. place restrictions on\nv. place under restrictions; limit access to\nv. place limits on (extent or access),"vt. 限制, 限定, 约束\n[医] 限制",,2,1,gk cet4 cet6 ky toefl,2207,3539,d:restricted/i:restricting/3:restricts/p:restricted,,
resultant,ri'zʌltәnt,n. the final point in a process,"a. 结果的, 合成的\nn. 结果, 合力, 生成物",,1,,cet6 ky,9919,14064,s:resultants,,
resume,ri'zju:m,v. take up or begin anew\nv. return to a previous location or condition\nv. assume anew,"vt. 重新开始, 取回, 恢复\nvi. 再开始\nn. 摘要, 个人简历\n[计] 继续执行",,1,,cet4 cet6 ky toefl ielts gre,3836,3780,p:resumed/d:resumed/i:resuming/3:resumes/s:resumes,,
retain,ri'tein,v. hold back within\nv. allow to remain in a place or position or maintain a property or feature\nv. secure and keep for possible future use or application\nv. keep in one's mind,"vt. 保持, 保有, 留住, 记得, 付定金聘请\n[经] 保留, 留存",,3,1,cet4 cet6 ky toefl ielts gre,1460,2724,d:retained/p:retained/3:retains/i:retaining,,
retention,ri'tenʃәn,n. the act of retaining something,"n. 保持, 留置, 保留, 保持力, 保留物, 记忆, 停滞, 固位\n[计] 保贸, 保持",,1,,cet6 ky gre,6675,6542,s:retentions,,
retort,ri'tɒ:t,n. a vessel where substances are distilled or decomposed by heat\nv. answer back,"n. 反驳, 顶嘴, 蒸馏器, 曲颈甑\nvi. 反驳, 回嘴, 反击\nvt. 反击, 反驳, 蒸馏",,2,,cet6 ky toefl ielts gre,8199,13847,p:retorted/s:retorts/3:retorts/d:retorted/i:retorting,,
retrieve,ri'tri:v,"v. go for and bring back\nv. run after, pick up, and bring to the master","vt. 取回, 挽回, 弥补, 恢复, 补偿, 回忆, 检索\nvi. 找回猎物\nn. 取回, 恢复, 救险球\n[计] 检索",,2,,cet4 cet6 ky toefl ielts gre,5614,4952,d:retrieved/i:retrieving/p:retrieved/3:retrieves,,
retrospect,'retrәspekt,n. contemplation of things past,"n. 回顾, 追忆, 回溯\nv. 回顾, 追忆",,1,,cet6 ky toefl ielts,9533,8344,s:retrospects/i:retrospecting/p:retrospected/3:retrospects/d:retrospected,,
reunion,ri:'ju:njәn,n. a party of former associates who have come together again\nn. the act of coming together again,"n. 团圆, 重聚\n[医] 再连合, 复连[合]",,1,,cet6,7826,6067,s:reunions,,
reveal,ri'vi:l,v. disclose directly or through prophets,"vt. 露出, 显示, 透露, 揭露, 泄露, (神)启示\nn. 窗侧, 门侧",,4,1,cet4 cet6 ky toefl,968,927,d:revealed/p:revealed/3:reveals/i:revealing,,
revelation,.revi'leiʃәn,n. an enlightening or astonishing disclosure\nn. communication of knowledge to man by a divine or supernatural agency\nn. the last book of the New Testament; contains visionary descriptions of heaven and of conflicts between good and evil and of the end of the world; attributed to Saint John the Apostle,"n. 揭露, 泄露, 发觉, 默示, 启示",,2,,cet6 ky toefl ielts gre,4549,4184,s:revelations,,
revenge,ri'vendʒ,v. take revenge for a perceived wrong,"n. 报仇, 复仇, 报复\nvt. 报仇, 报复",,2,,cet4 cet6 ky ielts gre,5307,5280,d:revenged/s:revenges/i:revenging/p:revenged/3:revenges,,
revenue,'revinju:,n the entire amount of income before any deductions are made\nn government income due to taxation,"n. 收入, 岁入, 税收, 税务局\n[经] 岁入, 税收, 税务局",,3,,cet4 cet6 ky toefl ielts gre,1772,1681,s:revenues,,
reverse,ri'vә:s,n. a relation of direct opposition\nn. the gears by which the motion of a machine can be reversed\nn. an unfortunate happening that hinders or impedes; something that is thwarting or frustrating\nn. the side of a coin or medal that does not bear the principal design,"n. 相反, 背面, 倒退, 挫折, 失败\na. 反面的, 相反的, 反向的, 颠倒的\nvt. 使颠倒, 使逆转, 使倒退, 使反向\nvi. 倒退, 反向, 倒转, 反转\n[计] 反转",,3,1,cet4 cet6 ky toefl ielts gre,3175,3497,d:reversed/i:reversing/p:reversed/3:reverses/s:reverses,,
revive,ri'vaiv,"v. be brought back to life, consciousness, or strength\nv. restore from a depressed, inactive, or unused state","vt. 使苏醒, 使复兴, 使振奋, 回想起, 重播\nvi. 苏醒, 复活, 复兴, 恢复精神",,2,,cet6 ky toefl ielts gre,4528,5278,d:revived/i:reviving/p:revived/3:revives,,
revolutionary,.revә'lu:ʃәnәri,s. markedly new or introducing radical change\na. relating to or having the nature of a revolution\na. advocating or engaged in revolution,"n. 革命者, 革命党人\na. 革命的, 革命性的",,3,,cet4 cet6 ky toefl,3153,4014,s:revolutionaries,,
revolve,ri'vɒlv,v. turn on or around an axis or a center,"v. (使)旋转, 反复考虑, 循环出现",,1,,cet6 ky ielts,8409,7394,3:revolves/p:revolved/i:revolving/d:revolved,,
reward,ri'wɒ:d,n. payment made in return for a service rendered\nn. an act performed to strengthen approved behavior\nn. the offer of money for helping to find a criminal or for returning lost property\nv. act or give recompense in recognition of someone's behavior or actions,"n. 报酬, 酬谢, 赏金\nvt. 奖赏, 酬谢, 给...应有报应",,3,1,gk cet4 cet6 ky toefl ielts gre,2819,3392,s:rewards/d:rewarded/i:rewarding/p:rewarded/3:rewards,,
rhythm,'riðәm,n. the basic rhythmic unit in a piece of music\nn. recurring at regular intervals\nn. the arrangement of spoken words alternating stressed and unstressed elements,"n. 旋律, 节奏, 韵律, 匀称, 张弛节律\n[医] 节律",,3,1,cet4 cet6 ky toefl ielts,3420,3280,s:rhythms,,
ridiculous,ri'dikjulәs,s inspiring scornful pity\ns incongruous; inviting ridicule\ns broadly or extravagantly humorous; resembling farce,"a. 荒谬的, 可笑的",,2,1,gk cet4 cet6 ky toefl ielts,3632,4043,,,
rig,rig,"n. gear (including necessary machinery) for a particular enterprise\nn. formation of masts, spars, sails, etc., on a vessel\nv. arrange the outcome of by means of deceit\nv. manipulate in a fraudulent manner","n. 装备, 帆装\nvt. 装配, 装扮, 给船装帆, 垄断, 操纵",,2,,cet6 ielts gre,8228,8285,s:rigs/d:rigged/i:rigging/p:rigged/3:rigs,,
rigorous,'rigәrәs,s. rigidly accurate; allowing no deviation from a standard\ns. demanding strict attention to rules and procedures,"a. 严厉的, 严酷的, 严格的, 苛刻的, 严密的, 精确的",,2,,cet6 ky toefl ielts,7073,6606,,,
rim,rim,n. the shape of a raised edge of a more or less circular object\nn. (basketball) the hoop from which the net is suspended\nn. the outer part of a wheel to which the tire is attached\nv. run around the rim of,"n. 边, 轮缘, 框\nvt. 镶边, 为...装边\nvi. 形成边缘",,1,,cet6 ky toefl ielts,6963,4602,s:rims/p:rimmed/d:rimmed/i:rimming/3:rims,,
rip,rip,n. an opening made forcibly as by pulling apart\nn. a stretch of turbulent water in a river or the sea caused by one current flowing into or across another current\nv. move precipitously or violently\nv. cut (wood) along the grain,"n. 裂痕, 破绽, 拉裂, 浪子, 巨浪\nvi. 被拉开, 裂开, 猛冲\nvt. 撕, 扯, 劈",,2,,cet6 ky toefl ielts gre,4998,3572,p:ripped/d:ripped/i:ripping/3:rips/s:rips,,
ritual,'ritʃuәl,n. any customary observance or practice\nn. the prescribed procedure for conducting religious ceremonies\nn. stereotyped behavior\na. of or relating to or characteristic of religious rituals,"n. 仪式, 典礼, 宗教仪式\na. 仪式的, 依仪式进行的",,2,,cet6 ky toefl ielts gre,4517,3404,s:rituals,,
rival,'raivl,"n. the contestant you hope to defeat\nv. be the rival of, be in competition with","n. 对手, 竞争者\na. 竞争的",,4,1,cet4 cet6 ky toefl ielts gre,3058,4346,s:rivals/p:rivalled/3:rivals/i:rivalling/d:rivalled,,
rivalry,'raivlri,n the act of competing as for profit or a prize,"n. 竞争, 对抗\n[医] 拮抗",,2,,toefl gre,7075,6597,s:rivalries,,
robust,rәu'bʌst,"a. sturdy and strong in form, constitution, or construction\ns. strong enough to withstand or overcome intellectual challenges or adversity\ns. rough and crude","a. 健康的, 强健的, 要用力气的, 坚定的, 粗野的\n[计] 健壮性",,2,,cet6 ky toefl ielts gre,6874,6419,r:robuster,,
romance,rәu'mæns,n. the group of languages derived from Latin\nn. a novel dealing with idealized events remote from everyday life\nv. have a love affair with\nv. tell romantic or exaggerated lies,"n. 冒险故事, 浪漫史, 传奇文学\nvi. 写传奇, 作空想, 虚构",,2,,cet6 ky toefl,5329,4016,s:romances/i:romancing/d:romanced/p:romanced/3:romances,,
rot,rɒt,n a state of decay usually accompanied by an offensive odor\nn (biology) the process of decay caused by bacterial or fungal action\nn unacceptable behavior (especially ludicrously false statements)\nv break down\nv become physically weaker,"n. 腐烂, 腐蚀, 败坏\nvi. 腐烂, 烂, 堕落, 憔悴\nvt. 使腐烂, 使腐朽, 使堕落",,2,,gk cet4 cet6 ky toefl ielts,9578,9603,d:rotted/i:rotting/3:rots/p:rotted/s:rots,,
rotary,'rәutәri,a. relating to or characterized by rotation,"a. 旋转的, 轮流的\nn. 旋转式机器",,1,,cet4 cet6 ky,12122,12580,s:rotaries,,
routine,ru:'ti:n,"n. an unvarying or habitual method or procedure\nn. a set sequence of steps, part of larger computer program","n. 常规, 日常工作, 惯例, 例行公事\na. 日常的, 常规的\n[计] 例程",,3,1,gk cet4 cet6 ky toefl ielts,2421,2585,s:routines,,
royalty,'rɒiәlti,n. payment to the holder of a patent or copyright or resource for the right to use their property\nn. royal persons collectively,"n. 皇室, 王族成员, 王权, 特权阶层, 庄严\n[经] 特许权, 使用费, 使用税",,2,,cet6 ky gre,6037,6908,s:royalties,,
ruin,ruin,n. an irrecoverable state of devastation and destruction\nn. a ruined building\nn. an event that results in destruction\nv. destroy or cause to fail,"n. 毁灭, 推翻, 废墟\nvi. 毁灭, 衰败, 破坏, 破产, 堕落\nvt. 使毁灭, 毁坏, 使破产",,3,1,gk cet4 cet6 ky toefl,5346,4197,s:ruins/3:ruins/i:ruining/p:ruined/d:ruined,,
rupture,'rʌptʃә,n. state of being torn or burst open\nn. a personal or social separation (as between opposing factions)\nn. the act of making a sudden noisy break,"n. 破裂, 断裂, 裂开, 决裂, 不和\nv. (使)破裂",,1,,cet6 toefl ielts gre,18421,13956,d:ruptured/p:ruptured/i:rupturing/3:ruptures/s:ruptures,,
sacred,'seikrid,a. concerned with religion or religious purposes\ns. worthy of respect or dedication\ns. (often followed by `to') devoted exclusively to a single use or purpose or person,"a. 神圣的, 献给上帝的, 庄严的, 祭祀的\n[法] 神圣的, 不可侵犯的",,2,,gk cet4 cet6 ky toefl ielts gre,4692,3338,,,
sacrifice,'sækrifais,"n. personnel that are sacrificed (e.g., surrendered or lost in order to gain an objective)\nn. a loss entailed by giving up or selling something at less than its value\nn. the act of killing (an animal or person) in order to propitiate a deity\nn. (baseball) an out that advances the base runners","n. 牺牲, 供奉, 祭品\nvt. 牺牲, 祭祀, 贱卖\nvi. 献祭",,3,,gk cet4 cet6 ky ielts gre,5282,4068,s:sacrifices/d:sacrificed/i:sacrificing/p:sacrificed/3:sacrifices,,
safeguard,'seifgɑ:d,v. make safe\nv. escort safely,"n. 保卫, 保护措施, 防护设施\nvt. 保卫, 保护",,2,,cet6 ky ielts gre,6520,9121,s:safeguards/i:safeguarding/d:safeguarded/3:safeguards/p:safeguarded,,
sake,seik,n. a reason for wanting something done\nn. Japanese alcoholic beverage made from fermented rice; usually served hot\nn. the purpose of achieving or obtaining,"n. 目的, 缘故, 理由",,3,,cet4 cet6 ky toefl ielts,2534,3325,s:sakes,,
salute,sә'lu:t,n. an act of honor or courteous recognition\nn. a formal military gesture of respect\nn. an act of greeting with friendly words and gestures like bowing or lifting the hat\nv. greet in a friendly way,"vi. 行礼, 致意, 问候, 放礼炮\nvt. 向...致意, 迎接, 赞扬\nn. 招呼, 敬礼, 礼炮",,2,,gk cet4 cet6 ky ielts gre,11386,8974,p:saluted/3:salutes/i:saluting/d:saluted/s:salutes,,
salvation,sæl'veiʃә,n. a means of preserving from harm or unpleasantness\nn. the state of being saved or preserved from harm\nn. saving someone or something from harm or from an unpleasant situation,"n. 拯救, 救助, 救世",,2,,cet6 ky,5297,5519,,,
sample,'sæmpl,n. a small part of something intended as representative of the whole\nn. all or part of a natural object that is collected and preserved as an example of its class\nv. take a sample of,"n. 样品, 范例, 样本\nvt. 抽样, 尝试\n[计] 示例, 字样",,3,1,cet4 cet6 ky toefl ielts,1349,1311,s:samples/d:sampled/i:sampling/p:sampled/3:samples,,
sanction,'sæŋkʃәn,n. formal and explicit approval\nn. a mechanism of social control for enforcing a society's standards\nn. the act of final authorization\nv. give authority or permission to,"n. 核准, 制裁, 处罚, 约束力\nvt. 制定制裁规则, 认可, 核准, 同意",,4,,cet6 ky toefl ielts gre,4228,3217,s:sanctions/d:sanctioned/i:sanctioning/p:sanctioned/3:sanctions,,
saturate,'sætʃәreit,"v. cause (a chemical compound, vapour, solution, magnetic material) to unite with the greatest possible amount of another substance","vt. 使渗透, 浸透, 使充满, 使饱和\na. 浸透的, 饱和度高的, 深颜色的\nn. 饱和化合物, 饱和脂肪酸",,1,,cet6 ky toefl ielts gre,13741,11157,d:saturated/i:saturating/3:saturates/p:saturated/s:saturates,,
savage,'sævidʒ,n. a member of an uncivilized people\nv. attack brutally and fiercely\nv. criticize harshly or violently,"a. 未开化的, 野蛮的, 无礼的, 残酷的, 原始的, 粗鲁的, 未开发的\nvt. 用暴力对付, 凶猛攻击\nn. 原始人, 粗鲁人",,2,,gk cet6 ky ielts gre,7623,10011,s:savages/d:savaged/p:savaged/i:savaging/3:savages,,
scale,skeil,n. an ordered reference standard\nn. relative magnitude\nn. the ratio between the size of something and a representation of it\nn. a specialized leaf or bract that protects a bud or catkin,"n. 刻度, 衡量, 比例, 比例尺, 数值范围, 等级, 规模, 天平, 秤, 鳞, 积垢\nvt. 依比例决定, 攀登, 测量, 绘制, 刮鳞, 使生垢, 过秤\nvi. 剥落, 生水垢, 重量为, 攀登, 衡量\n[计] 刻度",,4,1,cet4 cet6 ky toefl ielts gre,1115,1223,s:scales/d:scaled/i:scaling/p:scaled/3:scales,,
scan,skæn,n. the act of scanning; systematic examination of a prescribed region\nn. an image produced by scanning\nv. examine minutely or intensely\nv. examine hastily,"n. 审视, 浏览, 扫描, 细查\nvt. 细看, 浏览, 扫描, 详细调查, 标出格律\nvi. 押韵, 扫描\n[计] 网络软件目录, 编码与分析系统",,2,,gk cet4 cet6 ky toefl ielts gre,5003,4031,i:scanning/p:scanned/d:scanned/s:scans/3:scans,,
scandal,'skændәl,n. disgraceful gossip about the private lives of other people\nn. a disgraceful event,"n. 丑闻, 中伤, 耻辱, 反感, 流言蜚语\n[法] 丑事, 丑闻, 干丑事的人",,3,,cet4 cet6 ky toefl ielts gre,3816,3052,s:scandals,,
scar,skɑ:,n. a mark left (usually on the skin) by the healing of injured tissue\nv. mark with a scar,"n. 疤痕, 伤痕, 悬崖\nvi. 结疤, 愈合, 痊愈\nvt. 使有伤痕",,2,,gk cet4 cet6 ky toefl ielts gre,7022,5026,s:scars/d:scarred/i:scarring/3:scars/p:scarred,,
scatter,'skætә,n. a haphazard distribution in all directions\nn. the act of scattering\nv. distribute loosely\nv. sow by scattering,"n. 消散, 分散, 散播, 散射, 散布, 酒馆\nvi. 散布, 散播, 消散\nvt. 使消散, 使分散, 撒, 散布, 散播, 散射\n[计] 散点图",,2,,cet4 cet6 ky toefl ielts gre,4116,3754,d:scattered/i:scattering/p:scattered/3:scatters,,
scent,sent,n. an odor left in passing by which a person or animal can be traced\nv. catch the scent of; get wind of,"n. 气味, 香味, 香水, 踪迹, 痕迹, 线索, 嗅觉\nvt. 闻出, 嗅, 发觉, 使充满气味\nvi. 嗅猎, 发出气味",,2,,cet4 cet6 ky toefl ielts,5433,4460,s:scents/d:scented/i:scenting/3:scents/p:scented,,
schedule,'skedʒuәl,n. an ordered list of times at which things are planned to occur\nv. plan for an activity or event\nv. make a schedule; plan the time and place for events,"n. 时间表, 一览表, 计划表, 议事日程\nvt. 预定, 编制目录, 制...表, 安排",,4,1,gk cet4 cet6 ky toefl ielts,2702,2144,d:scheduled/s:schedules/i:scheduling/p:scheduled/3:schedules,,
scheme,ski:m,n. an elaborate and systematic plan of action\nv. form intrigues (for) in an underhand manner\nv. devise a system or form a scheme for,"n. 方案, 计划, 组合, 系统, 图解, 诡计, 阴谋\nv. 计划, 设计, 图谋, 策划",,4,1,cet4 cet6 ky toefl ielts gre,587,3007,s:schemes/i:scheming/p:schemed/3:schemes/d:schemed,,
scope,skәup,"n. an area in which something acts or operates or has power or control: ""the range of a supersonic jet""","n. 范围, 机会, 广度, 眼界, 观察仪器, 导弹射程\n[计] 作用域",,2,,cet4 cet6 ky toefl gre,2487,3107,s:scopes,,
score,skɒ:,n. a written form of a musical composition; parts for different instruments appear on separate staves on large pages\nn. a number that expresses the accomplishment of a team or an individual in a game or contest\nn. a set of twenty members\nn. grounds,"n. 得分, 抓痕, 二十个, 刻痕, 帐目, 乐谱, 起跑线, 终点线, 大量\nvt. 刻划, 划线, 获得, 评价, 把...记下\nvi. 刻痕, 记分, 得分\n[计] 得分",,4,1,zk gk cet4 cet6 ky toefl ielts gre,1818,1070,p:scored/s:scores/d:scored/i:scoring/3:scores,,
scorn,skɒ:n,n lack of respect accompanied by a feeling of intense dislike\nn open disrespect for a person or thing\nv look down on with disdain\nv reject with contempt,"n. 轻蔑, 藐视, 嘲笑, 被嘲弄的人\nvt. 轻蔑, 不屑做",,1,,cet4 cet6 ky ielts gre,11677,11935,p:scorned/d:scorned/i:scorning/3:scorns/s:scorns,,
scramble,'skræmbl,n. an unceremonious and disorganized struggle\nv. to move hurriedly\nv. bring into random order\nv. make unintelligible,"n. 攀缘, 爬行, 抢夺, 混乱, 紧急起飞\nvi. 攀缘, 杂乱蔓延, 争夺, 拼凑, 匆忙\nvt. 攀登, 扰乱, 使混杂",,2,,cet6 ky toefl gre,6181,4326,p:scrambled/i:scrambling/d:scrambled/3:scrambles/s:scrambles,,
scrap,skræp,n. a small piece of something that is left over after the rest has been used\nv. make into scrap or refuse,"n. 碎片, 残余物, 些微, 片断, 铁屑, 吵架\nvt. 扔弃, 敲碎, 拆毁\nvi. 互相殴打\na. 零碎拼凑成的, 废弃的",,2,,cet6 ky toefl ielts gre,5535,5594,s:scraps/d:scrapped/i:scrapping/p:scrapped/3:scraps,,
scrape,skreip,n. a harsh noise made by scraping\nn. a deep bow with the foot drawn backwards (indicating excessive humility)\nv. scratch repeatedly\nv. make by scraping,"n. 刮, 擦, 挖, 擦痕, 刮擦声, 困境\nvi. 刮掉, 擦掉, 刮出刺耳声\nvt. 刮, 擦, 擦伤, 挖成, 积蓄",,2,,cet4 cet6 ky toefl ielts gre,5968,5494,p:scraped/i:scraping/d:scraped/s:scrapes/3:scrapes,,
scratch,skrætʃ,n. a competitor who has withdrawn from competition\nn. (golf) a handicap of zero strokes\nn. an indication of damage\nv. cut the surface of; wear away the surface of,"n. 抓痕, 搔, 抓, 擦伤, 刮擦声, 乱写, 零分, 起跑线\nvt. 搔, 抓, 挖出, 擦, 刮, 乱涂, 勾抹掉\nvi. 搔, 抓, 发刮擦声, 勉强糊口\na. 碰巧的, 凑合的, 打草稿用的\n[计] 擦除",,2,1,gk cet4 cet6 ky toefl ielts,5023,4644,i:scratching/p:scratched/s:scratches/d:scratched/3:scratches,,
screw,skru:,n. a simple machine of the inclined-plane type consisting of a spirally threaded cylindrical rod that engages with a similarly threaded hole\nn. a propeller with several angled blades that rotates to push against water or air\nn. a fastener with a tapered threaded shank and a slotted head\nv. turn like a screw,"n. 螺旋, 螺杆, 螺钉, 螺旋桨, 吝啬鬼\nvt. 调节, 扭紧, 旋, 拧, 加强, 压榨, 勒索\nvi. 转动, 旋, 拧",,2,1,cet4 cet6 ky toefl ielts gre,5393,4750,s:screws/p:screwed/i:screwing/d:screwed/3:screws,,
scrub,skrʌb,n. dense vegetation consisting of stunted trees or bushes\nn. the act of cleaning a surface by rubbing it with a brush and soap and water\nv. clean with hard rubbing\nv. wash thoroughly,"n. 用力擦洗, 矮树, 矮人, 渺小之物\nvt. 用力擦洗, 擦掉, 摩擦\nvi. 擦洗干净, 进行手臂消毒\na. 次等的, 矮小的, 非正规球队的, 临时凑合的",,2,,cet6 toefl gre,7929,7546,d:scrubbed/i:scrubbing/p:scrubbed/3:scrubs/s:scrubs,,
scrutiny,'skru:tini,n. a prolonged intense look,"n. 细看, 仔细检查, 监视, 选票检查\n[经] 复查, 评核, 仔细检查",,2,,cet6 ky toefl ielts,5038,4964,s:scrutinies,,
sculpture,'skʌlptʃә,n. a three-dimensional work of plastic art\nn. creating figures or designs in three dimensions,"n. 雕刻, 雕塑\nvt. 雕刻, 雕塑\nvi. 当雕刻师",,2,,gk cet6 ky toefl ielts,3734,3427,s:sculptures/d:sculptured/i:sculpturing/p:sculptured/3:sculptures,,
seam,si:m,n. joint consisting of a line formed by joining two pieces\nn. a stratum of ore or coal thick enough to be mined with profit\nv. put together with a seam,"n. 缝合线, 衔接口, 接缝, 线缝, 伤疤\nvt. 缝合, 接合, 焊合, 使留下伤痕\nvi. 裂开, 发生裂痕",,1,,cet6 ky toefl ielts gre,7180,8135,s:seams/p:seamed/d:seamed/i:seaming/3:seams,,
security,si'kjuriti,n. the state of being free from danger or injury\nn. defense against financial failure; financial independence\nn. freedom from anxiety or fear\nn. a formal declaration that documents a fact of relevance to finance and investment; the holder has a right to receive interest or dividends,"n. 安全, 安全性, 防护物, 保安, 可靠性, 担保人, 抵押品, 保证金\n[计] 安全性, 保密性, 安全检查程序",,5,1,gk cet4 cet6 ky toefl,632,661,s:securities,,
seemingly,'si:miŋli,r from appearances alone,"adv. 看来似乎, 表面上看来",,,,cet6 ky toefl ielts,4983,3541,,,
segment,'segmәnt,n. one of the parts into which something naturally divides\nv. divide into segments\nv. divide or split up,"n. 片段, 部分, 分节, 段\nv. 分割, 分裂\n[计] 段",,3,,cet4 cet6 ky toefl ielts gre,4404,2922,s:segments/d:segmented/i:segmenting/p:segmented/3:segments,,
segregate,'segrigeit,n. someone who is or has been segregated\nv. separate by race or religion; practice a policy of racial segregation\nv. divide from the main body or mass and collect,"a. 分离的, 被隔离的\nvi. 分离, 隔离, 分凝\nvt. 使分离, 使隔离",,,,cet6 ky toefl ielts,14472,12370,d:segregated/i:segregating/3:segregates/p:segregated,,
semester,si'mestә,n. one of two divisions of an academic year\nn. half a year; a period of 6 months,n. 学期,,,,cet4 cet6 ky toefl ielts,36683,5465,s:semesters,,
senator,'senәtә,n. a member of a senate,"n. 参议员, (某些大学的)理事\n[法] 参议员, 上议员",,3,1,cet6 ky toefl,6231,2769,s:senators,,
sensation,sen'seiʃәn,n. an unelaborated elementary awareness of stimulation\nn. a general feeling of excitement and heightened interest\nn. a state of widespread public excitement and interest,"n. 感觉, 轰动\n[医] 感觉",,2,,cet6 ky toefl gre,3737,4378,s:sensations,,
sensible,'sensәbl,a. able to feel or perceive\ns. readily perceived by the senses\ns. aware intuitively or intellectually of something sensed,"a. 有感觉的, 敏感的, 明智的\n[医] 可感觉的",,3,1,cet4 cet6 ky toefl ielts gre,2809,6126,,,
sensitive,'sensitiv,"a. responsive to physical stimuli\na. being susceptible to the attitudes, feelings, or circumstances of others\ns. hurting\ns. of or pertaining to classified information or matters affecting national security","a. 敏感的, 易感的, 灵敏的, 感光的\n[机] 敏感的, 灵敏的, 感度高的",,3,1,gk cet4 cet6 ky toefl ielts gre,2372,2506,s:sensitives,,
sentiment,'sentimәnt,"n. tender, romantic, or nostalgic feeling or emotion","n. 感情, 感伤, 情操, 情绪, 感想, 意见\n[医] 情感, 情操",,2,,cet6 ky ielts gre,5275,4051,s:sentiments,,
sequence,'si:kwәns,n. serial arrangement in which things follow in logical order or a recurrent pattern\nn. a following of one thing after another in time\nn. film consisting of a succession of related shots that develop a given subject in a movie\nn. several repetitions of a melodic phrase in different keys,"n. 序列, 续发事件, 顺序, 连续\nvt. 按顺序排好\n[计] 顺序",,2,,cet4 cet6 ky toefl ielts,1691,3143,s:sequences/d:sequenced/i:sequencing/p:sequenced/3:sequences,,
sergeant,'sɑ:dʒәnt,n. any of several noncommissioned officer ranks in the Army or Air Force or Marines ranking above a corporal,"n. 警察小队长, 军士",,2,,,2857,6639,s:sergeants,,
serial,'siәriәl,n. a serialized set of programs\na. pertaining to or composed in serial technique\na. pertaining to or occurring in or producing a series\ns. of or relating to the sequential performance of multiple operations,"n. 分期连载作品, 连载小说\na. 连续的, 一连串的, 连载的, 分期偿还的\n[计] 连续的; 串行的",,2,,ky ielts gre,7913,6852,s:serials/p:serialled,,
series,'siәri:z,n. similar things placed in order or happening one after another\nn. a periodical that appears at scheduled times\nn. (sports) several contests played successively by the same teams\nn. (electronics) connection of components in such a manner that current flows first through one and then through the other,"n. 串联, 序列, 连续, 系列, 丛书, 套, 级数, 组\n[计] 系列",,4,1,cet4 cet6 ky ielts,699,718,,,
setback,'setbæk,n an unfortunate happening that hinders or impedes; something that is thwarting or frustrating,"n. 挫折, 退步, 逆流",,2,,cet6 ky ielts gre,7727,7298,s:setbacks,,
settle,'setl,"n. a long wooden bench with a back\nv. settle into a position, usually on a surface or ground\nv. settle conclusively; come to terms\nv. take up residence and become established","n. 有背长椅\nvt. 决定, 整理, 安放, 使定居, 使平静, 支付, 安排, 解决, 结算\nvi. 停留, 下陷, 沉淀, 澄清, 安下心来, 结清, 定居, 安家",,4,1,gk cet4 cet6 ky ielts gre,1295,1316,d:settled/p:settled/i:settling/3:settles,,
settlement,'setlmәnt,n. a conclusive resolution of a matter and disposition of it\nn. something settled or resolved; the outcome of decision making\nn. an area where a group of families live together,"n. 安顿, 解决, 处理, 结算, 殖民, 殖民地, 沉降\n[医] 居住区; 沉渣",,4,,gk cet4 cet6 ky ielts,1600,2167,s:settlements,,
severe,si'viә,s. intensely or extremely bad or unpleasant in degree or quality\ns. unsparing and uncompromising in discipline or judgment\ns. very bad in degree or extent,"a. 严格的, 尖锐的, 严肃的, 严重的, 严厉的, 朴素的\n[法] 严厉的, 苛刻的, 严重的",,4,1,gk cet4 cet6 ky toefl ielts gre,1923,2330,t:severest/r:severer,,
shabby,'ʃæbi,s. mean and unworthy and despicable,"a. 衣衫褴褛的, 低劣的, 破旧的, 吝啬的, 卑鄙的",,1,,gk cet6 ky toefl ielts gre,10226,10996,r:shabbier/t:shabbiest,,
shaft,ʃæft,n. a line that forms the length of an arrow pointer\nn. a long rod or pole (especially the handle of an implement or the body of a weapon like a spear or arrow)\nn. a vertical passageway through a building (as for an elevator)\nn. (architecture) upright consisting of the vertical part of a column,"n. 轴, 箭杆, 矛, 矿井\nvt. 装杆于, 利用",,2,,cet6 ky toefl ielts,4733,5366,s:shafts/i:shafting/p:shafted/d:shafted/3:shafts,,
shark,ʃɑ:k,n. any of numerous elongate mostly marine carnivorous fishes with heterocercal caudal fins and tough skin covered with small toothlike scales\nn. a person who is ruthless and greedy and dishonest\nn. a person who is unusually skilled in certain ways\nv. play the shark; act with trickery,"n. 鲨鱼, 骗子\nv. 诈骗",,1,,gk cet6 ky,7971,4438,s:sharks/i:sharking/p:sharked/3:sharks/d:sharked,,
shatter,'ʃætә,v. break into many pieces\nv. damage or destroy\nv. cause to break into many pieces,"n. 碎片, 粉碎, 落叶, 喷洒\nvt. 打碎, 使散开, 粉碎, 破坏\nvi. 粉碎, 损坏, 脱落",,1,,cet6 ky toefl ielts,5979,5453,d:shattered/p:shattered/i:shattering/3:shatters,,
shed,ʃed,"n. an outbuilding with a single story; used for shelter or storage\nv. get rid of\nv. cast off hair, skin, horn, or feathers","n. 车棚, 小屋, 脱落之物, 分水岭\nvt. 使流出, 放射, 脱落, 散发, 摆脱\nvi. 流出, 散布, 脱落",,3,,cet4 cet6 ky toefl ielts gre,4479,4356,s:sheds/d:shed/0:shed/1:dp/i:shedding/p:shed/3:sheds,,
sheer,ʃiә,v. cause to sheer\nr. straight up or down without a break\nr. directly,"a. 绝对的, 全然的, 纯粹的, 透明的, 峻峭的\nvi. 偏转, 偏航\nvt. 使急转向, 使偏航\nadv. 完全, 全然, 峻峭\nn. 偏航",,2,,cet6 ky toefl ielts gre,3368,4198,s:sheers/p:sheered/i:sheering/3:sheers/d:sheered,,
shepherd,'ʃepәd,"n. a clergyman who watches over a group of people\nv. watch over like a shepherd, as a teacher of her pupils\nv. tend as a shepherd, as of sheep or goats","n. 牧羊人, 牧羊犬, 牧师, 保护者\nvt. 看守, 领导, 指导, 牧羊",,2,,cet4 cet6 ky toefl ielts,6385,8911,s:shepherds/p:shepherded/d:shepherded/i:shepherding/3:shepherds,,
shield,'ʃi:ld,"n. a protective covering or structure\nn. armor carried on the arm to intercept blows\nv. protect, hide, or conceal from danger or harm","n. 盾, 防卫物, 保护者, 屏蔽\nvt. 保护, 遮蔽, 屏蔽, 庇护, 挡开, 避开\nvi. 起保护作用",,2,,cet4 cet6 ky toefl ielts gre,4113,5606,s:shields/i:shielding/d:shielded/3:shields/p:shielded,,
shipment,'ʃipmәnt,n goods carried by a large vehicle\nn the act of sending off something,"n. 装船, 出货\n[经] 运送, 运送(寄出)货物, 装载",,2,,cet6 ky toefl,8047,6962,s:shipments,,
shove,ʃʌv,n. the act of shoving (giving a push to someone or something)\nv. push roughly,"n. 推, 挤\nvt. 推挤, 猛推, 强使\nvi. 推",,2,,cet6 ky toefl gre,6604,4384,p:shoved/i:shoving/d:shoved/3:shoves/s:shoves,,
shrewd,ʃru:d,s marked by practical hardheaded intelligence\ns used of persons,"a. 精明的, 锐利的, 剧烈的, 机灵的, 厉害的",,1,,cet6 ky toefl ielts gre,8648,11036,r:shrewder/t:shrewdest,,
shrink,ʃriŋk,"v. reduce in size; reduce physically\nv. become smaller or draw together\nv. decrease in size, range, or extent","n. 收缩, 萎缩, 回避\nvi. 收缩, 退缩, 萎缩, 缩小, 回避\nvt. 使收缩, 使缩小",,2,,gk cet4 cet6 ky toefl ielts gre,5528,4474,p:shrank/d:shrunk/i:shrinking/3:shrinks/s:shrinks,,
shrub,ʃrʌb,n. a low woody perennial plant usually having several major stems,"n. 矮树, 灌木, 果汁甜酒",,2,,cet6 toefl ielts gre,6140,7153,s:shrubs,,
shrug,ʃrʌg,n. a gesture involving the shoulders\nv. raise one's shoulders to indicate indifference or resignation,n. 耸肩\nv. 耸肩,,2,,cet4 cet6 ky ielts gre,2865,3191,p:shrugged/i:shrugging/3:shrugs/d:shrugged/s:shrugs,,
shutter,'ʃʌtә,n. a mechanical device on a camera that opens and closes to control the time of a photographic exposure\nn. a hinged blind for a window\nv. close with shutters,"n. 百叶窗, 关闭物, 照相机快门, 关闭者\nvt. 为...装百叶窗, 以百叶窗遮闭",,1,,cet6 ky toefl ielts,8832,9012,s:shutters/i:shuttering/p:shuttered/3:shutters/d:shuttered,,
shuttle,'ʃʌtl,n. public transport that consists of a bus or train or airplane that plies back and forth between two points\nn. bobbin that passes the weft thread between the warp threads\nv. travel back and forth between two points,"n. 穿梭, 梭子, 往返移动之物\nv. (使)穿梭移动, 往返运送",,2,,gk cet4 cet6 ky toefl ielts gre,8928,3810,s:shuttles/i:shuttling/p:shuttled/d:shuttled/3:shuttles,,
siege,si:dʒ,n. the action of an armed force that surrounds a fortified place and isolates it while continuing to attack,"n. 包围, 围攻, 再三的努力\nvt. 包围, 围攻",,2,,cet6 ky toefl ielts gre,6091,6774,s:sieges,,
sieve,siv,n. a strainer for separating lumps from powdered material or grading particles\nv. check and sort carefully\nv. distinguish and separate out,"n. 筛子, 滤网\nvt. 筛, 滤",,1,,toefl ielts,15525,17578,s:sieves/d:sieved/i:sieving/p:sieved/3:sieves,,
signal,'signl,n. any nonverbal action or gesture that encodes a message\nn. any incitement to action\nn. an electric quantity (voltage or current or field strength) whose modulation represents coded information about the source from which it comes\ns. notably out of the ordinary,"n. 信号, 暗号, 近因, 导火线\nvt. 向...作信号, 标志, 用信号通知\nvi. 发信号\na. 作为信号的, 显著的\n[计] 信号",,3,1,gk cet4 cet6 ky ielts gre,1960,2078,s:signals/p:signalled/d:signalled/i:signalling/3:signals,,
significant,sig'nifikәnt,a. important in effect or meaning\ns. fairly large\na. too closely correlated to be attributed to chance and therefore indicating a systematic relation,"a. 重要的, 有效的, 有含义的, 暗示的, 值得注意的",,4,1,cet4 cet6 ky toefl ielts gre,841,719,,,
signify,'signifai,v. convey or express a meaning\nv. make known with a word or signal,"vt. 象征, 预示\nvi. 要紧, 重要",,1,,cet6 ky toefl ielts gre,6005,6690,3:signifies/p:signified/i:signifying/d:signified,,
silicon,'silikәn,n. a tetravalent nonmetallic element; next to oxygen it is the most abundant element in the earth's crust; occurs in clay and feldspar and granite and quartz and sand; used as a semiconductor in transistors,n. 硅\n[化] 硅Si,,1,,cet6 ky,8279,8531,d:siliconed/p:siliconed/i:siliconing,,
similar,'similә,a. marked by correspondence or resemblance\ns. (of words) expressing closely related meanings,"a. 相似的, 类似的\nn. 相似的东西",,4,1,zk gk ielts,543,720,,,
simulate,'simjuleit,v. make a pretence of,"vt. 模拟, 假装, 模仿\n[法] 伪装的, 模拟的; 假装的, 伪装的, 冒充",,1,,cet6 ky toefl ielts gre,9883,7892,i:simulating/d:simulated/3:simulates/p:simulated,,
simultaneous,.simәl'teinjәs,s occurring or operating at the same time,"a. 同时的, 同时发生的\n[计] 同时的",,2,,cet6 ky toefl ielts gre,7876,8695,,,
sip,sip,n. a small drink\nv. drink in sips,"n. 啜饮, 小口喝, 抿\nvi. 啜饮\nvt. 啜\n[计] 单列直插式组件",,2,,ky gre,5867,5716,p:sipped/i:sipping/s:sips/3:sips/d:sipped,,
situated,'sitjueitid,"v determine or indicate the place, site, or limits of, as if by an instrument or by a survey\nv put (something somewhere) firmly\ns situated in a particular spot or position","a. 位于...的, 坐落在...的, 处于某种境地的\n[法] 坐落...的, 位于...的, 处于某种境地的",,2,,cet6 ky ielts,0,35216,1:dp/0:situate/d:situated,,
skeleton,'skelәtn,n. something reduced to its minimal form\nn. a scandal that is kept secret\nn. the internal supporting structure that gives an artifact its shape,"n. 骨骼, 骨瘦如柴的人, 梗概, 骨干, 残骸\na. 骨骼的, 概略的, 基层的, 骨干的\n[计] 骨架",,2,,cet6 ky toefl ielts gre,5954,6474,s:skeletons,,
skeptical,'skeptikәl,s denying or questioning the tenets of especially a religion\ns marked by or given to doubt,"a. 怀疑论的, 怀疑的, 不可知论的\n[法] 怀疑的, 不信的, 怀疑论者的",,,,cet6 ky toefl,0,4963,,,
skip,skip,n. a gait in which steps and hops alternate\nv. bound off one point after another,"n. 跳跃, 跳读\nvi. 跳越, 跳读, 跳绳, 遗漏, 跳级\nvt. 跳过, 遗漏\n[计] 跳过",,2,,gk cet6 ky toefl ielts,6911,4519,p:skipped/i:skipping/s:skips/d:skipped/3:skips,,
skull,skʌl,n. the bony skeleton of the head of vertebrates,"n. 头盖骨, 头脑, 好学生\n[医] 头颅",,2,,ky toefl,4520,4244,s:skulls,,
slack,slæk,n. dust consisting of a mixture of small coal fragments and coal dust and dirt that sifts out when coal is passed over a sieve\nn. a stretch of water without current or movement\nn. the quality of being loose (not taut)\nn. a cord or rope or cable that is hanging loosely,"n. 松弛, 松懈, 淡季, 闲散, 家常裤\na. 松弛的, 不流畅的, 疏忽的, 无力的, 呆滞的, 软弱的, 漏水的\nadv. 马虎地, 缓慢地\nvt. 放松, 使缓慢\nvi. 松懈, 减弱, 松弛",,1,,cet6 ky ielts gre,11676,6983,s:slacks/r:slacker/i:slacking/t:slackest/p:slacked/3:slacks/d:slacked,,
slap,slæp,"n. a blow from a flat object (as an open hand)\nv. hit with something flat, like a paddle or the open hand","n. 掴, 掌击, 侮辱, 拍击声\nv. 拍击, 惩罚\nadv. 正面地, 直接地, 突然地",,2,,cet6 ky toefl ielts,5686,4086,p:slapped/i:slapping/d:slapped/3:slaps/s:slaps,,
slash,slæʃ,n. an open tract of land in a forest that is strewn with debris from logging (or fire or wind)\nn. a strong sweeping cut made with a sharp instrument\nv. cut with sweeping strokes; as with an ax or machete\nv. cut open,"v. 猛砍, 乱砍\nn. 猛砍, 乱砍, 删减\n[计] 斜线",,2,,toefl,7123,5955,d:slashed/i:slashing/p:slashed/3:slashes/s:slashes,,
slaughter,'slɒ:tә,n. the killing of animals (as for food)\nn. the savage and excessive killing of many people,"n. 残杀, 屠杀, 杀戮\nvt. 残杀, 屠杀, 亏本出售",,2,,cet6 ky ielts gre,8774,8340,d:slaughtered/i:slaughtering/p:slaughtered/3:slaughters/s:slaughters,,
slice,slais,n. a share of something\nn. a golf shot that curves to the right for a right-handed golfer\nn. a thin flat piece cut off of some object\nn. a spatula for spreading paint or ink,"n. 薄的切片, 一部分, 菜刀\nvt. 切成薄片, 切下\nvi. 切\n[计] 片",,3,1,gk cet4 cet6 ky toefl ielts gre,4346,3333,s:slices/i:slicing/p:sliced/d:sliced/3:slices,,
slick,slik,n. a magazine printed on good quality paper\nn. a film of oil or garbage floating on top of water\nn. a trowel used to make a surface slick\nv. make slick or smooth,"a. 光滑的, 熟练的, 聪明的, 华而不实的, 老套的, 陈腐的\nadv. 灵活地, 聪明地\nvt. 使光滑, 使漂亮\nvi. 打扮整洁\nn. 光滑平面, 平滑器, 修光工具",,2,,gre,14127,7846,s:slicks/p:slicked/d:slicked/r:slicker/i:slicking/t:slickest/3:slicks,,
slide,slaid,n. a small flat rectangular piece of glass on which specimens can be mounted for microscopic study\nn. (geology) the descent of a large mass of earth or rocks or snow etc.\nn. plaything consisting of a sloping chute down which children can slide\nn. the act of moving smoothly along a surface while remaining in contact with it,"n. 滑, 滑道, 山崩, 雪崩, 幻灯片\nvt. 使滑动, 偷偷放入\nvi. 滑动, 滑落, 不知不觉陷入, 偷偷地走",,3,1,gk cet4 cet6 ky toefl ielts,2704,2174,p:slid/s:slides/i:sliding/3:slides/d:slid,,
slight,slait,"v. pay no attention to, disrespect","n. 轻蔑, 怠慢\na. 轻微的, 纤细的, 脆弱的, 苗条的\nvt. 轻视, 忽略, 怠慢",,3,1,gk cet4 cet6 ky toefl ielts gre,2237,2982,t:slightest/r:slighter/s:slights/d:slighted/p:slighted/i:slighting/3:slights,,
slip,slip,n. a minor inadvertent mistake usually observed in speech or writing or in small accidents or memory lapses etc.\nn. potter's clay that is thinned and used for coating or decorating ceramics\nn. a young and slender person\nn. an accidental misstep threatening (or causing) a fall,"n. 滑, 滑行, 事故, 溜, 差错, 滑台, 下降, 插条, 后裔, 板条, 瘦长的年轻人\nvi. 滑动, 滑倒, 失足, 溜走, 滑落, 犯错, 变坏\nvt. 使滑动, 滑过, 摆脱, 闪开, 塞入, 从...取接枝\na. 滑动的, 滑移的, 活络的, 有活结的\n[计] 串行线接口协议",,4,1,gk cet4 cet6 ky toefl ielts,1814,1786,p:slipped/i:slipping/d:slipped/s:slips/3:slips,,
slippery,'slipәri,a. causing or tending to cause things to slip or slide\ns. not to be trusted,"a. 滑的, 光滑的, 靠不住的, 圆滑的, 不稳固的\n[法] 狡猾的, 不可靠的, 不安定的",,1,,cet4 cet6 ky toefl ielts gre,8641,7707,,,
slogan,'slәugәn,n a favorite saying of a sect or political group,"n. 呐喊声, 标语, 口号",,2,,cet4 cet6 ky toefl ielts,6405,6076,s:slogans/p:sloganned,,
slope,slәup,n. an elevated geological formation\nv. be at an angle,"n. 倾斜, 斜坡, 斜率, 扛枪姿势\nvt. 使倾斜, 弄斜, 扛\nvi. 倾斜, 走, 逃走",,2,1,cet4 cet6 ky toefl ielts,3119,3434,s:slopes/p:sloped/i:sloping/3:slopes/d:sloped,,
slot,slɒt,n. a position in a grammatical linguistic construction in which a variety of alternative units are interchangeable\nn. a small slit (as for inserting a coin or depositing mail)\nn. a position in a hierarchy or organization\nn. the trail of an animal (especially a deer),"n. 水沟, 细长孔, 硬币投币口, 缝, 狭槽, 狭通道, 位置, 一档(广播节目等)\nvt. 开槽于, 把...纳入机构\n[计] 槽; 存储槽",,2,,cet6 ky ielts gre,5604,4842,s:slots/d:slotted/p:slotted/3:slots/i:slotting,,
slum,slʌm,"n. a district of a city marked by poverty and inferior living conditions\nv. spend time at a lower socio-economic level than one's own, motivated by curiosity or desire for adventure; usage considered condescending and insensitive",n. 贫民窟\nvi. 访问贫民区,,1,,cet4 cet6 ky toefl ielts,8570,9642,s:slums/i:slumming/p:slummed/3:slums/d:slummed,,
slump,slʌmp,n. a noticeable deterioration in performance or quality\nv. assume a drooping posture or carriage\nv. fall or sink heavily\nv. fall heavily or suddenly; decline markedly,"n. 暴跌, 垂头弯腰的姿态\nvi. 猛然掉落, 陷入, 衰落(经济等)",,2,,toefl gre,6160,6804,p:slumped/d:slumped/i:slumping/s:slumps/3:slumps,,
smash,smæʃ,"n. a serious collision (especially of motor vehicles)\nv. hit hard\nv. break into pieces, as by striking or knocking over\nv. hit violently","n. 打碎, 粉碎, 打碎时哗啦声, 猛击, 扣球, 杀球, 经营失败, 破产, 硬币, 假硬币\na. 非常轰动的, 了不起的\nvt. 打碎, 粉碎, 击溃, 使破产, 使裂变, 使用假硬币\nvi. 碎裂, 猛撞, 破产, 扣球, 杀球\nadv. 轰隆一声, 哗啦一声",,3,1,cet4 cet6 ky toefl ielts,4350,5113,p:smashed/d:smashed/i:smashing/3:smashes/s:smashes,,
smuggle,'smʌgl,v. import or export without paying customs duties,"vt. 偷运, 走私, 私运\nvi. 走私",,2,,cet6 ky toefl ielts gre,9577,8668,d:smuggled/p:smuggled/i:smuggling/3:smuggles,,
snack,snæk,n a light informal meal\nv eat a snack; eat lightly,"n. 小吃, 点心, 快餐\nvi. 吃零食, 吃快餐",,2,,gk cet6 ky ielts,7131,5187,s:snacks/i:snacking/3:snacks/d:snacked/p:snacked,,
snatch,snætʃ,n. a small fragment\nn. a weightlift in which the barbell is lifted overhead in one rapid motion\nv. to grasp hastily or eagerly\nv. to make grasping motions,"n. 抢夺, 攫取, 片断\nvt. 夺取, 攫取\nvi. 想抢走, 攫取",,2,,gk cet6 ky ielts gre,5049,6071,p:snatched/i:snatching/d:snatched/s:snatches/3:snatches,,
sneak,sni:k,"n. a person who is regarded as underhanded and furtive and contemptible\nv. to go stealthily or furtively\nv. put, bring, or take in a secretive or furtive manner","vi. 鬼鬼祟祟做事\nvt. 偷偷地做\nn. 鬼鬼祟祟的人, 偷偷摸摸的行为, 帆布胶底运动鞋\na. 暗中进行的",,2,,cet6 ky toefl,8704,4557,p:sneaked/i:sneaking/d:sneaked/3:sneaks/s:sneaks,,
sniff,snif,n. sensing an odor by inhaling through the nose\nv. perceive by inhaling through the nose\nv. inhale audibly through the nose,"n. 以鼻吸气, 嗅, 气息\nvi. 嗅, 蔑视, 嗤之以鼻\nvt. 闻, 用力吸, 发觉",,2,,gk cet6 ky toefl,5455,5870,p:sniffed/i:sniffing/d:sniffed/3:sniffs/s:sniffs,,
soar,sɒ:,n. the act of rising upward into the air\nv. rise rapidly\nv. fly upwards or high in the sky\nv. go or move upward,"n. 高扬, 翱翔\nvi. 往上飞舞, 高耸, 翱翔",,2,,cet6 ky ielts gre,5684,4707,p:soared/i:soaring/d:soared/3:soars,,
sober,'sәubә,v. cause to become sober\na. not affected by a chemical substance (especially alcohol),"a. 未醉的, 稳重的, 节制的, 严肃的, 不夸大的, 合理的, 朴素的\nvt. 使醒酒, 使严肃\nvi. 从醉里醒来, 变严肃",,2,,cet4 cet6 ky toefl ielts gre,7671,7423,p:sobered/3:sobers/d:sobered/i:sobering,,
sociology,.sәusi'ɒlәdʒi,n. the study and classification of human societies,n. 社会学\n[医] 社会学,,2,,cet6 ky ielts,3612,8002,s:sociologies,,
solemn,'sɒlәm,s dignified and somber in manner or character and committed to keeping promises\ns characterized by a firm and humorless belief in the validity of your opinions,"a. 严肃的, 郑重的, 庄严的",,2,,cet4 cet6 ky toefl ielts gre,8599,9168,,,
solicitor,sә'lisitә,n. a petitioner who solicits contributions or trade or votes\nn. a British lawyer who gives legal advice and prepares legal documents,"n. (英)律师, 初级律师, (美)法务官, (美)掮客, 游说者, (美)募捐者\n[经] 募损者, 律师",,3,,toefl,1625,17384,s:solicitors,,
solidarity,.sɒli'dæriti,n. a union of interests or purposes or sympathies among members of a group,"n. 团结, 团结一致, 共同一致\n[法] 团结, 共同责任",,2,,cet6 ky toefl ielts gre,5414,6213,s:solidarities,,
solitary,'sɒlitәri,n confinement of a prisoner in isolation from other prisoners\nn one who lives in solitude\ns characterized by or preferring solitude\ns of plants and animals; not growing or living in groups or colonies\ns lacking companions or companionship\ns being the only one; single and isolated from others\ns devoid of creatures,"n. 独居者\na. 孤独的, 独居的",,1,,cet6 ky toefl ielts gre,6062,6798,s:solitaries,,
solo,'sәulәu,"n. any activity that is performed alone without assistance\nn. a musical composition for one voice or instrument (with or without accompaniment)\nn. a flight in which the aircraft pilot is unaccompanied\nv. fly alone, without a co-pilot or passengers","n. 独奏, 独唱, 单独表演\na. 单独的, 独奏的, 独唱的\nvi. 放单飞",,2,,cet6 ky toefl ielts gre,5175,5164,s:solos/i:soloing/p:soloed/3:solos/d:soloed,,
soluble,'sɒljubl,a. (of a substance) capable of being dissolved in some solvent (usually water)\na. susceptible of solution or of being solved or explained,"a. 溶解的, 可溶解的, 可以解决的\n[医] 溶解的, 可溶的",,1,,cet4 cet6 ky toefl ielts gre,12780,18497,s:solubles,,
solution,sә'lu:ʃәn,n. a homogeneous mixture of two or more substances; frequently (but not necessarily) a liquid solution\nn. a statement that solves a problem or explains how to solve the problem\nn. a method for solving a problem\nn. the set of values that give a true statement when substituted into an equation,"n. 解决, 解答, 溶液\n[化] 溶液",,4,1,cet4 cet6 ky toefl ielts,1058,1221,s:solutions,,
sophisticated,sә'fistikeitid,a. having or appealing to those having worldly knowledge and refinement and savoir-faire\ns. intellectually appealing,"a. 复杂的, 久经世故的\n[法] 尖端的, 高级的, 非常有经验的",,3,,cet4 cet6 ky toefl ielts gre,3019,3077,1:dp/0:sophisticate,,
sour,'sauә,n. a cocktail made of a liquor (especially whiskey or gin) mixed with lemon or lime juice and sugar\nn. the taste experience when vinegar or lemon juice is taken into the mouth\nv. go sour or spoil\nv. make sour or more sour,"a. 酸的, 酸臭的, 发酵的, 愠怒的, 讨厌的, 拙劣的, 不健全的\nvi. 变酸, 发酵, 厌烦, 变坏\nvt. 使变酸, 使失望\nn. 酸味, 酸饮料",,2,1,zk gk cet4 cet6 ky toefl ielts,7745,5281,d:soured/p:soured/3:sours/i:souring/r:sourer/t:sourest,,
sovereign,'sɒvrin,n. a nation's ruler or head of state usually by hereditary right\ns. greatest in status or authority or power,"n. 元首, 独立国\na. 具有主权的, 至高无上的, 国王的, 完全的",,2,,cet6 ky toefl ielts gre,7133,8038,s:sovereigns,,
spacious,'speiʃәs,s very large in expanse or scope\ns (of buildings and rooms) having ample space,"a. 广大的, 宽广的",,1,,cet6 ky toefl ielts gre,7068,8653,,,
span,spæn,n. the complete duration of something\nn. the distance or interval between two points\nn. a unit of length based on the width of the expanded human hand (usually taken as 9 inches),"n. 指距, 全长, 跨距, 一段时间, 小范围\nvt. 以手指测量, 跨越, 架设, 持续",,2,,cet4 cet6 ky toefl ielts gre,6903,5718,i:spanning/p:spanned/3:spans/s:spans/d:spanned/0:span/1:dp,,
sparkle,'spɑ:kl,n. merriment expressed by a brightness or gleam or animation of countenance\nv. reflect brightly\nv. be lively or brilliant or exhibit virtuosity,"n. 闪耀, 火花, 活力, 发泡\nvi. 闪耀, 冒火花\nvt. 使闪耀",,2,,cet4 cet6 ky ielts,8882,10602,p:sparkled/i:sparkling/3:sparkles/s:sparkles/d:sparkled,,
specialist,'speiʃәlist,n. an expert who is devoted to one occupation or branch of learning\nn. practices one branch of medicine,"n. 专门医师, 专家\na. 专业的, 专家的",,3,1,gk cet4 cet6 ky,1808,2546,s:specialists,,
specialty,'speʃәlti,n an asset of special worth or utility\nn a distinguishing trait\nn the special line of work you have adopted as your career,"n. 专业, 专长, 特产, 特制品, 特性, 特点\na. 专门的, 独立的",,1,,toefl,17206,4553,s:specialties,,
species,'spi:ʃiz,n. (biology) taxonomic group whose members can interbreed\nn. a specific kind of something,"n. 种, 类, 外形\n[医] 茶剂; 种",,3,,cet4 cet6 ky toefl ielts,1044,1141,,,
specific,spi'sifik,n. a medicine that has a mitigating effect on a specific disease\na. (sometimes followed by `to') applying to or characterized by or distinguishing something particular or special or unique\ns. stated explicitly or in detail\na. relating to or distinguishing or constituting a taxonomic species,"n. 特效药, 特性\na. 特殊的, 明确的, 具有特效的, 特定地, 具体地",,4,1,gk cet4 cet6 ky toefl ielts,882,979,s:specifics,,
specification,.spesifi'keiʃәn,n. a detailed description of design criteria for a piece of work\nn. naming explicitly\nn. (patent law) a document drawn up by the applicant for a patent of invention that provides an explicit and detailed description of the nature and use of an invention,"n. 规格, 详述, 详细说明书\n[计] 规范; 形式说明; 说明; 说明书; 规格",,1,,cet6 ky toefl ielts,3458,7835,s:specifications,,
spectacle,'spektәkl,n. something or someone seen (especially a notable or unusual sight)\nn. an elaborate and remarkable display on a lavish scale\nn. a blunder that makes you look ridiculous; used in the phrase `make a spectacle of' yourself,"n. 引人羡慕的东西, 景象, 眼镜, 场面, 公开展示",,2,,cet4 cet6 ky toefl ielts,5014,5857,s:spectacles/p:spectacled,,
spectator,spek'teitә,n. a close observer; someone who looks at something (such as an exhibition of some kind),"n. 观众, 目击者, 旁观者",,2,,cet6 ky toefl ielts gre,5037,5215,s:spectators,,
spectrum,'spektrәm,n. an ordered array of the components of an emission or wave\nn. a broad range of related objects or values or qualities or ideas or activities,"n. 光谱, 范围, 系列\n[化] 光谱",,2,,cet6 ky toefl ielts gre,3581,3893,s:spectra,,
speculate,'spekjuleit,"v. to believe especially on uncertain or tentative grounds\nv. talk over conjecturally, or review in an idle or casual way and with an element of doubt or without sufficient reason to reach a conclusion\nv. invest at a risk","vi. 深思, 推测, 投机\n[经] 投机",,3,,cet6 ky toefl ielts gre,6395,4809,i:speculating/p:speculated/d:speculated/3:speculates,,
spice,spais,n. aromatic substances of vegetable origin used as a preservative\nn. any of a variety of pungent aromatic vegetable substances used for flavoring food\nv. make more interesting or flavorful,"n. 香料, 药料, 香气, 调味品, 情趣, 少许\nvt. 加香料, 使添趣味",,2,1,cet6,7749,5640,s:spices/p:spiced/d:spiced/3:spices/i:spicing,,
spine,spain,n. a small sharp-pointed tip resembling a spike on a stem or leaf\nn. the part of a book's cover that encloses the inner side of the book's pages and that faces outward when the book is shelved\nn. a sharp rigid animal process or appendage; as a porcupine quill or a ridge on a bone or a ray of a fish fin,"n. 背骨, 脊柱, 尖刺\n[医] 脊柱; 棘, 刺; 马蹄嵴",,2,,ky toefl,4409,4904,s:spines,,
spiral,'spairәl,n. a plane curve traced by a point circling about the center but at increasing distances from the center\nn. a continuously accelerating change in the economy\nn. ornament consisting of a curve on a plane that winds around a center with an increasing distance from the center\nn. flying downward in a helical path with a large radius,"n. 螺旋形之物, 螺线\na. 螺旋形的, 盘旋的\nvi. 螺旋形下降, 螺旋形上升, 螺旋形行进\nvt. 使螺旋形行进",,2,,cet6 ky toefl ielts,8551,8028,s:spirals/i:spiralling/p:spiralled/3:spirals/d:spiralled,,
spite,spait,n feeling a need to see others suffer\nn malevolence by virtue of being malicious or spiteful or nasty\nv hurt the feelings of,"n. 恶意, 怨恨, 使人烦恼的事物\nvt. 故意刁难, 欺侮",,3,1,cet4 cet6 ky gre,14563,4179,i:spiting/p:spited/3:spites/d:spited,,
splash,splæʃ,n. the sound like water splashing\nn. a patch of bright color\nn. the act of scattering water about haphazardly\nv. mark or overlay with patches of contrasting color or texture; cause to appear splashed or spattered,"n. 飞溅, 污点, 一点儿, 溅泼声, 色斑\nvi. 溅湿, 溅开, 飞溅\nvt. 溅, 泼, 使溅起水, 洒, 使成斑驳状",,2,,cet4 cet6 ky toefl ielts,6624,6696,i:splashing/p:splashed/d:splashed/s:splashes/3:splashes,,
spoil,spɒil,n. (usually plural) valuables taken by violence (especially in war)\nn. the act of spoiling something by causing damage to it\nn. the act of stripping and taking by force\nv. become unfit for consumption or use,"n. 战利品, 赃物, 奖品, 变质, 次品\nvt. 损坏, 破坏, 溺爱\nvi. 腐坏, 掠夺",,2,1,cet4 cet6 ky toefl ielts gre,4282,6411,d:spoiled/i:spoiling/s:spoils/3:spoils/p:spoiled,,
sponge,spʌndʒ,"n. a porous mass of interlacing fibers that forms the internal skeleton of various marine animals and usable to absorb water or any porous rubber or cellulose product similarly used\nn. primitive multicellular marine animal whose porous body is supported by a fibrous skeletal framework; usually occurs in sessile colonies\nv. wipe with a sponge, so as to clean or moisten\nv. erase with a sponge; as of words on a blackboard","n. 海绵, 海绵状的东西\nvt. 用海绵擦拭, 吸收掉, 抹掉\nvi. 采集海绵, 海绵般吸收",,1,,cet4 cet6 ky toefl ielts,7966,9290,s:sponges/p:sponged/d:sponged/3:sponges/i:sponging,,
spontaneous,spɒn'teiniәs,a. happening or arising without apparent external cause,"a. 自然的, 自发的, 未经琢磨的\n[医] 自发的, 特发的, 自生的",,2,,cet4 cet6 ky toefl ielts gre,5599,6576,,,
spouse,spauz,n. a person's partner in marriage,n. 配偶,,2,,cet6 ky toefl ielts,6100,3777,s:spouses,,
sprinkle,'spriŋkl,"n. the act of sprinkling or splashing water\nv. cause (a liquid) to spatter about, especially with force\nv. rain gently\nv. scatter with liquid; wet lightly","vt. 洒, 散置, 撒, 点缀\nvi. 洒, 撒, 下小雨\nn. 洒, 撒, 散置, 小雨, 少量",,2,,cet4 cet6 ky,7937,4663,d:sprinkled/p:sprinkled/i:sprinkling/3:sprinkles/s:sprinkles,,
spy,spai,"n. (military) a secret agent hired by a state to obtain information about its enemies or by a business to obtain industrial secrets from competitors\nn. a secret watcher; someone who secretly watches other people\nv. watch, observe, or inquire secretly\nv. catch sight of; to perceive with the eyes","n. 间谍, 侦探, 侦察\nvt. 侦察, 找出, 发现\nvi. 做密探, 侦查",,2,,gk cet4 cet6 ky,6072,4846,s:spies/i:spying/p:spied/d:spied/3:spies,,
squad,skwɒd,n. a smallest army unit,"n. 班, 小队, 小集团\nvt. 编成班",,3,,toefl,2797,4606,s:squads,,
stab,stæb,n. a strong blow with a knife or other sharp pointed instrument\nv. stab or pierce,"n. 刺, 戳, 剧痛, 尝试, 努力\nvt. 刺, 戳, 刺入, 刺痛, 直入, 使伤心\nvi. 刺, 刺伤",,2,,cet4 cet6 ky toefl gre,5408,5835,d:stabbed/p:stabbed/i:stabbing/s:stabs/3:stabs,,
stability,stә'biliti,n. the quality or attribute of being firm and steadfast\nn. a stable order (especially of society),"n. 安定, 稳定性, 坚实, 巩固\n[化] 稳定性",,,,cet4 cet6 ky toefl ielts,3342,2962,s:stabilities,,
stabilize,'steibilaiz,v. make stable and keep from fluctuating or put into an equilibrium\nv. become stable or more stable,"vt. 使安定, 使稳固\nvi. 稳定, 安定",,2,,cet6 toefl ielts,12696,5723,d:stabilized/i:stabilizing/p:stabilized/3:stabilizes,,
stable,'steibl,n. a farm building for housing horses or other livestock\nv. shelter in a stable\na. resistant to change of position or condition\ns. firm and dependable; subject to little fluctuation,"n. 马房, 牛棚\na. 稳定的, 安定的, 坚固的, 坚定的\nvt. 赶入马房\nvi. 被关在马厩",,4,1,gk cet4 cet6 ky toefl,2637,2903,s:stables/p:stabled/d:stabled/i:stabling/3:stables,,
stack,stæk,n. an orderly pile\nv. load or cover with stacks\nv. arrange in stacks\nv. arrange the order of so as to increase one's winning chances,"n. 堆叠, 堆, 大量, 书库, 枪架, 烟囱, 堆积, 存贮栈\nvt. 堆积, 堆满, 暗中对...做手脚\nvi. 堆起\n[计] 堆积, 堆栈",,2,,cet4 cet6 ky toefl ielts,6113,4466,s:stacks/d:stacked/i:stacking/p:stacked/3:stacks,,
stagger,'stægә,"v. walk as if unable to control one's movements\nv. walk with great difficulty\nv. to arrange in a systematic order\nv. astound or overwhelm, as with shock","n. 蹒跚, 踌躇\nvi. 蹒跚, 犹豫\nvt. 使摇摆, 使踌躇, 交错, 错开\na. 交错的, 错开的",,1,,cet6 ky toefl ielts gre,7013,7724,p:staggered/i:staggering/d:staggered/s:staggers/3:staggers,,
staircase,'stєәkeis,n a way of access (upward and downward) consisting of a set of steps,"n. 楼梯, 梯子, 楼梯部分\n[医] 阶梯现象",,1,,cet4 cet6 ky toefl,5445,7028,s:staircases,,
stalk,stɒ:k,n. a slender or elongated structure that supports a plant or fungus or a plant part or plant organ\nn. a hunt for game carried on by following it stealthily or waiting in ambush\nn. the act of following prey stealthily\nn. a stiff or threatening gait,"n. 茎, 追踪, 高视阔步\nvi. 悄悄靠近, 蹑手蹑脚地走近, 蔓延, 高视阔步\nvt. 追踪, 搜索",,2,,cet6 ky toefl gre,10135,6634,s:stalks/p:stalked/i:stalking/3:stalks/d:stalked,,
stall,stɒ:l,n. a compartment in a stable where a single animal is confined and fed\nn. a booth where articles are displayed for sale\nn. a malfunction in the flight of an aircraft in which there is a sudden loss of lift that results in a downward plunge\nn. seating in the forward part of the main level of a theater,"n. 厩, 停车处, 牧师职位, 货摊, 托辞, 拖延\nvt. 关入厩, 停顿, 推托, 支吾, 使陷于泥中\nvi. 被关在厩内, 陷于泥中, 停止, 支吾",,2,,cet6 ky toefl ielts gre,4533,6674,s:stalls/d:stalled/i:stalling/p:stalled/3:stalls,,
standpoint,'stændpɒint,n a mental position from which things are viewed,"n. 立场, 观点",,1,,cet4 cet6 ky toefl,11599,6206,s:standpoints,,
staple,'steipl,"n. a natural fiber (raw cotton, wool, hemp, flax) that can be twisted to form yarn\nn. a short U-shaped wire nail for securing cables\nn. paper fastener consisting of a short length of U-shaped wire that can fasten papers together\nv. secure or fasten with a staple or staples","n. 主要产物, 常用品, 主要要素, 原料, 订书钉, 钩环\na. 主要的, 重要的\nvt. 分级, 钉住",,2,,ky toefl ielts gre,9461,7008,s:staples/p:stapled/d:stapled/i:stapling/3:staples,,
startle,'stɑ:tl,"n. a sudden involuntary movement\nv. to stimulate to action\nv. move or jump suddenly, as if in surprise or alarm","n. 惊愕, 惊恐\nvt. 吃惊, 使惊愕\nvi. 惊起",,2,,cet4 cet6 ky toefl ielts gre,7875,5455,p:startled/i:startling/d:startled/3:startles,,
statement,'steitmәnt,n. a message that is stated or declared; a communication (oral or written) setting forth particulars or facts etc\nn. (music) the presentation of a musical theme\nn. a nonverbal message\nn. a document showing credits and debits,"n. 陈述, 指令, 声明\n[计] 程序语句; 语句",,4,1,gk cet4 cet6 ky ielts,717,921,s:statements,,
statesman,'steitsmәn,n. a man who is a respected leader in national or international affairs,n. 政治家,,2,,cet4 cet6 ky ielts,8718,10075,s:statesmen,,
stationary,'steiʃ(ә)nәri,s. standing still\ns. not capable of being moved,"a. 不动的, 静止的, 不变的, 固定的, 停留的\n[计] 定常, 定态, 固定的",,1,,cet6 ky toefl ielts gre,9667,10049,,,
status,'steitәs,n. the relative position or standing of things or especially persons in a society,"n. 状态, 情形, 地位, 要人身份\n[计] 状态",,4,1,gk cet4 cet6 ky toefl ielts gre,1137,1215,,,
stereo,'stiәriәu,n. reproducer in which two microphones feed two or more loudspeakers to give a three-dimensional effect to the sound\nn. two photographs taken from slightly different angles that appear three-dimensional when viewed together,"n. 铅版, 立体照片\na. 立体的, 立体感觉的",,2,,cet6 ky ielts,8025,6158,s:stereos,,
stereotype,'stiәriәtaip,n. a conventional or formulaic conception or image,"n. 铅版, 陈规, 老套\nvt. 使用铅版, 把...印制成盲文, 套用老套, 使一成不变",,2,,cet6 ky toefl ielts gre,7958,4936,s:stereotypes/i:stereotyping/p:stereotyped/3:stereotypes/d:stereotyped,,
stern,stә:n,n. the rear part of a ship\nn. United States concert violinist (born in Russia in 1920)\ns. severe and unremitting in making demands,"n. 尾部, 船尾, 臀\na. 严厉的, 严格的, 坚定的, 坚决的",,2,,cet4 cet6 ky toefl ielts gre,9588,10140,s:sterns,,
sticky,'stiki,s. moist as with undried perspiration and with clothing sticking to the body\ns. covered with an adhesive material,"a. 粘的, 有粘性的, 顽固的",,2,1,cet4 cet6 ky toefl,6040,6495,t:stickiest/r:stickier/d:stickied/s:stickies,,
stimulus,'stimjulәs,n any stimulating information or event; acts to arouse action,"n. 刺激, 激励, 刺激品\n[医] 刺激特, 刺激",,2,,cet6 toefl ielts gre,3256,4525,s:stimuli,,
stock,stɒk,n. the capital raised by a corporation through the issue of shares entitling holders to an ownership interest (equity)\nn. the merchandise that a shop has on hand\nn. the handle of a handgun or the butt end of a rifle or shotgun or part of the support of a machine gun or artillery gun\nn. the reputation and popularity a person has,"n. 树干, 祖先, 血统, 原料, 备料, 库存, 牲畜, 股票, 股份, 保留剧目\na. 存货的, 常备的, 平凡的, 普通的, 股票的, 保留剧目的, 繁殖用的\nvt. 装把手于, 进货, 备有, 放牧\nvi. 出新芽, 备货, 囤积",,5,1,cet4 cet6 ky toefl ielts gre,1082,740,s:stocks/d:stocked/i:stocking/p:stocked/3:stocks,,
straightforward,streit'fɒ:wәd,s. free from ambiguity\ns. pointed directly ahead,"a. 笔直的, 率直的, 明确的, 简单的, 直接的",,2,,gk cet6 ky ielts gre,3491,6187,,,
strain,strein,n. (physics) deformation of a physical body under the action of applied forces\nn. (psychology) nervousness resulting from mental stress\nn. injury to a muscle (often caused by overuse); results in swelling and pain\nn. an intense or violent exertion,"n. 紧张, 拉紧, 张力, 过劳, 扭伤, 血缘, 种, 族, 气质, 曲调, 旋律, 口吻\nvt. 使劳累, 拉紧, 过分使用, 扭伤, 滥用, 曲解, 滤\nvi. 尽力, 努力, 紧拉, 弯曲, 被滤出",,3,1,cet4 cet6 ky toefl ielts,2749,3659,s:strains/i:straining/d:strained/p:strained/3:strains,,
strand,strænd,n. a pattern forming a unity within a larger structural whole\nn. line consisting of a complex of fibers or filaments that are twisted together to form a thread or a rope or a cable\nn. a poetic term for a shore (as the area periodically covered and uncovered by the tides)\nn. a street in west central London famous for its theaters and hotels,"n. (绳索的)股, 绳, 串, 海滨, 河岸\nvi. 搁浅\nvt. 使搁浅, 使落后, 使陷于困境, 弄断, 搓",,2,,toefl gre,4562,5344,s:strands/d:stranded/p:stranded/i:stranding/3:strands,,
strategy,'strætidʒi,n. the branch of military science dealing with military command and the planning and conduct of a war,"n. 战略, 策略\n[经] 战略, 策略",,4,1,cet4 cet6 ky toefl ielts,1127,844,s:strategies,,
stray,strei,n. an animal that has strayed (especially a domestic animal)\nv. wander from a direct course or at random\ns. (of an animal) having no home or having wandered away from home,"n. 走失的家畜, 浪子\na. 迷途的, 偶然的\nvi. 迷路, 彷徨, 流浪",,2,,cet6 toefl gre,9489,9258,p:strayed/d:strayed/i:straying/s:strays/3:strays,,
streak,stri:k,n. an unbroken series of events\nn. a distinctive characteristic\nn. a sudden flash (as of lightning)\nv. move quickly in a straight line,"n. 条理, 斑纹, 倾向\nvt. 加条纹\nvi. 变成条纹, 飞跑",,2,,toefl gre,7739,4552,s:streaks/p:streaked/d:streaked/i:streaking/3:streaks,,
stream,stri:m,"n. a natural body of running water flowing on or under the earth\nn. dominant course (suggestive of running water) of successive events or ideas\nn. something that resembles a flowing stream in moving continuously\nv. to extend, wave or float outward, as if in the wind","n. 水流, 小河, 流出, 趋势, 人潮\nvt. 流出, 流动, 展开\nvi. 流, 涌, 飘扬\n[计] 流",,3,1,zk gk cet4 cet6 ky gre,2467,2231,s:streams/i:streaming/p:streamed/d:streamed/3:streams,,
streamline,'stri:mlain,v. contour economically or efficiently,"n. 流线, 流线型\nvt. 使成流线型, 使合理化",,1,,cet6 ky toefl,12095,11669,i:streamlining/d:streamlined/p:streamlined/3:streamlines,,
stride,straid,"n. significant progress (especially in the phrase ""make strides"")\nv. walk with long steps\nv. cover or traverse by taking long steps","n. 大步, 步幅, 步态, 进步\nv. 迈大步走, 跨过, 跨",,2,,cet6 ky toefl ielts gre,5190,6056,p:strode/i:striding/s:strides/3:strides/d:strode,,
string,striŋ,"n. a lightweight cord\nn. a tightly stretched cord of wire or gut, which makes sound when plucked, struck, or bowed\nn. a sequentially ordered set of things or events or ideas in which each successive member is related to the preceding\nn. a linear sequence of symbols (characters or words or phrases)","n. 线, 细绳, 一串, 字符串\nvt. 串起, 成串, 收紧, 缚, 扎\nvi. 成一串\n[计] 字符串, 串",,3,1,gk cet4 cet6 ky toefl ielts,2170,2671,s:strings/d:strung/i:stringing/3:strings/p:strung,,
strive,straiv,v. to exert much effort or energy,"vi. 努力, 奋斗, 斗争",,2,,cet6 ky toefl ielts gre,5540,5062,i:striving/p:strove/3:strives/d:striven,,
stroke,strәuk,n. (sports) the act of swinging or striking at a ball with a club or racket or bat or cue or hand\nn. a sudden loss of consciousness resulting when the rupture or occlusion of a blood vessel leads to oxygen lack in the brain\nn. a light touch\nn. a light touch with the hands,"n. 笔划, 打, 中风, 抚, 摩, 冲程\nvt. 划尾桨, 抚, 摩, 划去\n[计] 笔划",,3,1,cet4 cet6 ky toefl ielts gre,3619,3108,s:strokes/p:stroked/i:stroking/3:strokes/d:stroked,,
stroll,strәul,v. walk leisurely and with no apparent aim,"n. 闲逛, 漫步\nv. 闲逛, 漫步",,2,,cet6 ky toefl gre,10056,5880,i:strolling/3:strolls/s:strolls/p:strolled/d:strolled,,
stubborn,'stʌbәn,a. tenaciously unwilling or marked by tenacious unwillingness to yield,"a. 顽固的, 不听话的, 执拗的, 棘手的",,2,,gk cet6 ky toefl ielts gre,9547,7548,,,
stumble,'stʌmbl,v. walk unsteadily\nv. miss a step and fall or nearly fall\nv. encounter by chance\nv. make an error,"n. 绊倒, 蹒跚而行, 失足\nvt. 使绊倒, 使困惑\nvi. 绊倒, 失足, 失策, 犯错, 蹒跚, 踌躇",,2,,cet4 cet6 ky toefl ielts,5372,4001,p:stumbled/i:stumbling/d:stumbled/3:stumbles/s:stumbles,,
stump,stʌmp,n. the base part of a tree that remains standing after the tree has been felled\nn. the part of a limb or tooth that remains after the rest is removed\nn. (cricket) any of three upright wooden posts that form the wicket\nv. cause to be perplexed or confounded,"n. 残株, 树桩, 烟蒂, 讲演台\nvt. 砍断, 挑战, 难住\nvi. 蹒跚而走",,2,,,8806,7320,s:stumps/d:stumped/p:stumped/i:stumping/3:stumps,,
stun,stʌn,v. make senseless or dizzy by or as if by a blow\nv. overcome as with astonishment or disbelief,"vt. 使昏迷, 使震惊, 打昏\nn. 昏迷, 猛击",,2,,cet6 ky toefl gre,11636,5131,d:stunned/p:stunned/3:stuns/i:stunning/s:stuns,,
sturdy,'stә:di,s. substantially made or constructed,"a. 强健的, 健全的\n[医] 羊晕倒病, 羊蹒跚病",,1,,cet6 ky toefl ielts gre,8597,6613,r:sturdier/t:sturdiest,,
subjective,sәb'dʒektiv,a. taking place within the mind and modified by individual bias,"a. 主观的, 个人的\n[医] 主观的, 自觉的",,1,,gk cet6 ky ielts gre,5186,5947,,,
submarine,'sʌbmәri:n,n. a submersible warship usually armed with torpedoes\nv. move forward or under in a sliding motion\nv. throw with an underhand motion\nv. bring down with a blow to the legs,"n. 潜水艇, 海底生物\na. 海中的, 生长在海中的\nvt. 用潜水艇攻击\nvi. 在下疾行, 在下滑动",,2,,cet4 cet6 ky toefl ielts,6579,6881,s:submarines/i:submarining/p:submarined/3:submarines/d:submarined,,
submit,sәb'mit,v. refer for judgment or consideration\nv. put before\nv. yield to the control of another\nv. yield to another's wish or opinion,"vt. 使服从, 使受到, 委托, 提交, 认为\nvi. 屈服, 服从",,2,,gk cet4 cet6 ky toefl ielts gre,2259,3184,d:submitted/p:submitted/i:submitting/3:submits,,
subordinate,sә'bɒ:dnit,"n. an assistant subject to the authority or control of another\nv. rank or order as less important or consider of less value\nv. make subordinate, dependent, or subservient\na. lower in rank or importance","n. 属下, 附属物\na. 下级的, 次要的, 附属的\nvt. 使居下位, 使服从",,2,,cet6 ky toefl ielts,6201,9779,s:subordinates/d:subordinated/p:subordinated/i:subordinating/3:subordinates,,
subscribe,sәb'skraib,"v. offer to buy, as of stocks and shares\nv. adopt as a belief\nv. receive or obtain regularly","vt. 捐献, 签署\nvi. 赞成, 同意, 捐款, 预订, 认购\n[计] 订阅",,1,,gk cet6 ky ielts gre,6864,7979,d:subscribed/i:subscribing/p:subscribed/3:subscribes,,
subsequent,'sʌbsikwәnt,a. following in time or order,"a. 后来的, 接下去的\n[经] 后来的",,3,,cet4 cet6 ky toefl ielts gre,2113,3267,,,
subsidiary,sәb'sidiәri,n an assistant subject to the authority or control of another\nn a company that is completely controlled by another company\ns functioning in a supporting capacity,"n. 子公司, 附件, 辅助者\na. 辅助的, 次要的, 津贴的",,2,,cet6 ky toefl ielts gre,3904,7513,s:subsidiaries,,
subsidy,'sʌbsidi,n. a grant paid by a government to an enterprise that benefits the public,"n. 补助金, 津贴\n[经] 补助金, 津贴, 补贴",,3,,cet4 cet6 ky toefl ielts gre,3907,4252,s:subsidies,,
substance,'sʌbstәns,n. the real physical matter of which a person or thing consists\nn. material of a particular kind or constitution\nn. a particular kind or species of matter with uniform properties,"n. 物质, 实质, 主旨, 资产, 本质, 牢固\n[化] 物质",,3,1,cet4 cet6 ky gre,2433,2277,s:substances,,
substantial,sәb'stænʃәl,"s. having a firm basis in reality and being therefore important, meaningful, or considerable\na. having substance or capable of being treated as fact; not imaginary","n. 重要材料(或事物), 有实际价值的东西\na. 实质上的, 物质的, 有内容的, 结实的",,3,1,cet4 cet6 ky toefl ielts gre,1536,2544,,,
substitute,'sʌbstitju:t,n. a person or thing that takes or can take the place of another\nn. an athlete who plays only when a starter on the team is replaced\nv. put in the place of another; switch seemingly equivalent items\nv. be a substitute,"n. 代理, 代理人, 代用品, 代替者, 代替物\nvt. 代替\nvi. 替代, 取代, 代用\na. 代替的, 代用的, 代用品的\n[计] 置换; 替代",,3,1,gk cet4 cet6 ky toefl ielts gre,4548,5613,s:substitutes/d:substituted/i:substituting/p:substituted/3:substitutes,,
subtle,'sʌtl,s. able to make fine distinctions,"a. 敏锐的, 精细的, 狡猾的, 稀薄的, 灵巧的, 微妙的\n[医] 锐敏的; 精细的",,2,,cet6 ky toefl ielts gre,3792,3435,,,
subtract,sәb'trækt,v. make a subtraction\nv. take off or away,"vt. 减去, 扣掉, 减少\nvi. 做减法\n[计] 减",,1,,cet4 cet6 ky toefl ielts gre,11991,10238,i:subtracting/d:subtracted/p:subtracted/3:subtracts,,
suburb,'sʌbә:b,n. a residential district located on the outskirts of a city,"n. 市郊住宅区, 郊区, 边缘",,2,,cet4 cet6 ky toefl ielts,5306,3531,s:suburbs,,
successive,sәk'sesiv,s in regular succession without gaps,"a. 继承的, 连续的\n[经] 接续承运人; 连续的",,2,,cet4 cet6 ky toefl,3735,8065,,,
successor,sәk'sesә,n. a person who follows next in order\nn. a thing or person that immediately replaces something or someone\nn. a person who inherits some title or office,"n. 继承者, 接任者\n[计] 后继",,2,,cet6 ky,3569,5433,s:successors,,
sue,su:,n. French writer whose novels described the sordid side of city life (1804-1857),"vt. 控告, 起诉, 请求\nvi. 提出诉讼, 提出请求",,2,,cet6 ky toefl ielts,4092,3137,d:sued/i:suing/p:sued/3:sues,,
suffice,sә'fais,"v. be sufficient; be adequate, either in quality or quantity","vi. 足够, 有能力\nvt. 满足",,1,,cet6 ky gre,6983,9294,3:suffices/p:sufficed/d:sufficed/i:sufficing,,
sufficient,sә'fiʃәnt,a. of a quantity that can fulfill a need or requirement but without being abundant,"a. 充分的, 足够的\n[法] 充分的, 足够的",,3,1,cet4 cet6 ky toefl ielts gre,1582,3099,,,
suite,swi:t,n. a musical composition of several movements only loosely connected\nn. apartment consisting of a series of connected rooms used as a living unit (as in a hotel)\nn. a matching set of furniture,"n. 随员, 套房, (一)组, (一)套, 组曲, 继之而来的事\n[电] 程序组",,2,,gk ky toefl ielts,4292,4726,s:suites,,
sulfur,'sʌlfә,n. an abundant tasteless odorless multivalent nonmetallic element; best known in yellow crystals; occurs in many sulphide and sulphate minerals and even in native form (especially in volcanic regions),"n. 硫, 硫磺\nvt. 用硫磺处理",,,,ky toefl,0,9550,i:sulfuring/p:sulfured/3:sulfurs/d:sulfured,,
summit,'sʌmit,n. a meeting of heads of governments\nv. reach the summit (of a mountain),"n. 顶点, 最高阶层, 最高级会议\na. 政府首脑的, 最高级的",,4,,cet4 cet6 ky toefl ielts,2909,3235,s:summits,,
summon,'sʌmәn,"v. call in an official matter, such as to attend court\nv. ask to come","vt. 召唤, 召集, 号召, 振奋, 唤起, 鼓起\n[经] 传唤, 传讯",,2,,cet6 ky toefl ielts gre,4505,5691,d:summoned/p:summoned/i:summoning/3:summons,,
superficial,.sju:pә'fiʃәl,"a. concerned with or comprehending only what is apparent or obvious; not deep or penetrating emotionally or intellectually\na. of, affecting, or being on or near the surface\ns. of little substance or significance","n. 表面, 外表\na. 表面的, 肤浅的, 面积的",,2,,cet4 cet6 ky toefl ielts gre,6471,8281,,,
superintendent,",sju:pәrin'tendәnt",n. a caretaker for an apartment house; represents the owner as janitor and rent collector,"n. 监督人, 主管人, 主日学校校长\n[经] 监督人, 主管人(部门)",,2,,toefl,5451,5496,s:superintendents,,
superior,sju:'piәriә,n. one of greater rank or station or quality\nn. the head of a religious community\nn. a town in northwest Wisconsin on Lake Superior across from Duluth\na. of high or superior quality or performance,"n. 长者, 占优势的人, 上级\na. 上级的, 出众的, 高傲的",,3,1,gk cet4 cet6 ky toefl ielts,3513,3410,s:superiors,,
superiority,sju:.piәri'ɒriti,n. the quality of being superior\nn. the quality of being at a competitive advantage\nn. displaying a sense of being better than others,"n. 优越, 高傲\n[化] 优越性",,,,cet6 ky gre,6509,7766,s:superiorities,,
supersonic,.sju:pә'sɒnik,a. (of speed) greater than the speed of sound in a given medium (especially air)\ns. having frequencies above those of audible sound,a. 超声波的\n[医] 超声[波]的,,1,,cet6 ky ielts,23484,17396,,,
supervise,'sju:pәvaiz,v watch and direct\nv keep tabs on; keep an eye on; keep under surveillance,"v. 监督, 管理, 指导",,2,,cet6 ky toefl ielts gre,4673,5603,d:supervised/i:supervising/p:supervised/3:supervises,,
supplement,'sʌplimәnt,n. a quantity added (e.g. to make up for a deficiency)\nv. add as a supplement to what seems insufficient\nv. serve as a supplement to,"n. 补充物, 增刊, 补充, 补遗, 补编, 附录, 补角\nvt. 补充, 增补",,2,,cet4 cet6 ky toefl gre,4371,5192,s:supplements/d:supplemented/i:supplementing/p:supplemented/3:supplements,,
supplementary,.sʌpli'mentәri,s. added to complete or make up a deficiency,"a. 补足的, 补充的, 追加的\n[经] 追加的, 补充的, 增补的",,1,,cet6 toefl ielts,5828,16252,s:supplementaries,,
suppress,sә'pres,v. to put down by force or authority\nv. put out of one's consciousness\nv. reduce the incidence or severity of or stop,"vt. 镇压, 使止住, 禁止, 抑制, 查禁\n[法] 镇压, 平定, 禁止出版",,2,,cet6 ky toefl ielts,4544,4965,d:suppressed/i:suppressing/p:suppressed/3:suppresses,,
supreme,sju'pri:m,s. final or last in your life or progress\ns. highest in excellence or achievement\ns. greatest or maximal in degree; extreme,"n. 至高, 霸权\na. 至高的, 终极的, 极端的, 最大的",,1,,gk cet4 cet6 ky toefl ielts gre,2550,1618,,,
surge,sә:dʒ,n. a sudden or abrupt strong increase\nv. see one's performance improve,"n. 巨涌, 汹涌, 澎湃\nvi. 汹涌, 澎湃, 颠簸, 猛冲, 突然放松\nvt. 使汹涌奔腾, 急放\n[计] 电压尖峰",,2,,cet6 ky toefl ielts gre,6404,5029,p:surged/i:surging/s:surges/d:surged/3:surges,,
surgeon,'sә:dʒәn,n. a physician who specializes in surgery,"n. 外科医生, 军医, 船医\n[医] 外科医师",,2,,gk cet4 cet6 ky toefl ielts gre,3940,3413,s:surgeons,,
surgery,'sә:dʒәri,n. the branch of medical science that treats disease or injury by operative procedures\nn. a room where a doctor or dentist can be consulted,"n. 外科, 手术, 手术室, 换球术",,3,,cet4 cet6 ky toefl ielts,2833,1793,s:surgeries,,
surpass,sә'pɑ:s,v. be or do something to a greater degree,"vt. 超越, 凌驾, 胜过",,1,,cet6 ky toefl ielts gre,11531,6859,d:surpassed/p:surpassed/3:surpasses/i:surpassing/s:surpasses,,
surplus,'sә:plәs,"n a quantity much larger than is needed\ns more than is needed, desired, or required","n. 剩余, 过剩, 盈余\na. 过剩的, 剩余的",,3,,gk cet4 cet6 ky toefl ielts gre,4815,6243,,,
survival,sә'vaivәl,n. a state of surviving; remaining alive\nn. a natural process resulting in the evolution of organisms best adapted to the environment\nn. something that survives,"n. 生存, 残存, 幸存者\na. 赖以生存的",,,,gk cet4 cet6 ky toefl ielts,2584,2656,s:survivals,,
survive,sә'vaiv,"v. continue to live through hardship or adversity\nv. continue in existence after (an adversity, etc.)","vt. 比...活得长, 生存, 生还, 幸免于\nvi. 活下来, 幸存",,4,1,gk cet4 cet6 ky toefl gre,1325,1342,p:survived/d:survived/3:survives/i:surviving,,
susceptible,sә'septәbl,a. (often followed by `of' or `to') yielding readily to or capable of\ns. easily impressed emotionally,"a. 易受影响的, 易感动的, 容许...的\n[法] 易感的, 易受影响的, 容许",,1,,cet6 ky toefl ielts gre,6934,7030,s:susceptibles,,
suspension,sә'spenʃәn,n. a mixture in which fine particles are suspended in a fluid where they are supported by buoyancy\nn. an interruption in the intensity or amount of something\nn. a mechanical system of springs or shock absorbers connecting the wheels and axles to the chassis of a wheeled vehicle\nn. the act of suspending something (hanging it from above so it moves freely),"n. 悬挂, 暂停, 中止\n[化] 悬浮; 悬浮体; 悬浮液",,2,,gk cet6 ielts,4354,5034,s:suspensions,,
suspicion,sә'spiʃәn,n. the state of being suspected\nn. being of a suspicious nature,"n. 怀疑, 觉察, 嫌疑\n[法] 怀疑, 疑心, 嫌疑",,3,1,cet4 cet6 ky toefl gre,3216,3762,s:suspicions,,
suspicious,sә'spiʃәs,s openly distrustful and unwilling to confide\ns not as expected,"a. 可疑的, 多疑的, 怀疑的\n[法] 怀疑的, 令人怀疑的, 可疑的",,2,1,cet4 cet6 ky toefl ielts gre,4462,4603,,,
sustain,sә'stein,v. supply with necessities and support\nv. admit as valid,"vt. 承受, 支持, 供养, 继续, 忍受, 蒙受, 证实, 准许\n[电] 持续",,3,,cet4 cet6 ky toefl ielts gre,2774,2986,d:sustained/i:sustaining/p:sustained/3:sustains,,
swamp,swɒmp,n. low land that is seasonally flooded; has more woody plants than a marsh and better drainage than a bog\nn. a situation fraught with difficulties and imponderables\nv. drench or submerge or be drenched or submerged,"n. 沼泽, 进退两难的困境\nvt. 淹没, 击溃, 清除, 使陷于沼泽\nvi. 陷于沼泽, 淹没",,2,,cet4 cet6 ky toefl ielts gre,9459,6335,d:swamped/s:swamps/p:swamped/i:swamping/3:swamps,,
swap,swɒp,"v. move (a piece of a program) into memory, in computer science","n. 以货易货\nv. 交换, 替换, 交易\n[计] 交换",,2,,gk,5955,8106,p:swapped/i:swapping/d:swapped/s:swaps/3:swaps,,
symbol,'simbl,n. an arbitrary sign (written or printed) that has acquired a conventional significance\nn. something visible that by association or convention represents something else that is invisible,"n. 符号, 象征, 代号, 信条\n[计] 符号; 码元",,3,1,zk gk cet4 cet6 ky toefl,2635,2340,s:symbols,,
symmetry,'simitri,n. (mathematics) an attribute of a shape or relation; exact reflection of form on opposite sides of a dividing line or plane\nn. balance among the parts of something,"n. 对称, 匀称\n[化] 对称; 对称性; 对称现象",,1,,cet6 ky toefl ielts gre,6743,10174,s:symmetries,,
sympathetic,.simpә'θetik,a. of or relating to the sympathetic nervous system\na. expressing or feeling or resulting from sympathy or compassion or friendly fellow feelings; disposed toward\na. (of characters in literature or drama) evoking empathic or sympathetic feelings\ns. having similar disposition and tastes,"a. 有同情心的, 合意的, 赞成的\nn. 交感神经, 容易感受的人",,2,1,cet4 cet6 ky toefl ielts,4279,5209,,,
sympathy,'simpәθi,n. an inclination to support or be loyal to or to agree with an opinion\nn. sharing the feelings of others (especially feelings of sorrow or anguish)\nn. a relation of affinity or harmony between people; whatever affects one correspondingly affects the other,"n. 同情, 赞同, 怜悯, 慰问, 吊唁\n[医] 交感[作用], 同感[作用], 感应, 同情",,3,1,gk cet4 cet6 ky toefl,3089,4270,s:sympathies,,
symphony,'simfәni,n. a long and complex sonata for symphony orchestra,"n. 交响乐, 交响曲",,2,,gk cet6 ky toefl ielts gre,5817,7665,s:symphonies,,
symposium,sim'pәuziәm,n. a meeting or conference for the public discussion of some topic especially one in which the participants form an audience and make presentations,"n. 讨论会, 座谈会, 专题报告会, 专题论文集",,1,,cet6 ky ielts gre,12608,11312,s:symposiums,,
syndrome,'sindrәum,n. a complex of concurrent things\nn. a pattern of symptoms indicative of some disease,"n. 并发症状, 综合征, 同时存在的事物\n[计] 校验子; 并发位",,2,,ky gre,4741,4281,s:syndromes,,
synthesis,'sinθisis,n. the process of producing a chemical compound (usually by the union of simpler chemical compounds)\nn. the combination of ideas into a complex whole,"n. 综合, 组织, 综合体\n[化] 合成",,,,cet6 ky toefl ielts gre,5192,8268,s:syntheses,,
tack,tæk,n. the heading or position of a vessel relative to the trim of its sails\nn. a short nail with a sharp point and a large head\nn. (nautical) the act of changing tack\nn. sailing a zigzag course,"n. 平头钉, 大头钉, 粗缝针脚, 行动方针, 食物\nvt. 以大头针钉住, 附加",,2,,cet6 gre,9765,10013,s:tacks/d:tacked/p:tacked/i:tacking/3:tacks,,
tackle,'tækl,"n. the person who plays that position on a football team\nn. (American football) a position on the line of scrimmage\nn. (American football) grasping an opposing player with the intention of stopping by throwing to the ground\nv. seize and throw down an opponent player, who usually carries the ball","n. 工具, 复滑车, 滑车, 装备, 扭倒\nvt. 固定, 处理, 抓住\nvi. 扭倒",,3,1,cet6 ky toefl ielts gre,2634,4096,i:tackling/d:tackled/p:tackled/3:tackles/s:tackles,,
tame,teim,v. correct by punishment or discipline\ns. flat and uninspiring\na. very restrained or quiet\na. brought from wildness into a domesticated state,"a. 驯服的, 柔顺的, 被开垦的, 顺从的, 乏味的, 平淡的\nvt. 驯养, 驯服, 制服, 失去锋芒\nvi. 变得驯服",,1,,cet4 cet6 ky toefl ielts gre,11503,10816,d:tamed/i:taming/p:tamed/r:tamer/3:tames,,
tan,tæn,"n. a browning of the skin resulting from exposure to the rays of the sun\nn. a light brown the color of topaz\nv. treat skins and hides with tannic acid so as to convert them into leather\nv. get a tan, from wind or sun","n. 黄褐色, 鞣料, 马戏团\na. 黄褐色的, 鞣皮的\nvi. 晒成棕褐色\nvt. 把...晒黑, 鞣(革), 狠狠鞭打",,2,,cet4 cet6 ky toefl gre,8861,9634,s:tans/p:tanned/d:tanned/i:tanning/3:tans,,
tangle,'tæŋgl,n. a twisted and tangled mass that is highly interwoven\nn. something jumbled or confused,"n. 缠结, 纠结的一团, 困惑, 纠纷, 混乱\nvt. 使缠结, 缠住\nvi. 缠结, 乱作一团",,2,,cet6 ky toefl ielts gre,10011,9440,s:tangles/p:tangled/d:tangled/i:tangling/3:tangles,,
tanker,'tæŋkә,n. a soldier who drives a tank,"n. 坦克手, 油船, 空中加油飞机, 运油飞机, 油槽/水槽汽车\n[化] 槽车; 油槽船",,2,,gk cet6 ky,8021,9275,s:tankers/d:tankered,,
target,'tɑ:git,n. a reference point to shoot at\nn. the location of the target that is to be hit\nn. sports equipment consisting of an object set up for a marksman or archer to aim at\nv. intend (something) to move towards a certain goal,"n. 目标, 靶子, 指标\nvt. 对准, 订指标",,4,1,gk cet4 cet6 ky toefl ielts,1095,1281,s:targets/d:targeted/i:targeting/p:targeted/3:targets,,
tariff,'tærif,v. charge a tariff,"n. 关税, 关税表, 价格表, 收费表\nvt. 课以关税\n[计] 价目表",,2,,cet6 ky toefl ielts gre,5185,7354,s:tariffs/i:tariffing/p:tariffed/3:tariffs/d:tariffed,,
tease,ti:z,n. someone given to teasing (as by mocking or stirring curiosity)\nn. the act of harassing someone playfully or maliciously (especially by ridicule); provoking someone with persistent annoyances\nv. annoy persistently\nv. harass with persistent criticism or carping,"n. 揶揄, 戏弄, 逗惹\nvt. 戏弄, 取笑, 强求, 梳理, 使起毛",,2,,gk cet6 ky toefl ielts gre,6082,5458,p:teased/i:teasing/d:teased/3:teases/s:teases,,
tedious,'ti:diәs,s so lacking in interest as to cause mental weariness\ns using or containing too many words,"a. 沉闷的, 冗长乏味的",,1,,cet4 cet6 ky toefl ielts gre,8426,10501,,,
telecommunication,'telikәmju:ni'keiʃәn,n. (often plural) systems used in transmitting messages over a distance electronically\nn. (often plural) the branch of electrical engineering concerned with the technology of electronic communication at a distance,"n. 电讯, 远距离通讯, 无线电通讯\n[计] 远程通信, 电信",,,,,4896,0,s:telecommunications,,
temper,'tempә,n. a characteristic (habitual or relatively temporary) state of feeling\nn. a disposition to exhibit uncontrolled anger\nn. the elasticity and hardness of a metal object; its ability to absorb considerable energy before cracking\nv. harden by reheating and cooling in oil,"n. (钢等的)硬度, 脾气, 心情, 中和剂, 倾向, 回火\nvt. 使回火, 锻炼, 调和, 使缓和\nvi. 回火",,2,,cet4 cet6 ky toefl ielts gre,4768,6436,d:tempered/s:tempers/p:tempered/i:tempering/3:tempers,,
temperament,'temprәmәnt,n. excessive emotionalism or irritability and excitability (especially when displayed openly)\nn. an adjustment of the intervals (as in tuning a keyboard instrument) so that the scale can be used to play in different keys,"n. 气质, 性格, 性情\n[医] 气质, 禀赋",,1,,cet6 ky toefl ielts,7816,8423,s:temperaments,,
tempo,'tempәu,n. (music) the speed at which a composition is to be played\nn. the rate of some repeating event,"n. 速度, 节奏, 进行速度, (棋的)一着",,1,,cet6 ky ielts gre,10260,9998,s:tempos,,
tempt,tempt,v. dispose or incline or entice to\nv. give rise to a desire by being attractive or inviting\nv. try to seduce\nv. try presumptuously,"vt. 诱惑, 引诱, 引起...的兴趣, 吸引, 冒...风险",,1,,cet4 cet6 ky toefl,4078,5592,d:tempted/p:tempted/3:tempts/i:tempting,,
tenant,'tenәnt,n. someone who pays rent to use land or a building or a car that is owned by someone else\nn. a holder of buildings or lands by any kind of title (as ownership or lease)\nn. any occupant who dwells in a place\nv. occupy as a tenant,"n. 承租人, 房客, 居住者\nvt. 租借\n[计] 占据者",,2,,cet4 cet6 ky toefl gre,2029,5543,s:tenants/d:tenanted/p:tenanted/i:tenanting/3:tenants,,
tendency,'tendәnsi,n. a characteristic likelihood of or natural disposition toward a certain condition or character or effect\nn. a general direction in which something tends to move,"n. 趋向, 倾向\n[医] 趋向, 趋势",,3,1,gk cet4 cet6 ky toefl ielts,2377,3040,s:tendencies,,
tentative,'tentәtiv,s under terms not final or fully worked out or agreed upon\ns unsettled in mind or opinion,"n. 试验\na. 试验性的, 暂时的",,2,,gk cet6 ky toefl ielts gre,7552,7722,,,
terminate,'tә:mineit,"v bring to an end or halt\nv have an end, in a temporal, spatial, or quantitative sense; either spatial or metaphorical\nv be the end of; be the last or concluding part of\nv terminate the employment of; discharge from an office or position","a. 有结尾的, (可)结束的\nvi. 结束, 终止, 满期\nvt. 使停止, 使结束, 使终止\n[计] 终止",,2,,cet6 ky toefl ielts gre,5291,7189,d:terminated/i:terminating/3:terminates/p:terminated,,
terrace,'terәs,n. a level shelf of land interrupting a declivity (with steep slopes above and below)\nn. a row of houses built in a similar style and having common dividing walls (or the street on which they face)\nv. provide (a house) with a terrace\nv. make into terraces as for cultivation,"n. 阶地, 梯田, 房屋之平顶, 阳台, 沿岸防地, 露台\na. 叠层式的\nvt. 使成梯田, 使成有平台屋顶",,2,,cet6 toefl ielts gre,3137,6431,s:terraces/i:terracing/p:terraced/3:terraces/d:terraced,,
terrain,'terein,n. a piece of ground having specific characteristics or military potential,"n. 地带, 地区, 地形, 领域, 范围",,1,,cet6 toefl ielts gre,7806,4492,s:terrains,,
terrific,tә'rifik,s. very great or intense\ns. causing extreme terror,"a. 非常好的, 极端的, 可怕的",,2,,cet4 cet6 ky toefl ielts,7051,4237,,,
terrify,'terifai,v. fill with terror; frighten greatly,"vt. 使恐惧, 恐吓",,2,,gk cet6 ky toefl ielts,8606,5828,d:terrified/i:terrifying/p:terrified/3:terrifies,,
territory,'teritәri,n. an area of knowledge or interest\nn. the geographical area under the jurisdiction of a sovereign state,"n. 领土, 领地, 版图, 地区, 活动范围\n[经] (推销员等的)推销区域",,4,,cet4 cet6 ky toefl ielts,2009,2179,s:territories,,
testify,'testifai,v. give testimony in a court of law\nv. provide evidence for,"v. 证明, 作证, 声明, 表明",,2,,cet6 ky toefl gre,7617,2790,p:testified/3:testifies/i:testifying/d:testified,,
testimony,'testimәni,n. a solemn statement made under oath\nn. an assertion offering firsthand authentication of a fact\nn. something that serves as evidence,"n. 证言, 证据, 声明\n[医] 证据",,2,,cet6 ky toefl ielts gre,6413,2661,s:testimonies,,
texture,'tekstʃә,n. the feel of a surface or a fabric\nn. the essential quality of something\nn. the musical pattern created by parts being played or sung together\nn. the characteristic appearance of a surface having a tactile quality,"n. (织物的)密度, (材料等的)结构, 纹理\n[化] 纹理",,2,,cet6 ky toefl ielts gre,5044,4413,s:textures/d:textured/i:texturing,,
thanksgiving,'θæŋks.giviŋ,n. fourth Thursday in November in the United States; second Monday in October in Canada; commemorates a feast held in 1621 by the Pilgrims and the Wampanoag,n. 感谢,,1,,cet6 ky,14397,4464,s:thanksgivings,,
theft,θeft,n the act of taking something from someone unlawfully,"n. 盗窃, 失窃, 盗窃罪, 赃物\n[法] 盗窃行为, 偷窃, 失窃",,2,,gk cet6 ky toefl ielts,3545,5367,s:thefts,,
theme,θi:m,n. a unifying idea that is a recurrent element in literary or artistic work\nn. (music) melodic subject of a musical composition\nv. provide with a particular theme or motive,"n. 主题, 话题, 题目",,3,1,gk cet4 cet6 ky toefl ielts,1703,1655,s:themes,,
thereafter,.ðєәr'æftә,r. from that time on,"adv. 其后, 从那时以后",,2,,cet6 ky toefl,4570,6497,,,
therefore,'ðєәfɒ:,r. (used to introduce a logical conclusion) from that fact or reason or as a result,"adv. 因此, 所以",,4,1,gk cet4 cet6 ky toefl,408,1161,,,
thermal,'θә:ml,n. rising current of warm air\na. relating to or associated with heat\na. of or relating to a hot spring\ns. caused by or designed to retain heat,"a. 热的, 热量的, 温泉的\nn. 上升温暖气流",,1,,cet6 ky toefl ielts gre,7234,7148,s:thermals/i:thermalling,,
thesis,'θi:sis,n. an unproved statement put forward as a premise in an argument,"n. 论题, 论文",,2,,cet6 ky toefl ielts gre,3887,5974,s:theses,,
thigh,θai,n. the part of the leg between the hip and the knee,"n. 大腿, 股\n[医] 股, 大腿",,2,,cet6 ky toefl ielts,4433,4209,s:thighs,,
thorn,θɒ:n,n. a Germanic character of runic origin,"n. 刺, 棘, 荆棘",,1,,cet4 cet6 ky toefl ielts gre,9881,11159,s:thorns/i:thorning/p:thorned,,
threaten,'θretn,"v. to utter intentions of injury or punishment against:""He threatened me when I tried to call the police""\nv. to be a menacing indication of something:""The clouds threaten rain""","vt. 恐吓, 威胁, 预示...的凶兆\nvi. 威胁, 恫吓, 可能来临",,4,1,cet4 cet6 ky toefl,1390,1395,d:threatened/i:threatening/p:threatened/3:threatens,,
threshold,'θreʃәuld,n. the starting point for a new state or experience\nn. the smallest detectable sensation,"n. 门槛, 入口, 开端, 阈\n[计] 阈; 阈值",,2,,cet6 ky toefl ielts,4990,4724,s:thresholds,,
thrill,θril,n. something that causes you to experience a sudden intense feeling or sensation\nv. cause to be thrilled by some perceptual input\nv. feel sudden intense sensation or emotion,"n. 震颤, 激动, 刺激性, 一阵激动\nvi. 震颤, 颤抖, 激动\nvt. 使激动, 使颤动",,2,,gk cet4 cet6 ky ielts,7773,5858,s:thrills/3:thrills/i:thrilling/p:thrilled/d:thrilled,,
thrive,θraiv,v. make steady progress; be at the high point in one's career or reach a high point in historical significance or importance,"vi. 繁荣, 兴旺, 茁壮成长\n[经] 兴旺, 繁荣, 旺盛",,2,,cet4 cet6 ky toefl ielts gre,6403,4628,3:thrives/p:thrived/i:thriving/d:thrived,,
throne,'θrәun,"n. the chair of state for a monarch, bishop, etc.\nn. the position and power of an exalted person (a sovereign or bishop) who is entitled to sit in a chair of state on ceremonial occasions\nv. sit on the throne as a ruler","n. 王座, 君主",,2,,cet4 cet6 ky gre,4691,7253,s:thrones/i:throning/p:throned/3:thrones/d:throned,,
tick,tik,n. a metallic tapping sound\nn. any of two families of small parasitic arachnids with barbed proboscis; feed on blood of warm-blooded animals\nn. a light mattress\nv. make a sound like a clock or a timer,"n. 滴答声, 一瞬间, 壁虱, 褥套, 信用, 赊欠\nvi. 滴答响, 活动\nvt. 滴答地记录, 标记号于",,2,,gk cet4 cet6 ky ielts,5977,7358,i:ticking/s:ticks/p:ticked/d:ticked/3:ticks,,
tickle,'tikl,"n. a cutaneous sensation often resulting from light stroking\nn. the act of tickling\nv. touch (a body part) lightly so as to excite the surface nerves and cause uneasiness, laughter, or spasmodic movements\nv. touch or stroke lightly","n. 胳肢, 痒\nvt. 胳肢, 使发痒, 使快乐, 逗乐\nvi. 觉得痒, 使人痒",,1,,cet6,12385,9498,i:tickling/p:tickled/d:tickled/3:tickles/s:tickles,,
tile,tail,"n. a flat thin rectangular slab (as of fired clay or rubber or linoleum) used to cover surfaces\nn. a thin flat slab of fired clay used for roofing\nn. game equipment consisting of a flat thin piece marked with characters and used in board games like Mah-Jong, Scrabble, etc.\nv. cover with tiles","n. 砖瓦, 瓷砖, 瓦片\nvt. 铺以瓦, 铺以瓷砖\n[计] 平铺",,2,,cet6 ky toefl ielts,4378,4880,s:tiles/d:tiled/i:tiling/p:tiled/3:tiles,,
tilt,tilt,n. a slight but noticeable partiality\nn. the property possessed by a line or surface that departs from the vertical\nv. charge with a tilt,"n. 倾斜, 倾向, 船篷, 车篷\nvt. 使倾斜, 使倾侧, 用帆布篷遮盖\nvi. 倾斜, 翘起, 冲, 评击\n[计] 倾斜",,2,,cet6 ky toefl ielts gre,6422,5070,p:tilted/i:tilting/d:tilted/3:tilts/s:tilts,,
timely,'taili,s. before a time limit expires\ns. done or happening at the appropriate or proper time,"a. 及时的, 适时的\nadv. 及时地",,1,,cet6 ky ielts gre,9732,7462,,,
timid,'timid,n. people who are fearful and cautious\na. showing fear and lack of confidence,"a. 胆小的, 羞怯的",,1,,cet4 cet6 ky toefl gre,11482,11301,,,
tissue,'tiʃu:,n. part of an organism consisting of an aggregate of cells having a similar structure and function\nn. a soft thin (usually translucent) paper,"n. 薄的织物, 薄纱, 棉纸, 组织, 一套\n[化] 组织",,3,,gk cet4 cet6 ky toefl ielts gre,2784,2688,s:tissues/i:tissuing/p:tissued/3:tissues/d:tissued,,
token,'tәukәn,n. an individual instance of a type of symbol\nn. something serving as a sign of something else\nn. a metal or plastic disk that can be redeemed or used in designated slot machines,"n. 表征, 记号, 代币\na. 象征的, 表意的\n[计] 记号",,2,,cet6 ky ielts,6352,8924,s:tokens,,
tolerant,'tɒlәrәnt,a. showing respect for the rights or opinions or practices of others\ns. able to tolerate environmental conditions or physiological stress\ns. showing the capacity for endurance,"a. 宽容的, 容忍的, (对冷、热)能耐的\n[医] 能耐受的",,,,cet6 ky toefl,9488,9167,,,
toll,tәul,n. a fee levied for the use of roads or bridges (used for maintenance)\nv. ring slowly\nv. charge a fee for using,"n. 通行费, 代价, 钟声\nvt. 征收, 敲钟, 鸣钟, 勾引, 引诱\nvi. 征税, 鸣钟",,2,,ky toefl ielts gre,6043,4599,s:tolls/p:tolled/i:tolling/3:tolls/d:tolled,,
toss,tɒs,n. an abrupt movement\nv. agitate,"n. 投掷, 抛, 摇摆, 震荡, 掷钱币决定\nvt. 投掷, 猛抬, 摇荡, 使不安, 掷钱币决定\nvi. 被到处扔, 摇摆, 颠簸, 辗转, 掷钱币决定某事",,2,,cet4 cet6 ky ielts gre,4799,2396,p:tossed/i:tossing/d:tossed/3:tosses/s:tosses,,
tow,tәu,n. the act of hauling something (as a vehicle) by means of a hitch or rope\nv. drag behind,"n. 拖, 拖绳, 拖轮\nvt. 拖, 拉, 牵引",,2,,cet6 ky toefl ielts,9914,9000,d:towed/i:towing/p:towed/s:tows/3:tows,,
toxic,'tɒksik,a. of or relating to or caused by a toxin or poison,"a. 有毒的, 中毒的\n[医] 中毒的, 毒物的",,2,,cet6 ky toefl ielts gre,5147,4090,s:toxics,,
tract,trækt,n. an extended area of land\nn. a system of body parts that together serve some particular purpose\nn. a brief treatise on a subject of interest; published in the form of a booklet,"n. 大片土地, 地带, 小册子\n[医] 束, 道",,1,,cet6 toefl ielts gre,6081,6133,s:tracts,,
trademark,'treidmɑ:k,n. a formally registered symbol identifying the manufacturer or distributor of a product\nv. register the trademark of,n. 商标\n[法] 商标,,,,cet6 ky,14559,6787,s:trademarks/i:trademarking,,
tragic,'trædʒik,s. very sad; especially involving grief or death or destruction\na. of or relating to or characteristic of tragedy,"a. 悲惨的, 悲剧的",,2,,cet6 ky,4967,4259,,,
trait,treit,n. a distinguishing feature of your personal nature,"n. 特征, 特性, 一笔, 少许",,1,,cet6 ky toefl ielts gre,6541,3737,s:traits,,
transaction,træn'sækʃәn,n. the act of transacting within or between groups (as carrying on commercial activities),"n. 交易, 办理, 学报, 和解协议\n[计] 事务处理",,,,cet6 ky toefl ielts gre,2065,3813,s:transactions,,
transcend,træn'send,v be greater in scope or size than some standard\nv be superior or better than some standard,"vt. 超越, 胜过",,1,,cet6 ky toefl ielts gre,10296,6661,3:transcends/p:transcended/i:transcending/d:transcended,,
transfer,træns'fә:,n. someone who transfers or is transferred from one position to another\nn. the act of transfering something from one form to another\nn. a ticket that allows a passenger to change conveyances\nn. application of a skill learned in one situation to a different but similar situation,"n. 迁移, 移动, 传递, 转让, 转移, 过户, 汇兑, 换车\nvt. 使转移, 调转, 调任, 改变, 传递, 转让\nvi. 转移, 转学, 转职, 换车\n[计] 传送",,4,1,cet4 cet6 ky toefl ielts gre,1593,2315,d:transferred/s:transfers/i:transferring/p:transferred/3:transfers,,
transform,træns'fɒ:m,"v. subject to a mathematical transformation\nv. change or alter in form, appearance, or nature\nv. change in outward structure or looks\nv. convert (one form of energy) to another","vt. 使转换, 改变, 改造, 使...变形\nvi. 改变, 转化, 变换\n[计] 变换",,3,1,gk cet4 cet6 ky toefl ielts,2693,2185,d:transformed/i:transforming/p:transformed/3:transforms,,
transient,'trænziәnt,n. one who stays for only a short time\nn. (physics) a short-lived oscillation in a system caused by a sudden change of voltage or current or load,"n. 瞬, 短期居留者, 过境鸟, 瞬变现象\na. 短暂的, 易变的, 瞬变的, 路过的\n[计] 瞬变过程; 过渡过程; 过渡的; 瞬变的; 瞬时峰值电压",,1,,cet6 ky toefl gre,10341,10735,s:transients,,
transistor,træn'zistә,n. a semiconductor device capable of amplification,n. 晶体管\n[化] 晶体管,,1,,cet4 cet6 ky ielts,10735,13031,s:transistors,,
transit,'trænsit,v. make a passage or journey from one place to another\nv. pass across (a sign or house of the zodiac) or pass across (the disk of a celestial body or the meridian of a place)\nv. revolve (the telescope of a surveying transit) about its horizontal transverse axis in order to reverse its direction\nv. cause or enable to pass through,"n. 经过, 通行, 运输, 运输线, 转变\nvt. 运送, 使通过, 经过\nvi. 通过",,2,,cet6 toefl ielts,6107,4859,s:transits/i:transiting/d:transitted/p:transited/3:transits,,
transition,træn'ziʃәn,n. a change from one place or state or subject or stage to another\nn. a musical passage moving from one key to another\nn. a passage that connects a topic to one that follows\nv. cause to convert or undergo a transition,"n. 转变, 转换, 变迁, 过渡时期, 临时转调\n[化] 跃迁",,3,,cet6 ky toefl ielts gre,2912,2212,s:transitions/d:transitioned/i:transitioning/p:transitioned/3:transitions,,
transmission,træns'miʃәn,n. the act of sending a message; causing a message to be transmitted\nn. communication by means of transmitted signals\nn. the gears that transmit power from an automobile engine via the driveshaft to the live axle,"n. 传输, 传送, 变速器\n[计] 传输",,2,,cet4 cet6 ky toefl ielts,4198,3665,s:transmissions,,
transmit,træns'mit,v. send from one person or place to another,"vt. 传输, 传染, 传达, 遗传, 发射, 传播\nvi. 发射信号, 留传下来\n[计] 传送",,2,,cet4 cet6 ky toefl gre,4532,4836,d:transmitted/i:transmitting/p:transmitted/3:transmits,,
transplant,træns'plɑ:nt,n. an operation moving an organ from one organism (the donor) to another (the recipient)\nn. the act of removing something from one location and introducing it in another location\nv. lift and reset in another soil or situation\nv. be transplantable,"vt. 使移居, 移植, 使迁移\nvi. 移居, 耐移植\nn. 移居者, 移植",,2,,cet4 cet6 ky toefl ielts,8061,5386,s:transplants/d:transplanted/p:transplanted/i:transplanting/3:transplants,,
transport,træns'pɒ:t,"n. an exchange of molecules (and their kinetic energy and momentum) across the boundary between adjacent layers of a fluid or across cell membranes\nv. move something or somebody around; usually over long distances\nv. move while supporting, either in a vehicle or in one's hands or on one's body\nv. transport commercially","n. 运输, 运输工具, 激动, 狂喜, 流放犯\nvt. 传送, 运输, 流放\n[计] 传送",,4,1,gk cet4 cet6 ky ielts gre,1202,4640,d:transported/i:transporting/p:transported/3:transports/s:transports,,
traverse,'trævә:s,v. travel across or pass over\nv. deny formally (an allegation of fact by the opposing party) in a legal suit,"n. 越过, 横贯, 横断物, 屏障, 否认, 反驳\nvt. 横过, 穿过, 经过, 详细研究, 反对, 在...来回移动\nvi. 横越, 横断, 旋转, 来回移动\na. 横亘的, 横贯的",,1,,cet6 toefl ielts gre,11616,9649,d:traversed/i:traversing/p:traversed/3:traverses/s:traverses,,
treaty,'tri:ti,n. a written agreement between two states or sovereigns,"n. 条约, 谈判\n[经] 协议, 协定, 协商",,4,,cet4 cet6 ky ielts gre,1659,2836,s:treaties,,
tremendous,tri'mendәs,"s extraordinarily large in size or extent or amount or power or degree; that a whole civilization should be dependent on technology""- Walter Lippman\ns extraordinarily good or great; used especially as intensifiers\ns extreme in degree or extent or amount or impact","a. 巨大的, 非常的, 可怕的",,3,,cet4 cet6 ky toefl ielts gre,3501,2768,,,
trench,trentʃ,n. a ditch dug as a fortification having a parapet of the excavated earth\nn. a long steep-sided depression in the ocean floor\nn. any long ditch cut in the ground\nv. fortify by surrounding with trenches,"n. 渠, 沟渠, 战壕\nvt. 在...开沟, 挖战壕于, 用战壕围住\nvi. 挖战壕, 开沟",,1,,cet6 ky toefl ielts gre,5674,6459,s:trenches/i:trenching/p:trenched/d:trenched/3:trenches,,
trend,trend,n a general direction in which something tends to move\nn general line of orientation\nn a general tendency to change (as of opinion)\nn the popular taste at a given time\nv turn sharply; change direction abruptly,"n. 趋势, 倾向, 走向\nvi. 倾向, 转向\n[计] 趋势",,3,1,gk cet4 cet6 ky toefl ielts gre,1949,1697,s:trends/i:trending/p:trended/3:trends/d:trended,,
trial,'traiәl,n. trying something to find out about it\nn. (law) the determination of a person's innocence or guilt by due process of law\nn. (sports) a preliminary competition to determine qualifications\nn. an annoying or frustrating or catastrophic event,"n. 审判, 试验, 艰苦, 麻烦事, 考验\na. 审讯的, 试验性的",,4,1,gk cet4 cet6 ky toefl ielts,1166,898,s:trials/p:trialled,,
tribe,traib,n. a social division of (usually preliterate) people\nn. a federation (as of American Indians)\nn. (biology) a taxonomic category between a genus and a subfamily,"n. 宗族, 部落, 一群人\n[医] 族(生物分类)",,2,,cet4 cet6 ky toefl ielts,4602,2948,s:tribes,,
tribute,'tribju:t,n. something given or done as an expression of esteem\nn. payment by one nation for protection by another,"n. 贡物, 礼物, 颂辞",,2,,cet6 ky toefl gre,3939,4953,s:tributes,,
trifle,'traifl,"n. a cold pudding made of layers of sponge cake spread with fruit or jelly; may be decorated with nuts, cream, or chocolate","n. 琐事, 少量\nvt. 浪费\nvi. 开玩笑, 翻弄, 虚度光阴",,1,,cet4 cet6 ky ielts gre,11802,16426,s:trifles/d:trifled/i:trifling/p:trifled/3:trifles,,
trigger,'trigә,n. a device that activates or releases or causes something to happen\nn. an act that sets in motion some course of events\nv. release or pull the trigger on,"n. 触发器, 扳机\nvt. 触发, 发射, 引起\nvi. 松开扳柄\n[计] 切换开关",,3,,cet6 ky toefl ielts gre,4962,3666,d:triggered/p:triggered/i:triggering/3:triggers/s:triggers,,
triple,'tripl,n. a base hit at which the batter stops safely at third base\nn. a quantity that is three times as great as another\nv. increase threefold\nv. hit a three-base hit,"n. 三倍数, 三个一组\na. 三倍的\nvt. 使增至三倍\nvi. 增至三倍",,2,,cet6 ky ielts,8696,7063,d:tripled/p:tripled/s:triples/i:tripling/3:triples,,
triumph,'traiәmf,n. the exultation of victory,"n. 凯旋, 胜利, 欢欣\nvi. 得胜, 成功",,3,,cet4 cet6 ky toefl ielts gre,3546,4638,s:triumphs/p:triumphed/d:triumphed/i:triumphing/3:triumphs,,
trivial,'tiviәl,s. concerned with trivialities,"a. 琐碎的, 不重要的, 轻微的, 平常的",,1,,cet6 ky toefl ielts gre,5940,8180,,,
tub,tʌb,n. a large open vessel for holding or storing liquids\nn. the amount that a tub will hold,"n. 桶, 浴盆\nvt. 装入桶, 洗澡\nvi. 洗盆浴, 被放在桶里洗",,1,,cet4 cet6 ky toefl,8657,5418,s:tubs/i:tubbing/d:tubbed,,
tuck,tʌk,n. eatables (especially sweets)\nn. (sports) a bodily position adopted in some sports (such as diving or skiing) in which the knees are bent and the thighs are drawn close to the chest\nn. a narrow flattened pleat or fold that is stitched in place\nv. fit snugly into,"n. 缝褶, 活力, 鼓声, 船尾突出部, 食品\nvt. 打褶, 卷起, 挤进, 塞, 收藏\nvi. 缝褶裥, 缩拢",,2,,cet4 cet6 ky ielts,4336,4115,d:tucked/p:tucked/i:tucking/3:tucks/s:tucks,,
tug,tʌg,n. a sudden abrupt pull\nv. pull hard\nv. strive and make an effort to reach a goal\nv. tow (a vessel) with a tug,"n. 用力拉, 拖曳, 苦干, 挣扎, 绳索\nv. 用力拉",,2,,cet6 ky toefl ielts,6725,6210,p:tugged/i:tugging/s:tugs/d:tugged/3:tugs,,
tuition,tju:'iʃәn,n. a fee paid for instruction (especially for higher education),"n. 学费, 讲授",,1,,cet4 cet6 ky toefl ielts,8818,5817,i:tuitioning,,
tumble,tʌmbl,"n. an acrobatic feat of rolling or turning end over end\nv. fall down, as if collapsing\nv. roll over and over, back and forth\nv. throw together in a confused mass","n. 跌倒, 摔跤, 翻斤斗\nvi. 翻倒, 摔倒, 倒塌, 滚动, 翻斤斗, 仓促地行动\nvt. 使摔倒, 使滚翻, 弄乱",,2,,cet4 cet6 ky toefl ielts,6023,5472,p:tumbled/i:tumbling/d:tumbled/3:tumbles/s:tumbles,,
tunnel,'tʌnl,"n. a passageway through or under something, usually underground (especially one for trains or cars)\nv. force a way through","n. 隧道, 地下道\nvi. 挖隧道\nvt. 掘隧道于",,3,1,cet4 cet6 ky toefl ielts,2770,3355,s:tunnels/d:tunnelled/p:tunnelled/i:tunnelling/3:tunnels,,
turbulent,'tә:bjulәnt,s characterized by unrest or disorder or insubordination\ns (of a liquid) agitated vigorously; in a state of turbulence,"a. 狂暴的, 骚乱的, 紊乱的",,1,,cet4 cet6 ky toefl ielts gre,8716,9806,,,
turnover,'tә:n.әuvә,n. a dish made by folding a piece of pastry over a filling,"n. 翻倒, 翻转, 半圆酥饼, 营业额, 流通, 周转\na. 可翻转的",,2,,cet6 ky ielts,2796,6125,s:turnovers,,
tutor,'tju:tә,v. be a tutor to someone; give individual instruction\nv. act as a guardian to someone,"n. 家庭教师, 导师, 助教, 监护人\nvt. 当...的教师, 教, 指导, 约束, 克制\nvi. 当家庭教师, 受家庭教师的指导",,2,,gk cet4 cet6 ky toefl ielts gre,3839,9093,s:tutors/i:tutoring/p:tutored/3:tutors/d:tutored,,
twist,twist,n. a jerky pulling movement\nn. social dancing in which couples vigorously twist their hips and arms in time to the music; was popular in the 1960s\nn. turning or twisting around (in place)\nv. turn in the opposite direction,"n. 一扭, 扭曲, 曲折, 歪曲, 螺旋状, 新手法\nvt. 拧, 扭, 捻, 编织, 使扭转, 缠绕, 盘绕, 歪曲, 使转动, 使苦恼, 使混乱, 使旋转\nvi. 转向, 弯曲, 缠绕, 扭动, 呈螺旋形",,3,1,gk cet4 cet6 ky toefl ielts,3673,3759,p:twisted/i:twisting/d:twisted/s:twists/3:twists,,
ultimate,'ʌltimit,n. the finest or most superior quality of its kind\na. furthest or highest in degree or order; utmost or extreme\ns. being the last or concluding element of a series,"n. 终极, 根本, 顶点, 基本原则\na. 终极的, 根本的, 极限的, 最远的, 最后的, 最大的",,3,1,cet4 cet6 ky toefl gre,3002,2601,s:ultimates,,
ultraviolet,.ʌltrә'vaiәlit,n. radiation lying in the ultraviolet range; wave lengths shorter than light but longer than X rays\ns. having or employing wavelengths shorter than light but longer than X-rays; lying outside the visible spectrum at its violet end,a. 紫外线的\n[化] 紫外线的; 紫外线,,1,,cet6 ky toefl ielts,17084,9521,,,
unanimous,ju:'nænimәs,s in complete agreement\ns acting together as a single undiversified whole,"a. 意见一致的, 无异议的",,2,,cet6 ky toefl ielts gre,8721,8826,,,
underestimate,.ʌndәr'estimeit,n. an estimation that is too low; an estimate that is less than the true or actual value\nv. make too low an estimate of,"n. 低估\nvt. 低估, 看轻",,2,,cet6 ky toefl ielts,6426,6410,d:underestimated/i:underestimating/p:underestimated/3:underestimates/s:underestimates,,
undergo,.ʌndә'gәu,v. pass through,"vt. 遭受, 经历, 忍受\n[法] 经受, 经历, 忍受",,2,,cet4 cet6 ky toefl ielts,3059,3141,i:undergoing/d:undergone/p:underwent/3:undergoes,,
underlying,.ʌndә'laiiŋ,s. located beneath or below,"a. 在下面的\n[经] 优先的, 基础的, 放在下面的",,2,,cet6 ky toefl ielts gre,3334,4265,i:underlying/0:underlying/1:i,,
undermine,.ʌndә'main,v destroy property or hinder normal operations\nv hollow out as if making a cave or opening,"vt. 在...下面挖, 渐渐破坏, 暗地里破坏\n[法] 暗中破坏, 以阴谋中伤伤害",,3,,cet6 ky toefl ielts gre,3409,3697,d:undermined/i:undermining/3:undermines/p:undermined,,
unemployment,.ʌnim'plɒimәnt,n. the state of being unemployed or not having a job,"n. 失业, 失业人数\n[经] 失业",,1,1,gk cet6 ky ielts,1495,3492,,,
unfold,.ʌn'fәuld,v. open to the view\nv. extend or stretch out to a greater or the full length\nv. spread out or open from a closed or folded state,"vt. 展开, 打开, 披露, 开展, 挑明\nvi. 伸展, 开花, 呈现",,2,,gk cet6 ky toefl ielts gre,7574,4541,3:unfolds/p:unfolded/i:unfolding/d:unfolded,,
unique,ju:'ni:k,s. (followed by `to') applying exclusively to a given category or condition or locality\ns. highly unusual or rare but not the single instance,"a. 独一无二的, 独特的, 稀罕的",,3,1,gk cet4 cet6 ky toefl ielts gre,2090,1726,,,
unity,'ju:niti,n an undivided or unbroken completeness or totality with nothing wanting\nn the smallest whole number or a numeral representing this number\nn the quality of being united into one,"n. 一致, 联合, 单一(性), 个体\n[经] 统一",,3,,cet4 cet6 ky toefl,2795,3749,s:unities,,
universe,'ju:nivә:s,n. everything that exists anywhere\nn. everything stated or assumed in a given discussion,"n. 宇宙, 星系, (思想等)范围",,3,1,gk cet4 cet6 ky toefl,2905,2120,s:universes,,
update,ʌp'deit,n. news that updates your information\nv. modernize or bring up to date\nv. bring up to date; supply with recent information\nv. bring to the latest state of technology,"vt. 更新, 使现代化\nn. 更新\n[计] 更新",,2,,cet6 ky ielts,3884,4803,d:updated/i:updating/s:updates/p:updated/3:updates,,
upgrade,'ʌpgreid,n. software that provides better performance than an earlier version did\nn. a reservation that is improved\nn. the property possessed by a slope or surface that rises\nn. hardware that provides better performance than an earlier version did,"n. 上坡, 升级, 上升\nadv. 往上\nvt. 使升级, 提升, 改良品种\nvi. 升级\n[计] 升级",,2,,cet6 ky toefl gre,6186,5927,d:upgraded/i:upgrading/s:upgrades/p:upgraded/3:upgrades,,
uphold,ʌp'hәuld,"v. stand up for; stick up for; of causes, principles, or ideals\nv. support against an opponent","vt. 支撑, 赞成, 鼓励, 举起, 坚持\n[法] 确认, 赞成, 支持",,2,,cet6 ky toefl ielts gre,8694,5354,i:upholding/3:upholds/p:upheld/d:upheld,,
upright,'ʌprait,n. a vertical structural member as a post or stake\nn. a piano with a vertical sounding board\ns. in a vertical position; not sloping,"a. 正直的, 诚实的, 公正的, 垂直的, 竖式的\n[化] 立杆",,2,,cet4 cet6 ky toefl ielts gre,6573,7488,s:uprights/d:uprighted,,
urban,'ә:bәn,a. relating to or concerned with a city or densely populated area\na. located in or characteristic of a city or city life,"a. 都市的, 住在都市的, 习惯于都市的\n[法] 城市的, 都市的, 市区的",,3,1,gk cet4 cet6 ky toefl,1749,1583,,,
urge,ә:dʒ,n. an instinctive motive\nn. a strong restless desire\nv. force or impel in an indicated direction,"n. 冲动, 推动力, 迫切的要求\nvt. 驱策, 力劝, 竭力主张, 推动\nvi. 强烈要求",,4,1,gk cet4 cet6 ky toefl,2262,2261,p:urged/i:urging/d:urged/3:urges/s:urges,,
utilize,'ju:tilaiz,v. convert (from an investment trust to a unit trust),vt. 利用,,2,,cet4 cet6 ky toefl gre,10147,4264,d:utilized/i:utilizing/p:utilized/3:utilizes,,
utmost,'ʌtmәust,n. the greatest possible degree,"n. 极限, 最大限度, 极度\na. 极度的, 最远的",,1,,cet4 cet6 ky ielts,9464,11755,,,
vacant,'veikәnt,s. void of thought or knowledge\ns. without an occupant or incumbent,"a. 空的, 空白的, 空虚的, 空闲的, 茫然的, 空缺的\n[法] 空的, 空虚的, 闲暇的",,1,,gk cet4 cet6 ky toefl,6366,6751,,,
vain,vein,s characteristic of false pride; having an exaggerated sense of self-importance\ns unproductive of success,"a. 无价值的, 徒然的, 空虚的, 自负的, 愚蠢的",,2,,gk cet4 cet6 ky ielts gre,9731,10144,t:vainest/r:vainer,,
valid,'vælid,a. well grounded in logic or truth or having legal force\ns. still legally acceptable,"a. 有确实根据的, 有法律效力的, 正当的, 正确的\n[经] 有效的",,2,1,gk cet4 cet6 ky toefl,3211,4703,,,
valve,vælv,n. a structure in a hollow organ (like the heart) with a flap to insure one-way flow of fluid through it\nn. device in a brass wind instrument for varying the length of the air column to alter the pitch of a tone\nn. control consisting of a mechanical device for controlling the flow of a fluid\nn. the entire one-piece shell of a snail and certain other molluscs,"n. 活瓣, 阀, 活门\nv. 装阀, 用阀调节",,2,,cet6 ky toefl ielts gre,5127,5952,s:valves/d:valved,,
van,væn,n. (Great Britain) a closed railroad car that carries baggage or freight\nn. a camper equipped with living quarters\nn. a truck with an enclosed cargo space,"n. 货车, 篷车, 先锋, 前驱, 前卫\nvt. 用货车搬运\n[计] 增值网",,3,1,cet4 cet6 ky,3028,3115,s:vans,,
variation,.vєәri'eiʃәn,n. an instance of change; the rate or magnitude of change\nn. an activity that varies from a norm or standard\nn. a repetition of a musical theme in which it is modified or embellished\nn. an artifact that deviates from a norm or standard,"n. 变更, 变化, 变种, 变奏\n[医] 变异, 变易; 变度",,2,1,cet4 cet6 ky toefl ielts,1764,2927,s:variations,,
various,'vєәriәs,s of many different kinds purposefully arranged but lacking any uniformity\ns considered individually\ns distinctly dissimilar or unlike\ns having great diversity or variety,"a. 不同的, 各种的, 多方面的, 许多的, 个别的, 杂色的\n[法] 不同的, 种种的, 各式各样的",,4,1,gk cet4 cet6 ky toefl ielts,643,859,,,
vary,'vєәri,v. be subject to change in accordance with a variable\nv. make something more diverse and varied,"vt. 改变, 使多样化\nvi. 变化, 有不同, 违反",,3,1,cet4 cet6 ky toefl ielts,1510,2371,3:varies/d:varied/p:varied/i:varying,,
vast,vɑ:st,s unusually great in size or amount or degree or especially extent or scope,"a. 巨大的, 广大的, 非常的, 大量的",,3,1,gk cet4 cet6 ky toefl,1936,1965,r:vaster,,
vegetation,.vedʒi'teiʃәn,"n. all the plant life in a particular region or period\nn. the process of growth in plants\nn. an abnormal growth or excrescence (especially a warty excrescence on the valves of the heart)\nn. inactivity that is passive and monotonous, comparable to the inactivity of plant life","n. 植物\n[医] 贽生物, 贽疣, 增殖体; 生长, 增殖",,1,,cet6 ky toefl ielts,5829,6271,,,
vehicle,'vi:ikl,n. a conveyance that transports people or objects\nn. a medium for the expression or achievement of something\nn. any substance that facilitates the use of a drug or pigment or other material that is mixed with it,"n. 交通工具, 车辆, 传播媒介\n[化] 载体; 运载体; 漆料",,4,1,zk gk cet4 cet6 ky toefl ielts gre,1319,1293,s:vehicles,,
veil,veil,"n. a membranous covering attached to the immature fruiting body of certain mushrooms\nv. to obscure, or conceal with or as if with a veil","n. 面纱, 面罩, 借口, 幕, 帐, 遮蔽物\nvt. 戴面纱, 隐藏, 遮蔽, 掩饰\nvi. 蒙上面纱",,1,,cet4 cet6 ky toefl ielts gre,7969,7300,s:veils/d:veiled/p:veiled/i:veiling/3:veils,,
vein,vein,n. a blood vessel that carries blood from the capillaries toward the heart\nn. a distinctive style or manner\nn. any of the vascular bundles or ribs that form the branching framework of conducting and supporting tissues in a leaf or other plant organ\nn. a layer of ore between layers of rock,"n. 血管, 静脉, 纹理, 气质, 情绪\nvt. 使有脉络, 像脉络般分布于",,2,,cet6 ky toefl ielts,4355,5023,s:veins/d:veined/i:veining/p:veined/3:veins,,
velocity,vi'lɒsәti,n distance travelled per unit time,"n. 速度, 迅速\n[化] 速度",,1,,cet4 cet6 ky toefl ielts gre,5887,6557,s:velocities,,
velvet,'velvit,n. a silky densely piled fabric with a plain back\ns. smooth and soft to sight or hearing or touch or taste\ns. resembling velvet in having a smooth soft surface,n. 天鹅绒\na. 天鹅绒的,,2,,cet4 cet6 ky ielts,6159,6154,s:velvets,,
vent,vent,n. a hole for the escape of gas or air\nn. external opening of urinary or genital system of a lower vertebrate\nn. a fissure in the earth's crust (or in the surface of some other planet) through which molten lava and gases erupt\nn. a slit in a garment (as in the back seam of a jacket),"n. 排气口, 出口, 通风孔, 发泄\nvt. 发泄, 排出, 给...开孔",,1,,cet6 toefl ielts gre,9816,7608,s:vents/i:venting/p:vented/d:vented/3:vents,,
ventilate,'ventileit,v. expose to the circulation of fresh air so as to retard spoilage\nv. circulate through and freshen\nv. furnish with an opening to allow air to circulate or gas to escape,"vt. 使空气流通, 使通风, 公开讨论, 公开\n[医] 通风, 换气",,1,,cet6 ky toefl ielts gre,19165,23817,d:ventilated/i:ventilating/3:ventilates/p:ventilated,,
venture,'ventʃә,n. any venturesome undertaking especially one with an uncertain outcome\nn. a commercial undertaking that risks a loss but promises a profit\nv. proceed somewhere despite the risk of possible dangers\nv. put at risk,"n. 冒险, 风险\nvt. 敢于, 冒...的危险\nvi. 冒险",,3,1,cet4 cet6 ky toefl ielts,2888,3294,s:ventures/p:ventured/i:venturing/d:ventured/3:ventures,,
verbal,'vә:bl,s. communicated in the form of words\na. of or relating to or formed from words in general\na. of or relating to or formed from a verb\na. relating to or having facility in the use of words,"a. 用言辞的, 言语的, 口头的, 逐字的, 动词的\n[医] 言语的, 口述的",,2,,cet6 ky toefl ielts gre,4311,4037,s:verbals,,
verdict,'vә:dikt,n. (law) the findings of a jury on issues of fact submitted to it for decision; can be used in formulating a judgment,"n. 裁决, 判决, 判断性意见, 定论, 结论\n[法] 定论, 判断, 意见",,3,,cet6 ky toefl ielts gre,4163,4245,s:verdicts,,
verge,vә:dʒ,n. the limit beyond which something happens or changes\nn. a grass border along a road\nv. border on; come close to,"n. 边缘, 边界, 起始点\nvi. 处在边缘, 接近, 下沉, 趋向",,2,,cet6 ky ielts gre,6843,6637,i:verging/s:verges/p:verged/3:verges/d:verged,,
verify,'verifai,v. confirm the truth of\nv. attach or append a legal verification to (a pleading or petition),"vt. 证明, 查证, 证实, 检验, 校验\n[计] 校验, 检验; DOS内部命令:设定写入磁盘时是否验证写入的正确性",,1,,cet4 cet6 ky toefl gre,7592,5634,d:verified/i:verifying/p:verified/3:verifies,,
versatile,'vә:sәtail,s. having great diversity or variety\ns. changeable or inconstant\ns. competent in many areas and able to turn with ease from one thing to another\ns. able to move freely in all directions,"a. 多才多艺的, 万用的, 万向的",,2,,cet6 ky toefl ielts gre,8771,8734,,,
verse,vә:s,n. a piece of poetry\nn. a line of metrical text\nv. compose verses or put into verse\nv. familiarize through thorough study or experience,"n. 诗, 韵文, 诗句\nvt. 用诗表达\nvi. 作诗",,2,,cet6 ky toefl gre,3540,5446,s:verses/d:versed/i:versing/p:versed/3:verses,,
version,'vә:ʒәn,n. an interpretation of a matter from a particular viewpoint\nn. something a little different from others of the same type\nn. manual turning of a fetus in the uterus (usually to aid delivery),"n. 一种描述, 版本, 译文\n[计] 版本",,4,1,gk cet4 cet6 ky toefl ielts,953,1130,s:versions,,
versus,'vә:sәs,"prep. Against; as, John Doe versus Richard Roe; -- chiefly\n   used in legal language, and abbreviated to v. or vs.","prep. 对...\n[法] 诉, 对, 相形",,2,,cet6 ky ielts,5680,3160,,,
vertical,'vә:tikl,n. something that is oriented vertically\na. at right angles to the plane of the horizon or a base line\na. relating to or involving all stages of a business from production to distribution\ns. of or relating to different levels in a hierarchy (as levels of social class or income group),"a. 垂直的, 直立的\n[医] 垂直的, 顶的, 头顶的",,2,1,gk cet4 cet6 ky toefl ielts gre,3857,4448,s:verticals,,
veto,'vi:tәu,n. a vote that blocks a decision\nn. the power or right to prohibit or reject a proposed or intended act (especially the power of a chief executive to reject a bill passed by the legislature)\nv. vote against; refuse to endorse; refuse to assent,"n. 否决权\nvt. 否决, 禁止",,2,,cet6 ky toefl ielts gre,10573,7289,d:vetoed/p:vetoed/i:vetoing/3:vetoes,,
vice,vais,n. a specific form of evildoing,"n. 恶习, 恶行, 罪恶, 堕落, 缺陷, 恶癖, 老虎钳\nvt. 钳住\nprep. 代替",,3,,gk cet4 cet6 ky ielts,7210,9910,s:vices,,
vicinity,vi'siniti,n. a surrounding or nearby region,"n. 附近, 邻近, 附近地区, 近处\n[法] 附近, 邻近, 附近地区",,1,,cet6 ky toefl ielts gre,7578,9483,s:vicinities,,
vicious,'viʃәs,s (of persons or their actions) able or disposed to inflict pain or suffering\ns having the nature of vice\ns bringing or deserving severe rebuke or censure\ns marked by deep ill will; deliberately harmful,"a. 邪恶的, 堕落的, 品性不端的, 恶毒的, 恶性的, 有错误的\n[医] 缺点的, 恶的",,2,,cet6 ky ielts gre,5926,6247,,,
victim,'viktim,n. an unfortunate person who suffers from some adverse circumstance\nn. a person who is tricked or swindled,"n. 受害人, 牺牲者, 牺牲品\n[法] 受害人, 被害人, 遭难者",,4,1,gk cet4 cet6 ky,1371,1063,s:victims,,
vigorous,'vigәrәs,s. characterized by forceful and energetic action or activity\ns. strong and active physically or mentally,"a. 精力充沛的, 元气旺盛的, 茁壮的, 有力的",,2,,cet4 cet6 ky toefl ielts gre,5561,6236,,,
violate,'vaiәleit,v. fail to agree with; be in violation of; as of rules or patterns\nv. destroy,"vt. 违犯, 亵渎, 违反, 侵犯, 妨碍\n[经] 违犯, 违反",,3,,gk cet6 ky toefl ielts gre,7012,2909,d:violated/i:violating/p:violated/3:violates/s:violates,,
violent,'vaiәlәnt,a. acting with or marked by or resulting from great force or energy or emotional intensity\ns. effected by force or injury rather than natural causes\ns. (of colors or sounds) intensely vivid or loud,"a. 暴力的, 猛烈的, 激烈的, 极端的, 凶暴的",,3,1,gk cet4 cet6 ky toefl ielts,2807,2158,,,
virgin,'vә:dʒin,n. a person who has never had sex\ns. being used or worked for the first time,"n. 处女\na. 处女的, 贞洁的, 纯洁的, 初始的, 纯的",,2,,cet6 ky,4131,10055,s:virgins,,
virtual,'vә:tʃuәl,s. being actually such in almost every respect\ns. existing in essence or effect though not in actual fact,"a. 实际上起作用的, 虚的, 实质的, 有效的, 事实上生效的\n[计] 虚拟",,2,,cet4 cet6 ky toefl ielts gre,6101,3675,,,
virtue,'vә:tju:,n. the quality of doing what is right and avoiding what is wrong\nn. morality with respect to sexual relations\nn. a particular moral excellence,"n. 德行, 美德, 优点, 功效, 效力\n[法] 美德, 贞操, 优点",,2,,gk cet4 cet6 ky toefl,2960,3362,s:virtues,,
visa,'vi:zә,n. an endorsement made in a passport that allows the bearer to enter the country issuing it\nv. provide (a passport) with a visa\nv. approve officially,n. 签证\nvt. 签发,,2,,gk cet6 ky ielts,8033,5525,s:visas/i:visaing/p:visaed/3:visas/d:visaed,,
vision,'viʒәn,n. a vivid mental image\nn. the perceptual experience of seeing\nn. a religious or mystical experience of a supernatural appearance,"n. 视觉, 眼光, 视力, 幻想\nvt. 梦见, 想象, 显示",,3,1,cet4 cet6 ky toefl,1921,1216,s:visions,,
visualize,'viʒuәlaiz,v. imagine; conceive of; see in one's mind\nv. view the outline of by means of an X-ray\nv. form a mental picture of something that is invisible or abstract\nv. make visible,"vt. 使看得见, 使具体化, 想象, 设想\nvi. 想象, 显形",,2,,cet6 ielts,12013,8673,d:visualized/p:visualized/i:visualizing/3:visualizes,,
vital,'vaitl,s. performing an essential function in the living body\ns. manifesting or characteristic of life,"a. 生命的, 重要的, 充满活力的, 生死攸关的, 致命的\n[医] 生命的, 生活的, 生活上必需的, 紧要的",,3,1,gk cet4 cet6 ky toefl ielts gre,1803,2916,s:vitals,,
vivid,'vivid,s. having the clarity and freshness of immediate experience,"a. 生动的, 鲜明的, 鲜艳的, 活泼的, 逼真的, 清晰的",,2,,gk cet4 cet6 ky toefl ielts gre,5560,5539,,,
vocal,'vәukl,a. relating to or designed for or using the singing voice\na. having or using the power to produce speech or sound\ns. full of the sound of voices,"a. 嗓音的, 声音的, 有声的, 歌唱的\nn. 元音, 声乐作品",,2,,cet6 ky toefl,7011,4488,s:vocals,,
vocational,vәu'keiʃәnl,a. of or relating to a vocation or occupation; especially providing or undergoing training in special skills,"a. 职业的\n[法] 职业上的, 天职的",,1,,cet6 toefl ielts,5875,8293,,,
void,vɒid,"n. an empty area or space\nv. clear (a room, house, place) of occupants or empty or clear (a place or receptacle) of something\ns. containing nothing","n. 空虚, 空间, 空白, 空隙, 空虚感\na. 空的, 无效的, 无人的, 没有的, 无用的\n[计] 脱墨; 空白点",,1,,cet6 ky toefl ielts gre,8457,6815,s:voids/d:voided/p:voided/i:voiding/3:voids/r:voider,,
volume,'vɒljum,n. the amount of 3-dimensional space occupied by an object\nn. a publication that is one of a set of several similar publications\nn. a relative amount\nn. the magnitude of sound (usually in a specified direction),"n. 册, 卷, 体积, 容量, 大量, 许多, 份量, 音量\nvi. 成团卷起\nvt. 把...收集成卷\na. 大量的\n[计] 卷",,4,1,cet4 cet6 ky toefl ielts,1358,1917,s:volumes,,
voluntary,'vɒlәntәri,n. composition (often improvised) for a solo instrument (especially solo organ) and not a regular part of a religious service or musical performance\na. of your own free will or design; done by choice; not forced or compelled\na. controlled by individual volition,"a. 自动的, 自愿的, 故意的, 志愿的, 自发的\nn. 自愿行动, 志愿者, 自由调",,3,,gk cet4 cet6 ky toefl ielts,2263,4701,s:voluntaries,,
volunteer,.vɒlәn'tiә,n. (military) a person who freely enlists for service\nn. a person who performs voluntary work\nv. tell voluntarily\nv. agree freely,n. 志愿者\na. 志愿的\nv. 自愿,,3,,gk cet4 cet6 ky toefl ielts,3012,2284,s:volunteers/p:volunteered/d:volunteered/i:volunteering/3:volunteers,,
vulgar,'vʌlgә,s lacking refinement or cultivation or taste\ns of or associated with the great masses of people\ns being or characteristic of or appropriate to everyday language\ns conspicuously and tastelessly indecent,"a. 粗俗的, 庸俗的, 普通的, 通俗的, 方言的\n[法] 庸俗的, 卑下的, 粗俗的",,1,,cet6 ky toefl ielts gre,9913,11317,,,
vulnerable,'vʌlnәrәbl,a. susceptible to attack\ns. susceptible to criticism or persuasion or temptation\ns. capable of being wounded or hurt,"a. 易受伤害的, 有弱点的, 易受影响的, 脆弱的, 成局的\n[医] 易损的",,3,,cet6 ky toefl ielts gre,2998,2955,,,
wallet,'wɒlit,n. a pocket-size case for holding papers and paper money,"n. 皮夹\n[法] 皮包, 皮夹, 钱袋",,1,1,gk cet4 cet6 ky,7130,5587,s:wallets,,
ward,wɒ:d,n. a person who is under the protection or in the custody of another\nn. a district into which a city or town is divided for the purpose of administration and elections\nn. block forming a division of a hospital (or a suite of rooms) shared by patients who need a similar kind of care\nn. English economist and conservationist (1914-1981),"n. 病房, 守卫, 保卫, 保护, 监护, 牢房, 行政区, 锁孔内的榫舌\nvt. 使入病房, 守护, 保卫",,2,,gk cet6 ky toefl ielts,2949,5065,s:wards/i:warding/d:warded/p:warded/3:wards,,
wardrobe,'wɒ:drәub,n. a tall piece of furniture that provides storage space for clothes; has a door and rails or hooks for hanging clothes\nn. collection of clothing belonging to one person\nn. collection of costumes belonging to a theatrical company,"n. 衣橱, 衣室, 全部衣服",,2,,cet6 ky ielts gre,5424,7918,s:wardrobes,,
warehouse,'wєәhaus,n. a storehouse for goods and merchandise\nv. store in a warehouse,"n. 仓库, 货栈, 大商店\nvt. 储入仓库",,2,,gk cet6 ky toefl ielts gre,4490,4922,s:warehouses/p:warehoused/i:warehousing/3:warehouses/d:warehoused,,
warfare,'wɒ:fєә,n the waging of armed conflict against an enemy\nn an active struggle between competing entities,"n. 战争, 战斗, 交战, 斗争, 竞争\n[法] 战事, 作战, 交战",,2,,cet6 ky toefl,6384,5066,,,
warrant,'wɒ:rәnt,n. a writ from a court commanding police to perform specified acts\nn. a type of security issued by a corporation (usually together with a bond or preferred stock) that gives the holder the right to purchase a certain amount of common stock at a stated price,"n. 授权, 正当理由, 根据, 证明, 批准, 凭证, 令状, 委任状\nvt. 授权给, 保证, 担保, 批准, 使有正当理由",,2,,cet6 ky toefl gre,5321,5999,s:warrants/3:warrants/d:warranted/p:warranted/i:warranting,,
watertight,'wɒtәtait,s. not allowing water to pass in or out,"a. 不透水的, 不漏水的, 无懈可击的\n[化] 不透水的; 不漏水的",,,,cet6,18418,23518,,,
watt,wɒt,n. a unit of power equal to 1 joule per second; the power dissipated by a current of 1 ampere flowing across a resistance of 1 ohm\nn. Scottish engineer and inventor whose improvements in the steam engine led to its wide use in industry (1736-1819),n. 瓦(特)\n[化] 瓦; 瓦特,,1,,cet6 ky,9271,0,s:watts,,
wax,wæks,n. any of various substances of either mineral origin or plant or animal origin; they are solid at normal temperatures and insoluble in water\nv. cover with wax\nv. go up or advance\nv. increase in phase,"n. 蜡, 蜡状物, 一阵发怒, 增加, (月亮)渐盈\nvi. 变大, 增大, 月亮渐满\nvt. 上蜡于",,2,,gk cet4 cet6 ky toefl ielts gre,7744,7228,i:waxing/p:waxed/s:waxes/3:waxes/d:waxed,,
wealth,welθ,n. the state of being rich and affluent; having a plentiful supply of material goods and money\nn. the quality of profuse abundance\nn. an abundance of material possessions and resources\nn. property that has economic utility: a monetary value or an exchange value,"n. 财富, 资源, 财产, 丰富, 富裕, 大量\n[经] 财富",,3,1,zk gk cet4 cet6 ky ielts,2310,2559,,,
wealthy,'welθi,s having an abundant supply of money or possessions of value,"a. 富有的, 丰裕的, 充分的",,2,,gk cet4 cet6 ky,4114,3015,r:wealthier/t:wealthiest,,
weapon,'wepәn,n. any instrument or instrumentality used in fighting or hunting\nn. a means of persuading or arguing,"n. 武器, 兵器\nvt. 武装",,4,1,cet4 cet6 ky toefl ielts,1559,929,s:weapons,,
weary,'wiәri,v exhaust or get tired through overuse or great strain or stress\nv lose interest or become bored with something or somebody\ns physically and mentally fatigued,"a. 疲倦的, 萎靡的, 厌倦的, 厌烦的\nvt. 使疲倦, 使厌烦\nvi. 疲乏, 生厌, 不耐烦",,2,,cet4 cet6 ky toefl ielts gre,7027,6761,d:wearied/i:wearying/p:wearied/r:wearier/s:wearies/t:weariest/3:wearies,,
web,web,n. an intricate network suggesting something that was formed by weaving or interweaving\nn. an intricate trap that entangles or ensnares its victim\nn. a fabric (especially a fabric in the process of being woven)\nn. membrane connecting the toes of some aquatic birds and mammals,"n. 网, 蛛丝, 蹼, 织物, 圈套, 卷筒纸\nvi. 结网, 形成网\nvt. 织蜘蛛网于, 使落入圈套",,1,1,gk cet6 ky ielts,6919,3706,s:webs/i:webbing/p:webbed/3:webs/d:webbed,,
wedge,wedʒ,n. any shape that is triangular in cross section\nn. (golf) an iron with considerable loft and a broad sole\nn. something solid that is usable as an inclined plane (shaped like a V) that can be pushed between two things to separate them\nv. squeeze like a wedge into a tight space,"n. 楔子, 楔形物, 起因, 导致分裂的东西\nvt. 楔住, 挤进, 楔入\nvi. 楔入, 挤进",,2,,cet6 ky ielts,8502,6257,s:wedges/d:wedged/p:wedged/i:wedging/3:wedges,,
weird,wiәd,"s. strikingly odd or unusual; some weird effect of shadow""- Bram Stoker","a. 怪异的, 超自然的, 不可思议的\nn. 命运, 预言, 符咒",,2,,ky toefl ielts gre,5398,3632,,,
whereas,hwєәr'æz,"adv. At which place; where.\nconj. Considering that; it being the case that; since; --\n   used to introduce a preamble which is the basis of declarations,\n   affirmations, commands, requests, or like, that follow.\nconj. When in fact; while on the contrary; the case being in\n   truth that; although; -- implying opposition to something that\n   precedes; or implying recognition of facts, sometimes followed by a\n   different statement, and sometimes by inferences or something\n   consequent.","conj. 然而, 鉴于\n[法] 考虑到, 鉴于, 就...而论",,3,1,cet4 cet6 ky toefl ielts,1524,2731,,,
whereby,(h)weә'bai,adv. By which; -- used relatively.\nadv. By what; how; -- used interrogatively.,"adv. 靠什么, 如何, 为何, 靠那个, 因此, 由此\n[法] 因此, 由是",,2,,cet6 ielts,3568,8497,,,
whirl,hwә:l,n. confused movement\nn. the shape of something rotating rapidly\nv. cause to spin\nv. fly around,"n. 回旋, 旋转, 急走, 眩晕\nvt. 使旋转, 使回旋, 卷走\nvi. 回旋, 旋转, 急走, 发晕",,1,,cet4 cet6 ky ielts,10659,8035,p:whirled/i:whirling/3:whirls/d:whirled/s:whirls,,
withdraw,wið'drɒ:,v. pull back or move away or backward\nv. remove (a commodity) from (a supply source),"vt. 撤回, 取回, 撤消, 使撤退, 拉开, 移开\nvi. 撤退, 离开",,4,1,gk cet4 cet6 ky toefl ielts gre,1920,2786,d:withdrawn/p:withdrew/i:withdrawing/3:withdraws,,
withhold,wið'hәuld,v. hold back; refuse to hand over or share\nv. retain and refrain from disbursing; of payments,"vt. 使停止, 扣留, 保留, 拒给\nvi. 克制, 忍住",,2,,cet6 ky ielts gre,7039,6650,d:withheld/i:withholding/p:withheld/3:withholds,,
witness,'witnis,n. someone who sees an event and reports what happened\nn. testimony by word or deed to your religious faith\nn. (law) a person who attests to the genuineness of a document or signature by adding their own signature\nn. (law) a person who testifies under oath in a court of law,"n. 证人, 目击者, 证据, 证词\nvt. 目击, 作证, 证明, 表明\nvi. 作证人, 作为证据",,3,1,gk cet4 cet6 ky toefl ielts gre,2473,1970,s:witnesses/d:witnessed/p:witnessed/i:witnessing/3:witnesses,,
worthwhile,'wә:θ'hwail,s. sufficiently valuable to justify the investment of time or interest,"a. 值得花时间的, 值得做的, 有真实价值的",,2,,gk cet4 cet6 ky ielts,4264,6958,,,
worthy,'wә:ði,"n. an important, honorable person (word is often used humorously)\na. having worth or merit or value; being honorable or admirable\ns. having qualities or abilities that merit recognition in some way","n. 杰出人物\na. 有价值的, 可敬的, 值得的",,2,,gk cet4 cet6 ky toefl,4663,5102,s:worthies/r:worthier/t:worthiest,,
wreck,rek,n. something or someone that has suffered ruin or dilapidation\nn. a ship that has been destroyed at sea,"n. 失事, 残骸, 破坏\nvt. 使失事, 拆毁, 破坏\nvi. (船)失事, 营救失事船只",,2,,cet4 cet6 ky toefl ielts,6918,7201,d:wrecked/p:wrecked/s:wrecks/i:wrecking/3:wrecks,,
wrench,'rentʃ,"n. a sharp strain on muscles or ligaments\nn. a hand tool that is used to hold or twist a nut or bolt\nv. twist or pull violently or suddenly, especially so as to remove (something) from that to which it is attached or from where it originates\nv. make a sudden twisting motion","n. 扳钳, 扳手, 扭伤, 歪曲, 痛苦\nvt. 猛扭, 扭伤, 曲解, 折磨\nvi. 猛扭, 猛绞",,1,,cet6 ky ielts gre,10564,10376,p:wrenched/i:wrenching/d:wrenched/s:wrenches/3:wrenches,,
wretched,'retʃid,s of very poor quality or condition\ns characterized by physical misery\ns very unhappy; full of misery\ns morally reprehensible\ns deserving or inciting pity,"a. 可怜的, 不幸的, 卑鄙的",,1,,cet6 ky ielts gre,7789,11796,,,
wrinkle,'riŋkl,"n. a slight depression in the smoothness of a surface\nn. a minor difficulty\nn. a clever method of doing something (especially something new and different)\nv. make wrinkles or creases on a smooth surface; make a pressed, folded or wrinkled line in","n. 皱纹, 妙计, 方法, 技巧\nvi. 起皱\nvt. 使起皱纹",,1,,gk cet6 ky toefl ielts gre,14095,7819,s:wrinkles/p:wrinkled/i:wrinkling/d:wrinkled/3:wrinkles,,
yacht,jɒt,n. an expensive vessel propelled by sail or power and used for cruising or racing\nv. travel in a yacht,"n. 快艇, 游艇\nvi. 驾游艇, 乘游艇",,3,,cet6 gre,4621,7495,s:yachts/i:yachting/p:yachted/3:yachts/d:yachted,,
yell,jel,v. utter or declare in a very loud voice,"vi. 叫喊, 大叫, (齐声)呐喊欢呼\nvt. 喊叫着说\nn. 叫声, 喊声, 呐喊",,2,,gk cet4 cet6 ky toefl,5181,2628,p:yelled/i:yelling/3:yells/s:yells/d:yelled,,
yield,ji:ld,"n. an amount of a product\nv. be the cause or source of\nv. give in, as to influence or pressure\nv. bring in","n. 生产量, 投资收益\nvt. 出产, 给予, 让出, 放弃, 使屈服\nvi. 出产, 屈服, 投降, 倒塌",,3,,cet4 cet6 ky toefl ielts,3333,2652,s:yields/3:yields/p:yielded/d:yielded/i:yielding,,
yoke,jәuk,n. fabric comprising a fitted part at the top of a garment\nn. an oppressive power\nn. a pair of draft animals joined by a yoke,"n. 轭, 牛轭, 束缚\nvt. 给...上轭, 连接, 结合, 使匹配\nvi. 结合, 匹配\n[计] 磁轭; 磁头组; 偏转线圈",,,,cet6 ielts gre,18732,16099,d:yoked/s:yokes/p:yoked/i:yoking/3:yokes,,
zinc,ziŋk,n. a bluish-white lustrous metallic element; brittle at ordinary temperatures but malleable when heated; used in a wide variety of alloys and in galvanizing iron; it occurs naturally as zinc sulphide in zinc blende\nv. coat or cover with zinc,n. 锌\nvt. 镀锌于,,2,,cet6 ky toefl,10458,10443,s:zincs/i:zincing/p:zinced/3:zincs/d:zinced,,
