word,sentenceId,sentence,decision,categories,rationale,reviewType,seed,severeInappropriate
score,11229121,Tom's credit score isn't very good.,pass,,"Read in full: the sentence is complete and natural, the target use is understandable, and no unnecessary charged or specialist background is required for a default learner.",random-semantic-pass1,216481793,false
slice,12127432,She brought him a slice of cake and a glass of eggnog.,pass,,"Read in full: the sentence is complete and natural, the target use is understandable, and no unnecessary charged or specialist background is required for a default learner.",random-semantic-pass1,216481793,false
realistic,12759709,The concept of space tourism is becoming more realistic each year.,pass,,"Read in full: the sentence is complete and natural, the target use is understandable, and no unnecessary charged or specialist background is required for a default learner.",random-semantic-pass1,216481793,false
skeleton,10051841,There's a skeleton following you everywhere you go.,pass,,"Read in full: the sentence is complete and natural, the target use is understandable, and no unnecessary charged or specialist background is required for a default learner.",random-semantic-pass1,216481793,false
fake,11592999,I run a fake numbers station just to troll people.,pass,,"Read in full: the sentence is complete and natural, the target use is understandable, and no unnecessary charged or specialist background is required for a default learner.",random-semantic-pass1,216481793,false
crucial,12767033,Data protection is crucial in the modern age.,pass,,"Read in full: the sentence is complete and natural, the target use is understandable, and no unnecessary charged or specialist background is required for a default learner.",random-semantic-pass1,216481793,false
detection,3289035,I'm testing whether the language detection works again.,pass,,"Read in full: the sentence is complete and natural, the target use is understandable, and no unnecessary charged or specialist background is required for a default learner.",random-semantic-pass1,216481793,false
negative,9805726,What is one negative thing your last boss say about you?,pass,,"Read in full: the sentence is complete and natural, the target use is understandable, and no unnecessary charged or specialist background is required for a default learner.",random-semantic-pass1,216481793,false
cylinder,10723434,The hydraulic cylinder was the main problem and was changed to a new one.,pass,,"Read in full: the sentence is complete and natural, the target use is understandable, and no unnecessary charged or specialist background is required for a default learner.",random-semantic-pass1,216481793,false
disastrous,8736356,"If I go back to their disastrous recipes, may the devil take me.",pass,,"Read in full: the sentence is complete and natural, the target use is understandable, and no unnecessary charged or specialist background is required for a default learner.",random-semantic-pass1,216481793,false
easter,12134669,Christmas and Easter are national holidays in America.,pass,,"Read in full: the sentence is complete and natural, the target use is understandable, and no unnecessary charged or specialist background is required for a default learner.",random-semantic-pass1,216481793,false
frequent,11062502,A downside to frequent flyer miles is that using them is complicated.,pass,,"Read in full: the sentence is complete and natural, the target use is understandable, and no unnecessary charged or specialist background is required for a default learner.",random-semantic-pass1,216481793,false
plague,11603073,Unmoderated hellholes remain extremely niche sites that most people avoid like the plague.,pass,,"Read in full: the sentence is complete and natural, the target use is understandable, and no unnecessary charged or specialist background is required for a default learner.",random-semantic-pass1,216481793,false
paradise,12764713,The island was a paradise with white sandy beaches.,pass,,"Read in full: the sentence is complete and natural, the target use is understandable, and no unnecessary charged or specialist background is required for a default learner.",random-semantic-pass1,216481793,false
speculate,12188991,"What could I do other than speculate as to your motives, when you didn't tell me them?",pass,,"Read in full: the sentence is complete and natural, the target use is understandable, and no unnecessary charged or specialist background is required for a default learner.",random-semantic-pass1,216481793,false
amplify,12487189,Tinfoil hats actually amplify the mind control signals. That's how they get you.,pass,,"Read in full: the sentence is complete and natural, the target use is understandable, and no unnecessary charged or specialist background is required for a default learner.",random-semantic-pass1,216481793,false
instance,12197780,You can't access an instance variable from a static method.,pass,,"Read in full: the sentence is complete and natural, the target use is understandable, and no unnecessary charged or specialist background is required for a default learner.",random-semantic-pass1,216481793,false
ferry,12764744,They took a ferry to a nearby island for the day.,pass,,"Read in full: the sentence is complete and natural, the target use is understandable, and no unnecessary charged or specialist background is required for a default learner.",random-semantic-pass1,216481793,false
flip,10059979,Tom replaced his smartphone with a cheap flip phone.,pass,,"Read in full: the sentence is complete and natural, the target use is understandable, and no unnecessary charged or specialist background is required for a default learner.",random-semantic-pass1,216481793,false
accumulate,11178247,"Local business owners clean the beach each morning, but the trash begins to accumulate shortly after.",pass,,"Read in full: the sentence is complete and natural, the target use is understandable, and no unnecessary charged or specialist background is required for a default learner.",random-semantic-pass1,216481793,false
involve,8421520,Divide-and-conquer strategies involve pitting groups against one another.,pass,,"Read in full: the sentence is complete and natural, the target use is understandable, and no unnecessary charged or specialist background is required for a default learner.",random-semantic-pass1,216481793,false
numerous,12765183,The space mission faced numerous technical difficulties.,pass,,"Read in full: the sentence is complete and natural, the target use is understandable, and no unnecessary charged or specialist background is required for a default learner.",random-semantic-pass1,216481793,false
communication,12759817,Tom thinks that open communication is key to mutual learning.,pass,,"Read in full: the sentence is complete and natural, the target use is understandable, and no unnecessary charged or specialist background is required for a default learner.",random-semantic-pass1,216481793,false
glide,10919464,"Barges filled with tourists glide around hairpin bends, past cobblestone walkways and beneath arched stone bridges.",pass,,"Read in full: the sentence is complete and natural, the target use is understandable, and no unnecessary charged or specialist background is required for a default learner.",random-semantic-pass1,216481793,false
cord,11948532,I remember when we used to cut the umbilical cord with a sharp knife.,pass,,"Read in full: the sentence is complete and natural, the target use is understandable, and no unnecessary charged or specialist background is required for a default learner.",random-semantic-pass1,216481793,false
accessory,12490216,Tom wears glasses purely as a fashion accessory.,pass,,"Read in full: the sentence is complete and natural, the target use is understandable, and no unnecessary charged or specialist background is required for a default learner.",random-semantic-pass1,216481793,false
evil,13425218,Danish words look friendly on paper but turn evil when spoken.,pass,,"Read in full: the sentence is complete and natural, the target use is understandable, and no unnecessary charged or specialist background is required for a default learner.",random-semantic-pass1,216481793,false
virtue,10092449,The beauty of virtue is utterly self-evident to me.,pass,,"Read in full: the sentence is complete and natural, the target use is understandable, and no unnecessary charged or specialist background is required for a default learner.",random-semantic-pass1,216481793,false
inclusive,12777179,Do they foster an inclusive environment?,pass,,"Read in full: the sentence is complete and natural, the target use is understandable, and no unnecessary charged or specialist background is required for a default learner.",random-semantic-pass1,216481793,false
imitate,13420210,Danish just sounds impossible to imitate.,pass,,"Read in full: the sentence is complete and natural, the target use is understandable, and no unnecessary charged or specialist background is required for a default learner.",random-semantic-pass1,216481793,false
denial,11538966,I was in denial of being an emo kid.,pass,,"Read in full: the sentence is complete and natural, the target use is understandable, and no unnecessary charged or specialist background is required for a default learner.",random-semantic-pass1,216481793,false
assess,10142195,Tom got out of his car to assess the damage.,pass,,"Read in full: the sentence is complete and natural, the target use is understandable, and no unnecessary charged or specialist background is required for a default learner.",random-semantic-pass1,216481793,false
ancient,12767953,Mary enjoyed exploring ancient ruins during her travels.,pass,,"Read in full: the sentence is complete and natural, the target use is understandable, and no unnecessary charged or specialist background is required for a default learner.",random-semantic-pass1,216481793,false
coarse,11355272,"When the coarse sieve laughs at the fine sieve, the sheepskin rug smiles mischievously.",pass,,"Read in full: the sentence is complete and natural, the target use is understandable, and no unnecessary charged or specialist background is required for a default learner.",random-semantic-pass1,216481793,false
restore,12765277,They joined the effort to restore order after the natural disaster.,pass,,"Read in full: the sentence is complete and natural, the target use is understandable, and no unnecessary charged or specialist background is required for a default learner.",random-semantic-pass1,216481793,false
theft,8343551,All intellectual property is theft from the public domain.,pass,,"Read in full: the sentence is complete and natural, the target use is understandable, and no unnecessary charged or specialist background is required for a default learner.",random-semantic-pass1,216481793,false
mission,12765106,The space mission was an urgent matter for the crew.,pass,,"Read in full: the sentence is complete and natural, the target use is understandable, and no unnecessary charged or specialist background is required for a default learner.",random-semantic-pass1,216481793,false
screw,8728675,"As for you, I think you just want to screw me up.",pass,,"Read in full: the sentence is complete and natural, the target use is understandable, and no unnecessary charged or specialist background is required for a default learner.",random-semantic-pass1,216481793,false
consequent,9952838,Affirming the consequent is an example of a formal logical fallacy.,pass,,"Read in full: the sentence is complete and natural, the target use is understandable, and no unnecessary charged or specialist background is required for a default learner.",random-semantic-pass1,216481793,false
environment,12768057,Tom is focused on protecting the environment for future generations.,pass,,"Read in full: the sentence is complete and natural, the target use is understandable, and no unnecessary charged or specialist background is required for a default learner.",random-semantic-pass1,216481793,false
strive,12776148,Do you strive to be the best version of yourself?,pass,,"Read in full: the sentence is complete and natural, the target use is understandable, and no unnecessary charged or specialist background is required for a default learner.",random-semantic-pass1,216481793,false
maintain,12765166,They were part of the effort to maintain peace and order.,pass,,"Read in full: the sentence is complete and natural, the target use is understandable, and no unnecessary charged or specialist background is required for a default learner.",random-semantic-pass1,216481793,false
bronze,12092164,The artifacts included statues and pieces made of bronze and terracotta.,pass,,"Read in full: the sentence is complete and natural, the target use is understandable, and no unnecessary charged or specialist background is required for a default learner.",random-semantic-pass1,216481793,false
fiction,11105311,I'd like to be able to read fantasy and science fiction in other languages.,pass,,"Read in full: the sentence is complete and natural, the target use is understandable, and no unnecessary charged or specialist background is required for a default learner.",random-semantic-pass1,216481793,false
ozone,9142908,"Ozone is good up high, bad nearby.",pass,,"Read in full: the sentence is complete and natural, the target use is understandable, and no unnecessary charged or specialist background is required for a default learner.",random-semantic-pass1,216481793,false
inject,9090610,Maybe you can inject some bleach into your arm.,pass,,"Read in full: the sentence is complete and natural, the target use is understandable, and no unnecessary charged or specialist background is required for a default learner.",random-semantic-pass1,216481793,false
persistent,11140283,We have been speaking against the persistent callous attacks in the country.,pass,,"Read in full: the sentence is complete and natural, the target use is understandable, and no unnecessary charged or specialist background is required for a default learner.",random-semantic-pass1,216481793,false
blink,12772613,Everything changed in the blink of an eye.,pass,,"Read in full: the sentence is complete and natural, the target use is understandable, and no unnecessary charged or specialist background is required for a default learner.",random-semantic-pass1,216481793,false
nickname,9805796,Have you ever had a nickname? What is it?,pass,,"Read in full: the sentence is complete and natural, the target use is understandable, and no unnecessary charged or specialist background is required for a default learner.",random-semantic-pass1,216481793,false
annoy,11669225,I pronounced his name wrong on purpose to annoy him.,pass,,"Read in full: the sentence is complete and natural, the target use is understandable, and no unnecessary charged or specialist background is required for a default learner.",random-semantic-pass1,216481793,false
bizarre,10357464,"Tom's actions might seem bizarre, but he's actually playing five-dimensional chess.",pass,,"Read in full: the sentence is complete and natural, the target use is understandable, and no unnecessary charged or specialist background is required for a default learner.",random-semantic-pass1,216481793,false
invert,11224170,"Tap the ""A"" button to add a blue filter and invert colors so light becomes dark and dark becomes light.",pass,,"Read in full: the sentence is complete and natural, the target use is understandable, and no unnecessary charged or specialist background is required for a default learner.",random-semantic-pass1,216481793,false
generous,11027274,Her seemingly generous actions turned out to be motivated purely by profit.,pass,,"Read in full: the sentence is complete and natural, the target use is understandable, and no unnecessary charged or specialist background is required for a default learner.",random-semantic-pass1,216481793,false
blaze,10844059,Tom wanted to go out in a blaze of glory.,pass,,"Read in full: the sentence is complete and natural, the target use is understandable, and no unnecessary charged or specialist background is required for a default learner.",random-semantic-pass1,216481793,false
financial,9949953,I am once again asking for your financial support.,pass,,"Read in full: the sentence is complete and natural, the target use is understandable, and no unnecessary charged or specialist background is required for a default learner.",random-semantic-pass1,216481793,false
revelation,10545401,It's not a particularly brilliant revelation of mine.,pass,,"Read in full: the sentence is complete and natural, the target use is understandable, and no unnecessary charged or specialist background is required for a default learner.",random-semantic-pass1,216481793,false
snack,10156697,Tom bought a snack from the vending machine.,pass,,"Read in full: the sentence is complete and natural, the target use is understandable, and no unnecessary charged or specialist background is required for a default learner.",random-semantic-pass1,216481793,false
mansion,9004046,Tom grew up in a terraced house just down the road from a ginormous mansion.,pass,,"Read in full: the sentence is complete and natural, the target use is understandable, and no unnecessary charged or specialist background is required for a default learner.",random-semantic-pass1,216481793,false
confident,12774838,Are you confident in the outcome?,pass,,"Read in full: the sentence is complete and natural, the target use is understandable, and no unnecessary charged or specialist background is required for a default learner.",random-semantic-pass1,216481793,false
web,11574005,Why is the cosmic web the way it is?,pass,,"Read in full: the sentence is complete and natural, the target use is understandable, and no unnecessary charged or specialist background is required for a default learner.",random-semantic-pass1,216481793,false
associate,10234391,Tom graduated from community college with an associate degree.,pass,,"Read in full: the sentence is complete and natural, the target use is understandable, and no unnecessary charged or specialist background is required for a default learner.",random-semantic-pass1,216481793,false
triumph,12777581,Does good always triumph over evil?,pass,,"Read in full: the sentence is complete and natural, the target use is understandable, and no unnecessary charged or specialist background is required for a default learner.",random-semantic-pass1,216481793,false
mask,9971289,You still need to wear a mask until herd immunity is achieved.,pass,,"Read in full: the sentence is complete and natural, the target use is understandable, and no unnecessary charged or specialist background is required for a default learner.",random-semantic-pass1,216481793,false
survival,12766032,Is there enough food for survival on the island?,pass,,"Read in full: the sentence is complete and natural, the target use is understandable, and no unnecessary charged or specialist background is required for a default learner.",random-semantic-pass1,216481793,false
monster,10099733,You are every bit the monster you claim we've become.,pass,,"Read in full: the sentence is complete and natural, the target use is understandable, and no unnecessary charged or specialist background is required for a default learner.",random-semantic-pass1,216481793,false
contribute,12768002,Tom believes every garden should contribute to the ecosystem.,pass,,"Read in full: the sentence is complete and natural, the target use is understandable, and no unnecessary charged or specialist background is required for a default learner.",random-semantic-pass1,216481793,false
loyalty,12777546,Do you think loyalty is the key to lasting love?,pass,,"Read in full: the sentence is complete and natural, the target use is understandable, and no unnecessary charged or specialist background is required for a default learner.",random-semantic-pass1,216481793,false
protein,12334989,How do you get your protein?,pass,,"Read in full: the sentence is complete and natural, the target use is understandable, and no unnecessary charged or specialist background is required for a default learner.",random-semantic-pass1,216481793,false
verse,11613752,Latin poetry used quantitative verse during the life of the language.,pass,,"Read in full: the sentence is complete and natural, the target use is understandable, and no unnecessary charged or specialist background is required for a default learner.",random-semantic-pass1,216481793,false
retention,12777177,She works on employee retention strategies.,pass,,"Read in full: the sentence is complete and natural, the target use is understandable, and no unnecessary charged or specialist background is required for a default learner.",random-semantic-pass1,216481793,false
elaborate,6121835,Tom has to perform elaborate rituals to alleviate his fear of spontaneous combustion.,pass,,"Read in full: the sentence is complete and natural, the target use is understandable, and no unnecessary charged or specialist background is required for a default learner.",random-semantic-pass1,216481793,false
burden,12773473,To know the truth is both a gift and a burden.,pass,,"Read in full: the sentence is complete and natural, the target use is understandable, and no unnecessary charged or specialist background is required for a default learner.",random-semantic-pass1,216481793,false
devise,12417932,We need to devise a plan.,pass,,"Read in full: the sentence is complete and natural, the target use is understandable, and no unnecessary charged or specialist background is required for a default learner.",random-semantic-pass1,216481793,false
solution,12272821,An aqueous solution is one where water is the solvent.,pass,,"Read in full: the sentence is complete and natural, the target use is understandable, and no unnecessary charged or specialist background is required for a default learner.",random-semantic-pass1,216481793,false
prey,10513877,Owls can prey on skunks because they have no sense of smell.,pass,,"Read in full: the sentence is complete and natural, the target use is understandable, and no unnecessary charged or specialist background is required for a default learner.",random-semantic-pass1,216481793,false
fellowship,11997702,"Over the years since my fellowship ended, they have continued to be my biggest cheerleaders on my scientific journey.",pass,,"Read in full: the sentence is complete and natural, the target use is understandable, and no unnecessary charged or specialist background is required for a default learner.",random-semantic-pass1,216481793,false
defy,11580293,He promises to enchant every one who dares defy his power.,pass,,"Read in full: the sentence is complete and natural, the target use is understandable, and no unnecessary charged or specialist background is required for a default learner.",random-semantic-pass1,216481793,false
essence,12767857,Privacy protects the essence of who we are.,pass,,"Read in full: the sentence is complete and natural, the target use is understandable, and no unnecessary charged or specialist background is required for a default learner.",random-semantic-pass1,216481793,false
enroll,12766031,Did Mary enroll in a new learning course?,pass,,"Read in full: the sentence is complete and natural, the target use is understandable, and no unnecessary charged or specialist background is required for a default learner.",random-semantic-pass1,216481793,false
interpret,10129480,I decided to interpret your remark in the most literal way possible.,pass,,"Read in full: the sentence is complete and natural, the target use is understandable, and no unnecessary charged or specialist background is required for a default learner.",random-semantic-pass1,216481793,false
array,11221845,Each arm of the eyeglass frame has an array of four tiny directional microphones.,pass,,"Read in full: the sentence is complete and natural, the target use is understandable, and no unnecessary charged or specialist background is required for a default learner.",random-semantic-pass1,216481793,false
tame,11900714,Tom is going to teach me to tame dragons.,pass,,"Read in full: the sentence is complete and natural, the target use is understandable, and no unnecessary charged or specialist background is required for a default learner.",random-semantic-pass1,216481793,false
avoid,11603073,Unmoderated hellholes remain extremely niche sites that most people avoid like the plague.,pass,,"Read in full: the sentence is complete and natural, the target use is understandable, and no unnecessary charged or specialist background is required for a default learner.",random-semantic-pass1,216481793,false
draft,12331780,Can you read the rough draft of my essay?,pass,,"Read in full: the sentence is complete and natural, the target use is understandable, and no unnecessary charged or specialist background is required for a default learner.",random-semantic-pass1,216481793,false
cast,10722100,Who of those who have been cast down by sin shall ascend?,pass,,"Read in full: the sentence is complete and natural, the target use is understandable, and no unnecessary charged or specialist background is required for a default learner.",random-semantic-pass1,216481793,false
remainder,12180709,Tom lived out the remainder of his days in peace and quiet reflection.,pass,,"Read in full: the sentence is complete and natural, the target use is understandable, and no unnecessary charged or specialist background is required for a default learner.",random-semantic-pass1,216481793,false
glance,11059017,"At first glance, the videos conjure up visions of a secluded utopian paradise.",pass,,"Read in full: the sentence is complete and natural, the target use is understandable, and no unnecessary charged or specialist background is required for a default learner.",random-semantic-pass1,216481793,false
transition,10338411,It's time to transition to a gift economy.,pass,,"Read in full: the sentence is complete and natural, the target use is understandable, and no unnecessary charged or specialist background is required for a default learner.",random-semantic-pass1,216481793,false
migrate,9935723,Some birds migrate to roost during specific seasons.,pass,,"Read in full: the sentence is complete and natural, the target use is understandable, and no unnecessary charged or specialist background is required for a default learner.",random-semantic-pass1,216481793,false
background,9489982,"The man in the background is my grandfather, and my father is in the foreground.",pass,,"Read in full: the sentence is complete and natural, the target use is understandable, and no unnecessary charged or specialist background is required for a default learner.",random-semantic-pass1,216481793,false
fantasy,11745914,I'm studying cartography for the fantasy book I'm working on.,pass,,"Read in full: the sentence is complete and natural, the target use is understandable, and no unnecessary charged or specialist background is required for a default learner.",random-semantic-pass1,216481793,false
mechanical,10233192,One of the benefits of using mechanical pencils is that you don't need to use a pencil sharpener.,pass,,"Read in full: the sentence is complete and natural, the target use is understandable, and no unnecessary charged or specialist background is required for a default learner.",random-semantic-pass1,216481793,false
oak,12769264,"He stands like the oak, unshaken by the storm.",pass,,"Read in full: the sentence is complete and natural, the target use is understandable, and no unnecessary charged or specialist background is required for a default learner.",random-semantic-pass1,216481793,false
diffuse,11165205,"There were no galaxies or even stars, only diffuse gas.",pass,,"Read in full: the sentence is complete and natural, the target use is understandable, and no unnecessary charged or specialist background is required for a default learner.",random-semantic-pass1,216481793,false
radius,12426332,What is the radius of a hydrogen atom?,pass,,"Read in full: the sentence is complete and natural, the target use is understandable, and no unnecessary charged or specialist background is required for a default learner.",random-semantic-pass1,216481793,false
infinite,12778581,Do we live in a world of infinite possibilities?,pass,,"Read in full: the sentence is complete and natural, the target use is understandable, and no unnecessary charged or specialist background is required for a default learner.",random-semantic-pass1,216481793,false
domain,11043132,The musician releases her less successful works into the public domain.,pass,,"Read in full: the sentence is complete and natural, the target use is understandable, and no unnecessary charged or specialist background is required for a default learner.",random-semantic-pass1,216481793,false
porch,12472073,Grackles keep coming to eat the cat food on the porch.,pass,,"Read in full: the sentence is complete and natural, the target use is understandable, and no unnecessary charged or specialist background is required for a default learner.",random-semantic-pass1,216481793,false
midst,12770660,I seek calm in the midst of chaos.,pass,,"Read in full: the sentence is complete and natural, the target use is understandable, and no unnecessary charged or specialist background is required for a default learner.",random-semantic-pass1,216481793,false
deceive,8135012,Algerians veil their wives but deceive them too.,pass,,"Read in full: the sentence is complete and natural, the target use is understandable, and no unnecessary charged or specialist background is required for a default learner.",random-semantic-pass1,216481793,false
overlap,11700157,My sentences and my opinions only sometimes overlap.,pass,,"Read in full: the sentence is complete and natural, the target use is understandable, and no unnecessary charged or specialist background is required for a default learner.",random-semantic-pass1,216481793,false
feast,12775929,The royal banquet was a feast for the senses.,pass,,"Read in full: the sentence is complete and natural, the target use is understandable, and no unnecessary charged or specialist background is required for a default learner.",random-semantic-pass1,216481793,false
implication,12095704,I resent your implication that I am engaged to you only because of your money.,pass,,"Read in full: the sentence is complete and natural, the target use is understandable, and no unnecessary charged or specialist background is required for a default learner.",random-semantic-pass1,216481793,false
fuel,12767823,Resilience turns failures into fuel for growth.,pass,,"Read in full: the sentence is complete and natural, the target use is understandable, and no unnecessary charged or specialist background is required for a default learner.",random-semantic-pass1,216481793,false
compromise,8783759,Compromise only makes sense when all parties are acting in good faith.,pass,,"Read in full: the sentence is complete and natural, the target use is understandable, and no unnecessary charged or specialist background is required for a default learner.",random-semantic-pass1,216481793,false
acceptance,11558339,Reading this sentence constitutes acceptance of its terms and conditions.,pass,,"Read in full: the sentence is complete and natural, the target use is understandable, and no unnecessary charged or specialist background is required for a default learner.",random-semantic-pass1,216481793,false
inland,10940123,"As climate change raises sea levels, salty ocean water is pushing its way inland.",pass,,"Read in full: the sentence is complete and natural, the target use is understandable, and no unnecessary charged or specialist background is required for a default learner.",random-semantic-pass1,216481793,false
economic,12766111,Did the economic crisis affect local businesses?,pass,,"Read in full: the sentence is complete and natural, the target use is understandable, and no unnecessary charged or specialist background is required for a default learner.",random-semantic-pass1,216481793,false
foul,9003983,"Tom didn't want to fall foul of his teacher's wrath, so he stayed quiet in lessons.",pass,,"Read in full: the sentence is complete and natural, the target use is understandable, and no unnecessary charged or specialist background is required for a default learner.",random-semantic-pass1,216481793,false
evolution,11076028,He is an anthropology professor at our university who studies the evolution of societies.,pass,,"Read in full: the sentence is complete and natural, the target use is understandable, and no unnecessary charged or specialist background is required for a default learner.",random-semantic-pass1,216481793,false
property,9951051,Tom installed security cameras on his property to deter thieves.,pass,,"Read in full: the sentence is complete and natural, the target use is understandable, and no unnecessary charged or specialist background is required for a default learner.",random-semantic-pass1,216481793,false
revive,12113816,"But now there's work afoot to revive many of these dead languages, and not just for sheer academic pleasure.",pass,,"Read in full: the sentence is complete and natural, the target use is understandable, and no unnecessary charged or specialist background is required for a default learner.",random-semantic-pass1,216481793,false
melt,10001845,The surface of Venus is hot enough to melt lead.,pass,,"Read in full: the sentence is complete and natural, the target use is understandable, and no unnecessary charged or specialist background is required for a default learner.",random-semantic-pass1,216481793,false
conserve,12768043,Mary is learning how to conserve water in her gardening practices.,pass,,"Read in full: the sentence is complete and natural, the target use is understandable, and no unnecessary charged or specialist background is required for a default learner.",random-semantic-pass1,216481793,false
album,11607513,Their music since their third album has mostly been butt rock.,pass,,"Read in full: the sentence is complete and natural, the target use is understandable, and no unnecessary charged or specialist background is required for a default learner.",random-semantic-pass1,216481793,false
foster,11899180,There are far more children in foster care than there are potential adopters.,pass,,"Read in full: the sentence is complete and natural, the target use is understandable, and no unnecessary charged or specialist background is required for a default learner.",random-semantic-pass1,216481793,false
provided,12765295,Tom provided first aid to injured civilians during the emergency.,pass,,"Read in full: the sentence is complete and natural, the target use is understandable, and no unnecessary charged or specialist background is required for a default learner.",random-semantic-pass1,216481793,false
exchange,11951448,Can you exchange any cryptocurrencies for a fixed amount of gold or silver?,pass,,"Read in full: the sentence is complete and natural, the target use is understandable, and no unnecessary charged or specialist background is required for a default learner.",random-semantic-pass1,216481793,false
banquet,12775929,The royal banquet was a feast for the senses.,pass,,"Read in full: the sentence is complete and natural, the target use is understandable, and no unnecessary charged or specialist background is required for a default learner.",random-semantic-pass1,216481793,false
versatile,12175541,Swiss Army knives are versatile tools.,pass,,"Read in full: the sentence is complete and natural, the target use is understandable, and no unnecessary charged or specialist background is required for a default learner.",random-semantic-pass1,216481793,false
recover,12766071,Will the economy recover from the global recession?,pass,,"Read in full: the sentence is complete and natural, the target use is understandable, and no unnecessary charged or specialist background is required for a default learner.",random-semantic-pass1,216481793,false
controversial,11712497,I guess there are some controversial sentences you do like.,pass,,"Read in full: the sentence is complete and natural, the target use is understandable, and no unnecessary charged or specialist background is required for a default learner.",random-semantic-pass1,216481793,false
essential,12768331,Taking time to care for yourself is essential for your health.,pass,,"Read in full: the sentence is complete and natural, the target use is understandable, and no unnecessary charged or specialist background is required for a default learner.",random-semantic-pass1,216481793,false
sponge,11032606,Could you pass me that sponge?,pass,,"Read in full: the sentence is complete and natural, the target use is understandable, and no unnecessary charged or specialist background is required for a default learner.",random-semantic-pass1,216481793,false
slope,11473157,On the slope of the roof two men were repairing the tiling.,pass,,"Read in full: the sentence is complete and natural, the target use is understandable, and no unnecessary charged or specialist background is required for a default learner.",random-semantic-pass1,216481793,false
hike,12764841,Tom and Mary took a scenic hike along the coast.,pass,,"Read in full: the sentence is complete and natural, the target use is understandable, and no unnecessary charged or specialist background is required for a default learner.",random-semantic-pass1,216481793,false
identification,10722159,"It is advisable to bring some photographic identification, such as a valid passport.",pass,,"Read in full: the sentence is complete and natural, the target use is understandable, and no unnecessary charged or specialist background is required for a default learner.",random-semantic-pass1,216481793,false
collision,10142197,"After the collision, Tom and Mary exchanged insurance information.",pass,,"Read in full: the sentence is complete and natural, the target use is understandable, and no unnecessary charged or specialist background is required for a default learner.",random-semantic-pass1,216481793,false
extinct,12154755,Stegosaurs dwindled in the Cretaceous and appear to have gone extinct before the end of the period.,pass,,"Read in full: the sentence is complete and natural, the target use is understandable, and no unnecessary charged or specialist background is required for a default learner.",random-semantic-pass1,216481793,false
crime,12765349,Tom worked to reduce crime in the city through community outreach.,pass,,"Read in full: the sentence is complete and natural, the target use is understandable, and no unnecessary charged or specialist background is required for a default learner.",random-semantic-pass1,216481793,false
mingle,10236666,Tom is single and ready to mingle.,pass,,"Read in full: the sentence is complete and natural, the target use is understandable, and no unnecessary charged or specialist background is required for a default learner.",random-semantic-pass1,216481793,false
clone,10782358,Creating a digital clone of someone's voice is now easier than ever.,pass,,"Read in full: the sentence is complete and natural, the target use is understandable, and no unnecessary charged or specialist background is required for a default learner.",random-semantic-pass1,216481793,false
receipt,10110907,I can't return the product without a receipt.,pass,,"Read in full: the sentence is complete and natural, the target use is understandable, and no unnecessary charged or specialist background is required for a default learner.",random-semantic-pass1,216481793,false
sprinkle,8773731,"As a final touch, sprinkle some chocolate chips on top of the cookies.",pass,,"Read in full: the sentence is complete and natural, the target use is understandable, and no unnecessary charged or specialist background is required for a default learner.",random-semantic-pass1,216481793,false
recognize,8734160,A dog is that animal which another dog will instinctively recognize as such.,pass,,"Read in full: the sentence is complete and natural, the target use is understandable, and no unnecessary charged or specialist background is required for a default learner.",random-semantic-pass1,216481793,false
implement,12065621,"The idea is very interesting, but I'm worried about how we are going to implement it.",pass,,"Read in full: the sentence is complete and natural, the target use is understandable, and no unnecessary charged or specialist background is required for a default learner.",random-semantic-pass1,216481793,false
sensation,9631281,I can't enjoy reading without the tactile sensation of a physical book.,pass,,"Read in full: the sentence is complete and natural, the target use is understandable, and no unnecessary charged or specialist background is required for a default learner.",random-semantic-pass1,216481793,false
bruise,10755767,That's going to leave a bruise.,pass,,"Read in full: the sentence is complete and natural, the target use is understandable, and no unnecessary charged or specialist background is required for a default learner.",random-semantic-pass1,216481793,false
flask,10175666,Tom keeps a flask in his inside jacket pocket.,pass,,"Read in full: the sentence is complete and natural, the target use is understandable, and no unnecessary charged or specialist background is required for a default learner.",random-semantic-pass1,216481793,false
minimum,11930712,Do you really expect me to do the work of five people for minimum wage?,pass,,"Read in full: the sentence is complete and natural, the target use is understandable, and no unnecessary charged or specialist background is required for a default learner.",random-semantic-pass1,216481793,false
immerse,10718787,Place a few oysters at one time in a wire frying basket and immerse in smoking hot fat.,pass,,"Read in full: the sentence is complete and natural, the target use is understandable, and no unnecessary charged or specialist background is required for a default learner.",random-semantic-pass1,216481793,false
extensive,10169351,"After an extensive investigation, Tom was cleared of any wrongdoing.",pass,,"Read in full: the sentence is complete and natural, the target use is understandable, and no unnecessary charged or specialist background is required for a default learner.",random-semantic-pass1,216481793,false
boring,12406383,"The lecture was pretty boring, so I started to doze off.",pass,,"Read in full: the sentence is complete and natural, the target use is understandable, and no unnecessary charged or specialist background is required for a default learner.",random-semantic-pass1,216481793,false
destined,12778575,Are we destined to repeat our mistakes?,pass,,"Read in full: the sentence is complete and natural, the target use is understandable, and no unnecessary charged or specialist background is required for a default learner.",random-semantic-pass1,216481793,false
blank,11944712,The whole work is written in blank verse.,pass,,"Read in full: the sentence is complete and natural, the target use is understandable, and no unnecessary charged or specialist background is required for a default learner.",random-semantic-pass1,216481793,false
intersection,11166818,The light was still yellow when the car entered the intersection.,pass,,"Read in full: the sentence is complete and natural, the target use is understandable, and no unnecessary charged or specialist background is required for a default learner.",random-semantic-pass1,216481793,false
extent,11083766,Extend your legs only to the extent of your space.,pass,,"Read in full: the sentence is complete and natural, the target use is understandable, and no unnecessary charged or specialist background is required for a default learner.",random-semantic-pass1,216481793,false
objection,11857324,I have no objection to your calling in your friend if I may call in mine.,pass,,"Read in full: the sentence is complete and natural, the target use is understandable, and no unnecessary charged or specialist background is required for a default learner.",random-semantic-pass1,216481793,false
annual,12775977,The royal family gathered for the annual portrait.,pass,,"Read in full: the sentence is complete and natural, the target use is understandable, and no unnecessary charged or specialist background is required for a default learner.",random-semantic-pass1,216481793,false
confusion,12771044,Everything was lost in the confusion.,pass,,"Read in full: the sentence is complete and natural, the target use is understandable, and no unnecessary charged or specialist background is required for a default learner.",random-semantic-pass1,216481793,false
contest,10832772,Tom came in second place at the hot dog eating contest.,pass,,"Read in full: the sentence is complete and natural, the target use is understandable, and no unnecessary charged or specialist background is required for a default learner.",random-semantic-pass1,216481793,false
capable,12092209,"If you don't have a billion dollars, you aren't capable of being that evil.",pass,,"Read in full: the sentence is complete and natural, the target use is understandable, and no unnecessary charged or specialist background is required for a default learner.",random-semantic-pass1,216481793,false
stereo,12071337,"I had never been in a recording studio. At that time, we didn't have stereo. Everything was mono.",pass,,"Read in full: the sentence is complete and natural, the target use is understandable, and no unnecessary charged or specialist background is required for a default learner.",random-semantic-pass1,216481793,false
discipline,11168053,The popular conception of evolutionary psychology is even less scientific than the discipline itself.,pass,,"Read in full: the sentence is complete and natural, the target use is understandable, and no unnecessary charged or specialist background is required for a default learner.",random-semantic-pass1,216481793,false
massive,11944884,Shoplifting from massive corporations is a noble endeavor.,pass,,"Read in full: the sentence is complete and natural, the target use is understandable, and no unnecessary charged or specialist background is required for a default learner.",random-semantic-pass1,216481793,false
absence,12777813,Can peace be found in the absence of conflict?,pass,,"Read in full: the sentence is complete and natural, the target use is understandable, and no unnecessary charged or specialist background is required for a default learner.",random-semantic-pass1,216481793,false
prescription,9805178,Can I pick up a prescription for someone else?,pass,,"Read in full: the sentence is complete and natural, the target use is understandable, and no unnecessary charged or specialist background is required for a default learner.",random-semantic-pass1,216481793,false
armor,12767858,Data security is the armor of modern life.,pass,,"Read in full: the sentence is complete and natural, the target use is understandable, and no unnecessary charged or specialist background is required for a default learner.",random-semantic-pass1,216481793,false
monopoly,8832040,I have a monopoly on the truth.,pass,,"Read in full: the sentence is complete and natural, the target use is understandable, and no unnecessary charged or specialist background is required for a default learner.",random-semantic-pass1,216481793,false
wallet,10723416,This wood wallet is crafted from a single piece of walnut.,pass,,"Read in full: the sentence is complete and natural, the target use is understandable, and no unnecessary charged or specialist background is required for a default learner.",random-semantic-pass1,216481793,false
spectrum,10428172,I think I'm on the ace spectrum.,pass,,"Read in full: the sentence is complete and natural, the target use is understandable, and no unnecessary charged or specialist background is required for a default learner.",random-semantic-pass1,216481793,false
masterpiece,12768631,"I watch the sky shift colors at dusk, a fleeting masterpiece.",pass,,"Read in full: the sentence is complete and natural, the target use is understandable, and no unnecessary charged or specialist background is required for a default learner.",random-semantic-pass1,216481793,false
fold,10765107,Fold and unfold along each of the lines to make a crease.,pass,,"Read in full: the sentence is complete and natural, the target use is understandable, and no unnecessary charged or specialist background is required for a default learner.",random-semantic-pass1,216481793,false
benefit,9796259,People with dark hair would benefit more from laser hair removal than electrolysis.,pass,,"Read in full: the sentence is complete and natural, the target use is understandable, and no unnecessary charged or specialist background is required for a default learner.",random-semantic-pass1,216481793,false
resolve,12766154,Are diplomatic efforts enough to resolve the crisis?,pass,,"Read in full: the sentence is complete and natural, the target use is understandable, and no unnecessary charged or specialist background is required for a default learner.",random-semantic-pass1,216481793,false
dimension,8755638,The shadow people are spies from another dimension.,pass,,"Read in full: the sentence is complete and natural, the target use is understandable, and no unnecessary charged or specialist background is required for a default learner.",random-semantic-pass1,216481793,false
install,10116182,Can you help me install this program?,pass,,"Read in full: the sentence is complete and natural, the target use is understandable, and no unnecessary charged or specialist background is required for a default learner.",random-semantic-pass1,216481793,false
invisible,11068885,Tom has the power to make himself invisible.,pass,,"Read in full: the sentence is complete and natural, the target use is understandable, and no unnecessary charged or specialist background is required for a default learner.",random-semantic-pass1,216481793,false
update,10545369,She's going to try rolling back an update.,pass,,"Read in full: the sentence is complete and natural, the target use is understandable, and no unnecessary charged or specialist background is required for a default learner.",random-semantic-pass1,216481793,false
enthusiasm,12759773,Mary appreciates Tom's enthusiasm when it comes to discovering new things.,pass,,"Read in full: the sentence is complete and natural, the target use is understandable, and no unnecessary charged or specialist background is required for a default learner.",random-semantic-pass1,216481793,false
grease,10147463,Put some elbow grease into it.,pass,,"Read in full: the sentence is complete and natural, the target use is understandable, and no unnecessary charged or specialist background is required for a default learner.",random-semantic-pass1,216481793,false
unfold,10765107,Fold and unfold along each of the lines to make a crease.,pass,,"Read in full: the sentence is complete and natural, the target use is understandable, and no unnecessary charged or specialist background is required for a default learner.",random-semantic-pass1,216481793,false
brood,11091792,Tom brought his whole brood with him.,pass,,"Read in full: the sentence is complete and natural, the target use is understandable, and no unnecessary charged or specialist background is required for a default learner.",random-semantic-pass1,216481793,false
disaster,12023081,Bitcoin and its consequences have been a disaster for the human race.,pass,,"Read in full: the sentence is complete and natural, the target use is understandable, and no unnecessary charged or specialist background is required for a default learner.",random-semantic-pass1,216481793,false
scandal,11462429,A cheating scandal threatens to blemish the university's reputation for excellence.,pass,,"Read in full: the sentence is complete and natural, the target use is understandable, and no unnecessary charged or specialist background is required for a default learner.",random-semantic-pass1,216481793,false
clerk,12187318,Tom was followed around the store by a clerk because he was black.,pass,,"Read in full: the sentence is complete and natural, the target use is understandable, and no unnecessary charged or specialist background is required for a default learner.",random-semantic-pass1,216481793,false
threaten,11270819,The world is full of bipolar people who don't threaten vulnerable minorities.,pass,,"Read in full: the sentence is complete and natural, the target use is understandable, and no unnecessary charged or specialist background is required for a default learner.",random-semantic-pass1,216481793,false
sober,9141049,A drunk man's words are a sober man's thoughts.,pass,,"Read in full: the sentence is complete and natural, the target use is understandable, and no unnecessary charged or specialist background is required for a default learner.",random-semantic-pass1,216481793,false
bandage,9805138,How do I apply a bandage?,pass,,"Read in full: the sentence is complete and natural, the target use is understandable, and no unnecessary charged or specialist background is required for a default learner.",random-semantic-pass1,216481793,false
cluster,11244047,The cottage was one of a small lonely cluster standing on the edge of an enormous beech wood.,pass,,"Read in full: the sentence is complete and natural, the target use is understandable, and no unnecessary charged or specialist background is required for a default learner.",random-semantic-pass1,216481793,false
courtesy,10164957,"Where I come from, that's just common courtesy.",pass,,"Read in full: the sentence is complete and natural, the target use is understandable, and no unnecessary charged or specialist background is required for a default learner.",random-semantic-pass1,216481793,false
stroll,12775893,"Would you care for a stroll in the gardens, my lady?",pass,,"Read in full: the sentence is complete and natural, the target use is understandable, and no unnecessary charged or specialist background is required for a default learner.",random-semantic-pass1,216481793,false
bulk,10750477,It's cheaper if you buy in bulk.,pass,,"Read in full: the sentence is complete and natural, the target use is understandable, and no unnecessary charged or specialist background is required for a default learner.",random-semantic-pass1,216481793,false
stray,10511609,A skunk ate the food we left out for the stray cats.,pass,,"Read in full: the sentence is complete and natural, the target use is understandable, and no unnecessary charged or specialist background is required for a default learner.",random-semantic-pass1,216481793,false
mercury,12759610,"Mercury is the closest planet to the sun, but not the hottest.",pass,,"Read in full: the sentence is complete and natural, the target use is understandable, and no unnecessary charged or specialist background is required for a default learner.",random-semantic-pass1,216481793,false
genetic,8902722,People with a given skin color do not form a genetic clade.,pass,,"Read in full: the sentence is complete and natural, the target use is understandable, and no unnecessary charged or specialist background is required for a default learner.",random-semantic-pass1,216481793,false
acid,10058430,I choked on some stomach acid and woke up.,pass,,"Read in full: the sentence is complete and natural, the target use is understandable, and no unnecessary charged or specialist background is required for a default learner.",random-semantic-pass1,216481793,false
factor,11166959,The relevance of sport as a factor for integration of socially disadvantaged groups cannot be underestimated.,pass,,"Read in full: the sentence is complete and natural, the target use is understandable, and no unnecessary charged or specialist background is required for a default learner.",random-semantic-pass1,216481793,false
suburb,9090592,He wouldn't know a suburb unless he took a wrong turn.,pass,,"Read in full: the sentence is complete and natural, the target use is understandable, and no unnecessary charged or specialist background is required for a default learner.",random-semantic-pass1,216481793,false
luggage,10236661,Stow your carry-on luggage in the overhead compartments.,pass,,"Read in full: the sentence is complete and natural, the target use is understandable, and no unnecessary charged or specialist background is required for a default learner.",random-semantic-pass1,216481793,false
responsible,8613662,The people responsible for the opioid epidemic will never face any consequences.,pass,,"Read in full: the sentence is complete and natural, the target use is understandable, and no unnecessary charged or specialist background is required for a default learner.",random-semantic-pass1,216481793,false
foam,8567766,Most shoe soles nowadays are made from foam.,pass,,"Read in full: the sentence is complete and natural, the target use is understandable, and no unnecessary charged or specialist background is required for a default learner.",random-semantic-pass1,216481793,false
motivate,12775177,They motivate each other to succeed.,pass,,"Read in full: the sentence is complete and natural, the target use is understandable, and no unnecessary charged or specialist background is required for a default learner.",random-semantic-pass1,216481793,false
overcome,12294661,What are some of the difficulties you've overcome so far in quitting smoking?,pass,,"Read in full: the sentence is complete and natural, the target use is understandable, and no unnecessary charged or specialist background is required for a default learner.",random-semantic-pass1,216481793,false
lens,12768690,I see the world through a lens of possibility.,pass,,"Read in full: the sentence is complete and natural, the target use is understandable, and no unnecessary charged or specialist background is required for a default learner.",random-semantic-pass1,216481793,false
attract,12768016,Tom is focusing on growing plants that attract pollinators.,pass,,"Read in full: the sentence is complete and natural, the target use is understandable, and no unnecessary charged or specialist background is required for a default learner.",random-semantic-pass1,216481793,false
register,12152150,The cash register cannot be opened without a purchase.,pass,,"Read in full: the sentence is complete and natural, the target use is understandable, and no unnecessary charged or specialist background is required for a default learner.",random-semantic-pass1,216481793,false
identical,11264536,Every grave in this cemetery is identical. It must be where they bury suburbanites.,pass,,"Read in full: the sentence is complete and natural, the target use is understandable, and no unnecessary charged or specialist background is required for a default learner.",random-semantic-pass1,216481793,false
impact,12768026,Tom read about the impact of global warming on agriculture.,pass,,"Read in full: the sentence is complete and natural, the target use is understandable, and no unnecessary charged or specialist background is required for a default learner.",random-semantic-pass1,216481793,false
misfortune,10325569,Misfortune and devastation always go hand in hand.,pass,,"Read in full: the sentence is complete and natural, the target use is understandable, and no unnecessary charged or specialist background is required for a default learner.",random-semantic-pass1,216481793,false
rash,9801148,"I have a rash on my arm, and it's very itchy.",pass,,"Read in full: the sentence is complete and natural, the target use is understandable, and no unnecessary charged or specialist background is required for a default learner.",random-semantic-pass1,216481793,false
profitable,11822446,"As the economy faltered, his business was no longer profitable.",pass,,"Read in full: the sentence is complete and natural, the target use is understandable, and no unnecessary charged or specialist background is required for a default learner.",random-semantic-pass1,216481793,false
tendency,10139773,Sorry about my tendency to text people manifestos.,pass,,"Read in full: the sentence is complete and natural, the target use is understandable, and no unnecessary charged or specialist background is required for a default learner.",random-semantic-pass1,216481793,false
swap,11462432,A last-minute snag forced the cancellation of a prisoner swap.,pass,,"Read in full: the sentence is complete and natural, the target use is understandable, and no unnecessary charged or specialist background is required for a default learner.",random-semantic-pass1,216481793,false
reign,11459265,Here we are in the reign of mediocrity!,pass,,"Read in full: the sentence is complete and natural, the target use is understandable, and no unnecessary charged or specialist background is required for a default learner.",random-semantic-pass1,216481793,false
status,10291584,I want to check the status of my order.,pass,,"Read in full: the sentence is complete and natural, the target use is understandable, and no unnecessary charged or specialist background is required for a default learner.",random-semantic-pass1,216481793,false
discount,12105706,You'll get a discount on your next order.,pass,,"Read in full: the sentence is complete and natural, the target use is understandable, and no unnecessary charged or specialist background is required for a default learner.",random-semantic-pass1,216481793,false
medium,11700153,The medium is not the message.,pass,,"Read in full: the sentence is complete and natural, the target use is understandable, and no unnecessary charged or specialist background is required for a default learner.",random-semantic-pass1,216481793,false
relieve,9390345,Gargle with saltwater to relieve the pain of a sore throat.,pass,,"Read in full: the sentence is complete and natural, the target use is understandable, and no unnecessary charged or specialist background is required for a default learner.",random-semantic-pass1,216481793,false
cemetery,11264536,Every grave in this cemetery is identical. It must be where they bury suburbanites.,pass,,"Read in full: the sentence is complete and natural, the target use is understandable, and no unnecessary charged or specialist background is required for a default learner.",random-semantic-pass1,216481793,false
complain,9805215,How do I complain about my dental treatment?,pass,,"Read in full: the sentence is complete and natural, the target use is understandable, and no unnecessary charged or specialist background is required for a default learner.",random-semantic-pass1,216481793,false
expense,10849744,Can this be written off as a business expense?,pass,,"Read in full: the sentence is complete and natural, the target use is understandable, and no unnecessary charged or specialist background is required for a default learner.",random-semantic-pass1,216481793,false
norm,12776599,She questions the norm with courage.,pass,,"Read in full: the sentence is complete and natural, the target use is understandable, and no unnecessary charged or specialist background is required for a default learner.",random-semantic-pass1,216481793,false
preference,5700933,Fascists are enabled by liberals' preference for abstractions over people.,pass,,"Read in full: the sentence is complete and natural, the target use is understandable, and no unnecessary charged or specialist background is required for a default learner.",random-semantic-pass1,216481793,false
profession,12146348,Tom left the ministerial profession after suffering a crisis of faith.,pass,,"Read in full: the sentence is complete and natural, the target use is understandable, and no unnecessary charged or specialist background is required for a default learner.",random-semantic-pass1,216481793,false
intellectual,11514159,There was to be no intellectual light from this source.,pass,,"Read in full: the sentence is complete and natural, the target use is understandable, and no unnecessary charged or specialist background is required for a default learner.",random-semantic-pass1,216481793,false
shed,10806882,The registered dietitian says she's noticed that her clients now want to do more than just shed a few pounds.,pass,,"Read in full: the sentence is complete and natural, the target use is understandable, and no unnecessary charged or specialist background is required for a default learner.",random-semantic-pass1,216481793,false
inspiration,12465794,Tom was my friend and a big inspiration to me.,pass,,"Read in full: the sentence is complete and natural, the target use is understandable, and no unnecessary charged or specialist background is required for a default learner.",random-semantic-pass1,216481793,false
tow,12308532,How much money can you make as a tow truck driver?,pass,,"Read in full: the sentence is complete and natural, the target use is understandable, and no unnecessary charged or specialist background is required for a default learner.",random-semantic-pass1,216481793,false
hostile,11247972,Lack of moderation creates a hostile environment in which it is less possible to carry out a project's main purpose.,pass,,"Read in full: the sentence is complete and natural, the target use is understandable, and no unnecessary charged or specialist background is required for a default learner.",random-semantic-pass1,216481793,false
sophisticated,11233283,"These early hominids hunted for food, cooked meat over fires and crafted a sophisticated array of flint tools.",pass,,"Read in full: the sentence is complete and natural, the target use is understandable, and no unnecessary charged or specialist background is required for a default learner.",random-semantic-pass1,216481793,false
rarely,10172764,"Mary only uses lowercase letters when she texts, and she rarely uses punctuation.",pass,,"Read in full: the sentence is complete and natural, the target use is understandable, and no unnecessary charged or specialist background is required for a default learner.",random-semantic-pass1,216481793,false
irony,12772555,Can you see the irony in this situation?,pass,,"Read in full: the sentence is complete and natural, the target use is understandable, and no unnecessary charged or specialist background is required for a default learner.",random-semantic-pass1,216481793,false
stable,12766046,Are global relations more stable now?,pass,,"Read in full: the sentence is complete and natural, the target use is understandable, and no unnecessary charged or specialist background is required for a default learner.",random-semantic-pass1,216481793,false
possess,12768666,"You possess a strength that comes not from force, but from grace.",pass,,"Read in full: the sentence is complete and natural, the target use is understandable, and no unnecessary charged or specialist background is required for a default learner.",random-semantic-pass1,216481793,false
guarantee,11696504,Compliance with a robber's demands does not guarantee your safety.,pass,,"Read in full: the sentence is complete and natural, the target use is understandable, and no unnecessary charged or specialist background is required for a default learner.",random-semantic-pass1,216481793,false
reference,9140815,Wikipedia is a reference work powered by an endless argument.,pass,,"Read in full: the sentence is complete and natural, the target use is understandable, and no unnecessary charged or specialist background is required for a default learner.",random-semantic-pass1,216481793,false
grain,8326151,I leave the grain to the hase and I even give up the straw.,pass,,"Read in full: the sentence is complete and natural, the target use is understandable, and no unnecessary charged or specialist background is required for a default learner.",random-semantic-pass1,216481793,false
submit,11699065,Eligible community members are encouraged to submit their applications online.,pass,,"Read in full: the sentence is complete and natural, the target use is understandable, and no unnecessary charged or specialist background is required for a default learner.",random-semantic-pass1,216481793,false
management,12767964,Tom is improving his crisis management skills at work.,pass,,"Read in full: the sentence is complete and natural, the target use is understandable, and no unnecessary charged or specialist background is required for a default learner.",random-semantic-pass1,216481793,false
trigger,10478487,Hallucinogen use can trigger certain psychiatric conditions in people with a predisposition to them.,pass,,"Read in full: the sentence is complete and natural, the target use is understandable, and no unnecessary charged or specialist background is required for a default learner.",random-semantic-pass1,216481793,false
scale,11928545,"History is being repeated, but on a far vaster scale.",pass,,"Read in full: the sentence is complete and natural, the target use is understandable, and no unnecessary charged or specialist background is required for a default learner.",random-semantic-pass1,216481793,false
occur,10761946,Ejective consonants occur more often in languages from mountainous regions.,pass,,"Read in full: the sentence is complete and natural, the target use is understandable, and no unnecessary charged or specialist background is required for a default learner.",random-semantic-pass1,216481793,false
vegetation,12382543,The vegetation changes and becomes sparser as temperatures rise and conditions get drier.,pass,,"Read in full: the sentence is complete and natural, the target use is understandable, and no unnecessary charged or specialist background is required for a default learner.",random-semantic-pass1,216481793,false
process,11102781,The evaporation process creates a drop in temperature of several degrees.,pass,,"Read in full: the sentence is complete and natural, the target use is understandable, and no unnecessary charged or specialist background is required for a default learner.",random-semantic-pass1,216481793,false
vicious,11846785,A lot of the most vicious transphobes are chasers.,pass,,"Read in full: the sentence is complete and natural, the target use is understandable, and no unnecessary charged or specialist background is required for a default learner.",random-semantic-pass1,216481793,false
tunnel,12381075,The tunnel was used to smuggle contraband across the border.,pass,,"Read in full: the sentence is complete and natural, the target use is understandable, and no unnecessary charged or specialist background is required for a default learner.",random-semantic-pass1,216481793,false
redundant,10723392,Our redundant infrastructure ensures the highest levels of service availability.,pass,,"Read in full: the sentence is complete and natural, the target use is understandable, and no unnecessary charged or specialist background is required for a default learner.",random-semantic-pass1,216481793,false
coalition,12776970,They form a coalition for change.,pass,,"Read in full: the sentence is complete and natural, the target use is understandable, and no unnecessary charged or specialist background is required for a default learner.",random-semantic-pass1,216481793,false
consequence,12777775,Does every action have a consequence?,pass,,"Read in full: the sentence is complete and natural, the target use is understandable, and no unnecessary charged or specialist background is required for a default learner.",random-semantic-pass1,216481793,false
impulse,8783625,I have an impulse control problem.,pass,,"Read in full: the sentence is complete and natural, the target use is understandable, and no unnecessary charged or specialist background is required for a default learner.",random-semantic-pass1,216481793,false
fusion,10367067,What's the difference between fission and fusion?,pass,,"Read in full: the sentence is complete and natural, the target use is understandable, and no unnecessary charged or specialist background is required for a default learner.",random-semantic-pass1,216481793,false
hesitate,12140223,"If there's ever anything you don't understand, please don't hesitate to ask me.",pass,,"Read in full: the sentence is complete and natural, the target use is understandable, and no unnecessary charged or specialist background is required for a default learner.",random-semantic-pass1,216481793,false
ward,10611691,There isn't a good psych ward for trans people around here.,pass,,"Read in full: the sentence is complete and natural, the target use is understandable, and no unnecessary charged or specialist background is required for a default learner.",random-semantic-pass1,216481793,false
ridiculous,13420208,I sound ridiculous whenever I try speaking Danish.,pass,,"Read in full: the sentence is complete and natural, the target use is understandable, and no unnecessary charged or specialist background is required for a default learner.",random-semantic-pass1,216481793,false
drain,12401431,I pulled a huge hair clog out of the bathroom sink drain.,pass,,"Read in full: the sentence is complete and natural, the target use is understandable, and no unnecessary charged or specialist background is required for a default learner.",random-semantic-pass1,216481793,false
pitch,11237474,The sales pitch didn't go well.,pass,,"Read in full: the sentence is complete and natural, the target use is understandable, and no unnecessary charged or specialist background is required for a default learner.",random-semantic-pass1,216481793,false
highlight,12764758,The turquoise water was the highlight of their vacation.,pass,,"Read in full: the sentence is complete and natural, the target use is understandable, and no unnecessary charged or specialist background is required for a default learner.",random-semantic-pass1,216481793,false
beyond,12759685,Explorers may one day travel beyond our solar system to other stars.,pass,,"Read in full: the sentence is complete and natural, the target use is understandable, and no unnecessary charged or specialist background is required for a default learner.",random-semantic-pass1,216481793,false
bounce,12766062,Can the economy bounce back after the crisis?,pass,,"Read in full: the sentence is complete and natural, the target use is understandable, and no unnecessary charged or specialist background is required for a default learner.",random-semantic-pass1,216481793,false
ecology,10546728,Tom's knowledge of decomposition ecology is peerless.,pass,,"Read in full: the sentence is complete and natural, the target use is understandable, and no unnecessary charged or specialist background is required for a default learner.",random-semantic-pass1,216481793,false
elite,9365572,Tom went to an elite preparatory school.,pass,,"Read in full: the sentence is complete and natural, the target use is understandable, and no unnecessary charged or specialist background is required for a default learner.",random-semantic-pass1,216481793,false
contribution,9951046,My contribution is still pending approval.,pass,,"Read in full: the sentence is complete and natural, the target use is understandable, and no unnecessary charged or specialist background is required for a default learner.",random-semantic-pass1,216481793,false
sensitive,11740650,Tom has been showing more of his sensitive side lately.,pass,,"Read in full: the sentence is complete and natural, the target use is understandable, and no unnecessary charged or specialist background is required for a default learner.",random-semantic-pass1,216481793,false
bacteria,12315070,After harmful bacteria are removed the filtered water is disinfected with chemicals.,pass,,"Read in full: the sentence is complete and natural, the target use is understandable, and no unnecessary charged or specialist background is required for a default learner.",random-semantic-pass1,216481793,false
cooperative,11822514,Bonobos are also different in that they have a more egalitarian and cooperative society than chimpanzees.,pass,,"Read in full: the sentence is complete and natural, the target use is understandable, and no unnecessary charged or specialist background is required for a default learner.",random-semantic-pass1,216481793,false
haul,10164855,The thieves made off with quite a haul.,pass,,"Read in full: the sentence is complete and natural, the target use is understandable, and no unnecessary charged or specialist background is required for a default learner.",random-semantic-pass1,216481793,false
unique,12759588,Floating in zero gravity is a unique experience for astronauts.,pass,,"Read in full: the sentence is complete and natural, the target use is understandable, and no unnecessary charged or specialist background is required for a default learner.",random-semantic-pass1,216481793,false
challenge,12768718,I see the potential in every challenge I face.,pass,,"Read in full: the sentence is complete and natural, the target use is understandable, and no unnecessary charged or specialist background is required for a default learner.",random-semantic-pass1,216481793,false
acknowledge,11770179,You aren't neutral because you refuse to acknowledge your agenda.,pass,,"Read in full: the sentence is complete and natural, the target use is understandable, and no unnecessary charged or specialist background is required for a default learner.",random-semantic-pass1,216481793,false
cathedral,10107577,The old cathedral is a popular tourist attraction.,pass,,"Read in full: the sentence is complete and natural, the target use is understandable, and no unnecessary charged or specialist background is required for a default learner.",random-semantic-pass1,216481793,false
overwhelming,12759700,Astronauts often describe space as both beautiful and overwhelming.,pass,,"Read in full: the sentence is complete and natural, the target use is understandable, and no unnecessary charged or specialist background is required for a default learner.",random-semantic-pass1,216481793,false
equator,12388999,The nineteen islands that make up the Galapagos lie along the equator one thousand kilometers west of Ecuador.,pass,,"Read in full: the sentence is complete and natural, the target use is understandable, and no unnecessary charged or specialist background is required for a default learner.",random-semantic-pass1,216481793,false
verge,11985010,"Radiated tortoises are extremely rare, and experts say they may be on the verge of extinction.",pass,,"Read in full: the sentence is complete and natural, the target use is understandable, and no unnecessary charged or specialist background is required for a default learner.",random-semantic-pass1,216481793,false
consensus,12321418,There doesn't seem to be consensus on this among speakers.,pass,,"Read in full: the sentence is complete and natural, the target use is understandable, and no unnecessary charged or specialist background is required for a default learner.",random-semantic-pass1,216481793,false
apology,10104642,His so-called apology involved an inordinate amount of explanation and complaining.,pass,,"Read in full: the sentence is complete and natural, the target use is understandable, and no unnecessary charged or specialist background is required for a default learner.",random-semantic-pass1,216481793,false
coupon,10162282,This coupon can only be redeemed in-store.,pass,,"Read in full: the sentence is complete and natural, the target use is understandable, and no unnecessary charged or specialist background is required for a default learner.",random-semantic-pass1,216481793,false
purity,10998491,Bergamot oil may be tested as to its purity by mixing it with alcohol.,pass,,"Read in full: the sentence is complete and natural, the target use is understandable, and no unnecessary charged or specialist background is required for a default learner.",random-semantic-pass1,216481793,false
participant,10913414,"Each participant wore an activity monitor to measure heart rate, perspiration and sleep quality.",pass,,"Read in full: the sentence is complete and natural, the target use is understandable, and no unnecessary charged or specialist background is required for a default learner.",random-semantic-pass1,216481793,false
bump,9794985,This post is worth a bump!,pass,,"Read in full: the sentence is complete and natural, the target use is understandable, and no unnecessary charged or specialist background is required for a default learner.",random-semantic-pass1,216481793,false
cancel,11240042,"Kiwifarms is everything reactionaries claim ""cancel culture"" is and more.",pass,,"Read in full: the sentence is complete and natural, the target use is understandable, and no unnecessary charged or specialist background is required for a default learner.",random-semantic-pass1,216481793,false
origin,10545416,Do you know anything about the history or origin of this flag?,pass,,"Read in full: the sentence is complete and natural, the target use is understandable, and no unnecessary charged or specialist background is required for a default learner.",random-semantic-pass1,216481793,false
available,9189050,Mental healthcare isn't available to most of the working poor under neoliberalism.,pass,,"Read in full: the sentence is complete and natural, the target use is understandable, and no unnecessary charged or specialist background is required for a default learner.",random-semantic-pass1,216481793,false
inflict,10844687,Locusts are threatening to inflict more pain on some of the most drought-ravaged parts of eastern Australia.,pass,,"Read in full: the sentence is complete and natural, the target use is understandable, and no unnecessary charged or specialist background is required for a default learner.",random-semantic-pass1,216481793,false
exotic,12764616,Tom and Mary booked a flight to an exotic destination.,pass,,"Read in full: the sentence is complete and natural, the target use is understandable, and no unnecessary charged or specialist background is required for a default learner.",random-semantic-pass1,216481793,false
issue,12311342,A big conservation issue is the co-existence of people and animals.,pass,,"Read in full: the sentence is complete and natural, the target use is understandable, and no unnecessary charged or specialist background is required for a default learner.",random-semantic-pass1,216481793,false
luxury,10789701,Velvet fabric is often seen as a sign of luxury.,pass,,"Read in full: the sentence is complete and natural, the target use is understandable, and no unnecessary charged or specialist background is required for a default learner.",random-semantic-pass1,216481793,false
counter,10234334,Tom jumped over the counter to steal money from the cash register.,pass,,"Read in full: the sentence is complete and natural, the target use is understandable, and no unnecessary charged or specialist background is required for a default learner.",random-semantic-pass1,216481793,false
oxide,9659556,Nitrous oxide is inert at room temperature.,pass,,"Read in full: the sentence is complete and natural, the target use is understandable, and no unnecessary charged or specialist background is required for a default learner.",random-semantic-pass1,216481793,false
blunt,11905387,Tom's moody temperament sometimes leads him to make blunt remarks.,pass,,"Read in full: the sentence is complete and natural, the target use is understandable, and no unnecessary charged or specialist background is required for a default learner.",random-semantic-pass1,216481793,false
alter,9940629,"If we alter the construction of such sentences, the missing antecedent is often restored.",pass,,"Read in full: the sentence is complete and natural, the target use is understandable, and no unnecessary charged or specialist background is required for a default learner.",random-semantic-pass1,216481793,false
severe,12130064,A common side effect of amphetamines is severe diarrhea of the mouth.,pass,,"Read in full: the sentence is complete and natural, the target use is understandable, and no unnecessary charged or specialist background is required for a default learner.",random-semantic-pass1,216481793,false
assurance,12768696,You walk with the assurance of one who knows their path.,pass,,"Read in full: the sentence is complete and natural, the target use is understandable, and no unnecessary charged or specialist background is required for a default learner.",random-semantic-pass1,216481793,false
negotiate,12766070,Can they negotiate better trade deals this year?,pass,,"Read in full: the sentence is complete and natural, the target use is understandable, and no unnecessary charged or specialist background is required for a default learner.",random-semantic-pass1,216481793,false
abstract,12777304,He sculpts abstract figures from clay.,pass,,"Read in full: the sentence is complete and natural, the target use is understandable, and no unnecessary charged or specialist background is required for a default learner.",random-semantic-pass1,216481793,false
weary,12769169,The sea offers solace to the weary traveler.,pass,,"Read in full: the sentence is complete and natural, the target use is understandable, and no unnecessary charged or specialist background is required for a default learner.",random-semantic-pass1,216481793,false
bust,11389113,Today has been a bust... a bummer!,pass,,"Read in full: the sentence is complete and natural, the target use is understandable, and no unnecessary charged or specialist background is required for a default learner.",random-semantic-pass1,216481793,false
texture,11696287,"The taste is fine, but the texture is awful.",pass,,"Read in full: the sentence is complete and natural, the target use is understandable, and no unnecessary charged or specialist background is required for a default learner.",random-semantic-pass1,216481793,false
olive,11003360,Provided that one day I have a place to plant olive trees!,pass,,"Read in full: the sentence is complete and natural, the target use is understandable, and no unnecessary charged or specialist background is required for a default learner.",random-semantic-pass1,216481793,false
shaft,10762622,Tom fell down an elevator shaft.,pass,,"Read in full: the sentence is complete and natural, the target use is understandable, and no unnecessary charged or specialist background is required for a default learner.",random-semantic-pass1,216481793,false
inevitable,11485256,Lower birthrates are the inevitable result of a more educated and affluent society.,pass,,"Read in full: the sentence is complete and natural, the target use is understandable, and no unnecessary charged or specialist background is required for a default learner.",random-semantic-pass1,216481793,false
scrape,9365594,I can barely scrape by on what I'm making now.,pass,,"Read in full: the sentence is complete and natural, the target use is understandable, and no unnecessary charged or specialist background is required for a default learner.",random-semantic-pass1,216481793,false
skip,12318330,I never skip the theme song to this show.,pass,,"Read in full: the sentence is complete and natural, the target use is understandable, and no unnecessary charged or specialist background is required for a default learner.",random-semantic-pass1,216481793,false
resort,12764689,The resort had everything they needed for a perfect vacation.,pass,,"Read in full: the sentence is complete and natural, the target use is understandable, and no unnecessary charged or specialist background is required for a default learner.",random-semantic-pass1,216481793,false
dignity,12775908,The duchess carried herself with dignity and grace.,pass,,"Read in full: the sentence is complete and natural, the target use is understandable, and no unnecessary charged or specialist background is required for a default learner.",random-semantic-pass1,216481793,false
function,6976968,Anarchists believe society can function by mutual aid.,pass,,"Read in full: the sentence is complete and natural, the target use is understandable, and no unnecessary charged or specialist background is required for a default learner.",random-semantic-pass1,216481793,false
sour,12432377,Sour cream and onion is my favorite potato chip flavor.,pass,,"Read in full: the sentence is complete and natural, the target use is understandable, and no unnecessary charged or specialist background is required for a default learner.",random-semantic-pass1,216481793,false
variation,9454240,The latest variation of the classic tinfoil hat is the tinfoil beret.,pass,,"Read in full: the sentence is complete and natural, the target use is understandable, and no unnecessary charged or specialist background is required for a default learner.",random-semantic-pass1,216481793,false
incentive,10750476,That's not much of an incentive.,pass,,"Read in full: the sentence is complete and natural, the target use is understandable, and no unnecessary charged or specialist background is required for a default learner.",random-semantic-pass1,216481793,false
effective,12768009,What are the most effective ways to manage a crisis?,pass,,"Read in full: the sentence is complete and natural, the target use is understandable, and no unnecessary charged or specialist background is required for a default learner.",random-semantic-pass1,216481793,false
nourish,12768024,Can Mary use rainwater to nourish her garden?,pass,,"Read in full: the sentence is complete and natural, the target use is understandable, and no unnecessary charged or specialist background is required for a default learner.",random-semantic-pass1,216481793,false
consent,11089718,It's not consent unless it can be revoked at any time.,pass,,"Read in full: the sentence is complete and natural, the target use is understandable, and no unnecessary charged or specialist background is required for a default learner.",random-semantic-pass1,216481793,false
fringe,12343007,"Real skeptics also apply skepticism to fringe voices, not just mainstream ones.",pass,,"Read in full: the sentence is complete and natural, the target use is understandable, and no unnecessary charged or specialist background is required for a default learner.",random-semantic-pass1,216481793,false
schedule,10101905,I'm still trying to sort my schedule out.,pass,,"Read in full: the sentence is complete and natural, the target use is understandable, and no unnecessary charged or specialist background is required for a default learner.",random-semantic-pass1,216481793,false
reject,11621317,Tom rejected Mary before she could reject him.,pass,,"Read in full: the sentence is complete and natural, the target use is understandable, and no unnecessary charged or specialist background is required for a default learner.",random-semantic-pass1,216481793,false
scent,12775894,The ballroom was filled with the scent of roses.,pass,,"Read in full: the sentence is complete and natural, the target use is understandable, and no unnecessary charged or specialist background is required for a default learner.",random-semantic-pass1,216481793,false
cellar,11550135,"If you lift that candlestick, it'll move the bookcase and grant us access to the cellar.",pass,,"Read in full: the sentence is complete and natural, the target use is understandable, and no unnecessary charged or specialist background is required for a default learner.",random-semantic-pass1,216481793,false
parallel,11923950,I can detect that there are other dimensions parallel to this one.,pass,,"Read in full: the sentence is complete and natural, the target use is understandable, and no unnecessary charged or specialist background is required for a default learner.",random-semantic-pass1,216481793,false
caution,12773788,Shall we move forward with caution?,pass,,"Read in full: the sentence is complete and natural, the target use is understandable, and no unnecessary charged or specialist background is required for a default learner.",random-semantic-pass1,216481793,false
string,12465773,You can't assign a string to a variable of type integer.,pass,,"Read in full: the sentence is complete and natural, the target use is understandable, and no unnecessary charged or specialist background is required for a default learner.",random-semantic-pass1,216481793,false
enforce,6366624,The absentee landlord requires a state to enforce his claims to the property.,pass,,"Read in full: the sentence is complete and natural, the target use is understandable, and no unnecessary charged or specialist background is required for a default learner.",random-semantic-pass1,216481793,false
represent,12465772,Why do we need to represent this as a string?,pass,,"Read in full: the sentence is complete and natural, the target use is understandable, and no unnecessary charged or specialist background is required for a default learner.",random-semantic-pass1,216481793,false
acquire,13036756,You can't acquire a language without consuming it.,pass,,"Read in full: the sentence is complete and natural, the target use is understandable, and no unnecessary charged or specialist background is required for a default learner.",random-semantic-pass1,216481793,false
crash,10054503,Can I crash at your pad for a bit?,pass,,"Read in full: the sentence is complete and natural, the target use is understandable, and no unnecessary charged or specialist background is required for a default learner.",random-semantic-pass1,216481793,false
proof,11150371,I am living proof that you failed to break me.,pass,,"Read in full: the sentence is complete and natural, the target use is understandable, and no unnecessary charged or specialist background is required for a default learner.",random-semantic-pass1,216481793,false
alternate,11923954,I was born with the ability to detect nearby alternate realities.,pass,,"Read in full: the sentence is complete and natural, the target use is understandable, and no unnecessary charged or specialist background is required for a default learner.",random-semantic-pass1,216481793,false
specific,9935723,Some birds migrate to roost during specific seasons.,pass,,"Read in full: the sentence is complete and natural, the target use is understandable, and no unnecessary charged or specialist background is required for a default learner.",random-semantic-pass1,216481793,false
arrogant,12095760,"In an archival interview, he was careful not to overrate his success or appear arrogant.",pass,,"Read in full: the sentence is complete and natural, the target use is understandable, and no unnecessary charged or specialist background is required for a default learner.",random-semantic-pass1,216481793,false
dim,11989537,"Uranus is sometimes visible to the naked eye, but is very dim.",pass,,"Read in full: the sentence is complete and natural, the target use is understandable, and no unnecessary charged or specialist background is required for a default learner.",random-semantic-pass1,216481793,false
offspring,8488055,"If he were still of this world, his offspring would be prosperous.",pass,,"Read in full: the sentence is complete and natural, the target use is understandable, and no unnecessary charged or specialist background is required for a default learner.",random-semantic-pass1,216481793,false
smuggle,12381075,The tunnel was used to smuggle contraband across the border.,pass,,"Read in full: the sentence is complete and natural, the target use is understandable, and no unnecessary charged or specialist background is required for a default learner.",random-semantic-pass1,216481793,false
appeal,11051474,I'm trying to appeal to the reasonable side of people.,pass,,"Read in full: the sentence is complete and natural, the target use is understandable, and no unnecessary charged or specialist background is required for a default learner.",random-semantic-pass1,216481793,false
interact,9805280,Does cannabis interact with antidepressants or lithium?,pass,,"Read in full: the sentence is complete and natural, the target use is understandable, and no unnecessary charged or specialist background is required for a default learner.",random-semantic-pass1,216481793,false
abnormal,12188741,Mental illness is a normal response to abnormal circumstances.,pass,,"Read in full: the sentence is complete and natural, the target use is understandable, and no unnecessary charged or specialist background is required for a default learner.",random-semantic-pass1,216481793,false
stump,12389891,There's a tree stump at the bottom of the lake.,pass,,"Read in full: the sentence is complete and natural, the target use is understandable, and no unnecessary charged or specialist background is required for a default learner.",random-semantic-pass1,216481793,false
cycle,12778582,Can we ever break free from the cycle of existence?,pass,,"Read in full: the sentence is complete and natural, the target use is understandable, and no unnecessary charged or specialist background is required for a default learner.",random-semantic-pass1,216481793,false
stock,12033012,"When you see the sign for the stock brokerage, take the next right.",pass,,"Read in full: the sentence is complete and natural, the target use is understandable, and no unnecessary charged or specialist background is required for a default learner.",random-semantic-pass1,216481793,false
athlete,11518314,No trans woman has ever been the top athlete at any women's sport.,pass,,"Read in full: the sentence is complete and natural, the target use is understandable, and no unnecessary charged or specialist background is required for a default learner.",random-semantic-pass1,216481793,false
imitation,12424779,It's healthier to cook with eggplant or mushrooms than imitation meat.,pass,,"Read in full: the sentence is complete and natural, the target use is understandable, and no unnecessary charged or specialist background is required for a default learner.",random-semantic-pass1,216481793,false
item,12065617,The item will go to the highest bidder.,pass,,"Read in full: the sentence is complete and natural, the target use is understandable, and no unnecessary charged or specialist background is required for a default learner.",random-semantic-pass1,216481793,false
exception,12465775,This function takes a string and either returns an integer or throws an exception.,pass,,"Read in full: the sentence is complete and natural, the target use is understandable, and no unnecessary charged or specialist background is required for a default learner.",random-semantic-pass1,216481793,false
spice,9942974,Tom bought a new kind of pasta from the store to spice things up a bit.,pass,,"Read in full: the sentence is complete and natural, the target use is understandable, and no unnecessary charged or specialist background is required for a default learner.",random-semantic-pass1,216481793,false
nominate,10735613,The director has asked the board to nominate him for a second term.,pass,,"Read in full: the sentence is complete and natural, the target use is understandable, and no unnecessary charged or specialist background is required for a default learner.",random-semantic-pass1,216481793,false
cater,9004022,This restaurant does not cater for vegans.,pass,,"Read in full: the sentence is complete and natural, the target use is understandable, and no unnecessary charged or specialist background is required for a default learner.",random-semantic-pass1,216481793,false
sneak,12381078,Tom was caught trying to sneak contraband into the prison.,pass,,"Read in full: the sentence is complete and natural, the target use is understandable, and no unnecessary charged or specialist background is required for a default learner.",random-semantic-pass1,216481793,false
furniture,11261806,"The furniture was beautifully polished, but did not have a bright gloss.",pass,,"Read in full: the sentence is complete and natural, the target use is understandable, and no unnecessary charged or specialist background is required for a default learner.",random-semantic-pass1,216481793,false
recession,12766071,Will the economy recover from the global recession?,pass,,"Read in full: the sentence is complete and natural, the target use is understandable, and no unnecessary charged or specialist background is required for a default learner.",random-semantic-pass1,216481793,false
barely,9365594,I can barely scrape by on what I'm making now.,pass,,"Read in full: the sentence is complete and natural, the target use is understandable, and no unnecessary charged or specialist background is required for a default learner.",random-semantic-pass1,216481793,false
fascinate,11167170,His baboon story will fascinate and entertain you for sure.,pass,,"Read in full: the sentence is complete and natural, the target use is understandable, and no unnecessary charged or specialist background is required for a default learner.",random-semantic-pass1,216481793,false
warrant,10143061,Tom told the cop to come back when he had a warrant.,pass,,"Read in full: the sentence is complete and natural, the target use is understandable, and no unnecessary charged or specialist background is required for a default learner.",random-semantic-pass1,216481793,false
subscribe,8180880,"Don't forget to like, subscribe and turn on the bell notifications.",pass,,"Read in full: the sentence is complete and natural, the target use is understandable, and no unnecessary charged or specialist background is required for a default learner.",random-semantic-pass1,216481793,false
primary,13662542,Cis people are the primary recipients of gender-affirming care.,pass,,"Read in full: the sentence is complete and natural, the target use is understandable, and no unnecessary charged or specialist background is required for a default learner.",random-semantic-pass1,216481793,false
conform,12190656,"The backrest should conform to the natural curvature of your spine, and provide adequate lumbar support.",pass,,"Read in full: the sentence is complete and natural, the target use is understandable, and no unnecessary charged or specialist background is required for a default learner.",random-semantic-pass1,216481793,false
sue,11764741,We're going to sue your pants off!,pass,,"Read in full: the sentence is complete and natural, the target use is understandable, and no unnecessary charged or specialist background is required for a default learner.",random-semantic-pass1,216481793,false
elevate,12766920,Improved conditions elevate the human experience.,pass,,"Read in full: the sentence is complete and natural, the target use is understandable, and no unnecessary charged or specialist background is required for a default learner.",random-semantic-pass1,216481793,false
jury,11986295,The decision of the jury in the Depp-Heard case was legally baseless.,pass,,"Read in full: the sentence is complete and natural, the target use is understandable, and no unnecessary charged or specialist background is required for a default learner.",random-semantic-pass1,216481793,false
formal,9952838,Affirming the consequent is an example of a formal logical fallacy.,pass,,"Read in full: the sentence is complete and natural, the target use is understandable, and no unnecessary charged or specialist background is required for a default learner.",random-semantic-pass1,216481793,false
slide,10834344,I'll let it slide this time.,pass,,"Read in full: the sentence is complete and natural, the target use is understandable, and no unnecessary charged or specialist background is required for a default learner.",random-semantic-pass1,216481793,false
merely,13148354,Tom insisted it was merely a verbal altercation and never got physical.,pass,,"Read in full: the sentence is complete and natural, the target use is understandable, and no unnecessary charged or specialist background is required for a default learner.",random-semantic-pass1,216481793,false
encourage,12767998,How can we encourage more people to protect the environment?,pass,,"Read in full: the sentence is complete and natural, the target use is understandable, and no unnecessary charged or specialist background is required for a default learner.",random-semantic-pass1,216481793,false
