word,sentenceId,sentence,decision,categories,rationale,reviewType,seed,severeInappropriate
abandon,12338135,We can't abandon our principles out of moral lassitude.,reject,context-too-hard,The surrounding vocabulary or technical background is substantially harder than the target word.,risk-targeted,,false
abnormal,12188741,Mental illness is a normal response to abnormal circumstances.,pass,,"Read in full: the sentence is complete and natural, the target use is understandable, and no unnecessary charged or specialist background is required for a default learner.",risk-targeted,,false
abolish,5059670,"If God really existed, it would be necessary to abolish him.",reject,religious-heavy,The sentence depends on a religious controversy or background that is unnecessary for the target word.,risk-targeted,,false
abstract,12777304,He sculpts abstract figures from clay.,pass,,"Read in full: the sentence is complete and natural, the target use is understandable, and no unnecessary charged or specialist background is required for a default learner.",risk-targeted,,false
abundance,11620143,I went to my garden and found abundance.,pass,,"Read in full: the sentence is complete and natural, the target use is understandable, and no unnecessary charged or specialist background is required for a default learner.",risk-targeted,,false
abundant,9954436,"Where population is balanced and abundant, much childbearing becomes an evil rather than a blessing to the State.",reject,context-too-hard; political-heavy,The surrounding vocabulary or technical background is substantially harder than the target word. The sentence depends on a politically charged dispute or institutional background that is unnecessary for the target word.,risk-targeted,,false
accessory,12490216,Tom wears glasses purely as a fashion accessory.,pass,,"Read in full: the sentence is complete and natural, the target use is understandable, and no unnecessary charged or specialist background is required for a default learner.",risk-targeted,,false
accommodate,10460391,"Unfortunately, we're unable to accommodate your request.",pass,,"Read in full: the sentence is complete and natural, the target use is understandable, and no unnecessary charged or specialist background is required for a default learner.",risk-targeted,,false
accumulate,11178247,"Local business owners clean the beach each morning, but the trash begins to accumulate shortly after.",pass,,"Read in full: the sentence is complete and natural, the target use is understandable, and no unnecessary charged or specialist background is required for a default learner.",risk-targeted,,false
accurate,12302767,Hair samples offer a simple but accurate test as to whether anti-retrovirals are suppressing the virus.,pass,,"Read in full: the sentence is complete and natural, the target use is understandable, and no unnecessary charged or specialist background is required for a default learner.",risk-targeted,,false
addict,11959606,I used to be an addict.,reject,medical-heavy; other,The personal statement about being an addict makes the example emotionally and medically loaded without enough teaching context for the target.,risk-targeted,,false
additional,11689796,A subordinating clause is a part of a sentence that adds additional information to the main clause.,reject,context-too-hard,The surrounding vocabulary or technical background is substantially harder than the target word.,risk-targeted,,false
adequate,12190656,"The backrest should conform to the natural curvature of your spine, and provide adequate lumbar support.",pass,,"Read in full: the sentence is complete and natural, the target use is understandable, and no unnecessary charged or specialist background is required for a default learner.",risk-targeted,,false
adhere,11986511,Security forces fear that hardliners among the demonstrators may not adhere to such promises.,pass,,"Read in full: the sentence is complete and natural, the target use is understandable, and no unnecessary charged or specialist background is required for a default learner.",risk-targeted,,false
administration,12063836,The president has promised a more austere administration than that of his predecessor.,reject,political-heavy; context-too-hard,The sentence depends on a politically charged dispute or institutional background that is unnecessary for the target word. The surrounding vocabulary or technical background is substantially harder than the target word.,risk-targeted,,false
adopt,11702461,"If you wouldn't support your kid if they came out as gay, you shouldn't adopt.",reject,political-heavy; weak-teaching-value,"The sentence depends on a politically charged dispute or institutional background that is unnecessary for the target word. The target word is incidental, ambiguous, or too weakly illustrated to justify the context burden.",risk-targeted,,false
advantage,11380634,A schmuck is someone who is easily taken advantage of.,reject,context-too-hard; weak-teaching-value,"The surrounding vocabulary or technical background is substantially harder than the target word. The target word is incidental, ambiguous, or too weakly illustrated to justify the context burden.",risk-targeted,,false
aerial,12080130,It almost seems as though this freestyle aerial skier has no more mountains to conquer in his sport.,reject,specialist-background; context-too-hard,Freestyle aerial skiing is a specialized sport context that makes aerial harder than necessary for a default learner.,risk-targeted,,false
afflict,11254030,These diseases afflict the poorest and most marginalized communities in the country.,reject,medical-heavy; political-heavy,Diseases afflicting marginalized communities adds medical and social-policy load that is unnecessary for afflict.,risk-targeted,,false
aggregate,11034211,An aggregate of this bark compressed into a stopper shape is forced into the anus as a treatment for piles.,reject,sexual; medical-heavy,The sentence describes an explicit medical treatment involving the anus and piles.,risk-targeted,,false
aggressive,11541536,J.K. Rowling uses aggressive litigation to silence her critics.,reject,political-heavy,The sentence depends on a politically charged dispute or institutional background that is unnecessary for the target word.,risk-targeted,,false
alert,11048125,Two of the hardest-hit U.S. regions have raised the alert level over the monkeypox outbreak.,pass,,"Read in full: the sentence is complete and natural, the target use is understandable, and no unnecessary charged or specialist background is required for a default learner.",risk-targeted,,false
alienate,12015551,We alienate ourselves from what's good about us and project it onto God.,reject,context-too-hard; weak-teaching-value,"The surrounding vocabulary or technical background is substantially harder than the target word. The target word is incidental, ambiguous, or too weakly illustrated to justify the context burden.",risk-targeted,,false
alliance,12765146,The intergalactic alliance was in danger of collapsing.,reject,fantastical-context; weak-teaching-value,"An intergalactic alliance is a science-fiction setting, so alliance is not grounded in a normal default-learning context.",risk-targeted,,false
alter,9940629,"If we alter the construction of such sentences, the missing antecedent is often restored.",reject,specialist-background; context-dependent,"Construction, sentences, and a missing antecedent require grammar analysis that is much harder than alter.",risk-targeted,,false
alternate,11923954,I was born with the ability to detect nearby alternate realities.,reject,fantastical-context; weak-teaching-value,Alternate realities are a fantasy premise that makes alternate unclear as a useful ordinary contrast.,risk-targeted,,false
alternative,13148347,Onions rings are an underrated alternative to fries.,reject,unnatural-English,"The wording is awkward, archaic, or unnatural for a modern default teaching example.",risk-targeted,,false
ambition,11676112,I have no ambition to outshine him or any other erudite.,reject,context-too-hard,The surrounding vocabulary or technical background is substantially harder than the target word.,risk-targeted,,false
ambitious,12775184,She sets ambitious goals for herself.,pass,,"Read in full: the sentence is complete and natural, the target use is understandable, and no unnecessary charged or specialist background is required for a default learner.",risk-targeted,,false
ammunition,11891468,"How did live ammunition get on set, anyway?",reject,violence,"The sentence adds unnecessary violence, weapons, threats, or graphic harm to a default learning context.",risk-targeted,,false
analysis,12034469,"Based on initial data analysis, the collared bears rarely forayed outside the park.",reject,context-too-hard,The surrounding vocabulary or technical background is substantially harder than the target word.,risk-targeted,,false
ancestor,12095498,Tabby cats exhibit the typical fur pattern of their wild ancestor.,pass,,"Read in full: the sentence is complete and natural, the target use is understandable, and no unnecessary charged or specialist background is required for a default learner.",risk-targeted,,false
annoy,11669225,I pronounced his name wrong on purpose to annoy him.,pass,,"Read in full: the sentence is complete and natural, the target use is understandable, and no unnecessary charged or specialist background is required for a default learner.",risk-targeted,,false
annual,12775977,The royal family gathered for the annual portrait.,pass,,"Read in full: the sentence is complete and natural, the target use is understandable, and no unnecessary charged or specialist background is required for a default learner.",risk-targeted,,false
anonymous,11076401,Alcoholics Anonymous is a faith healing program.,reject,obscure-background; context-too-hard,"The sentence requires obscure names, places, history, or specialist background before it can be understood. The surrounding vocabulary or technical background is substantially harder than the target word.",risk-targeted,,false
appearance,12768386,Tom understands that beauty is more than appearance.,pass,,"Read in full: the sentence is complete and natural, the target use is understandable, and no unnecessary charged or specialist background is required for a default learner.",risk-targeted,,false
appropriate,11844548,Nazis marching outside libraries are not appropriate for children to see.,reject,extremism; political-heavy,The sentence places Nazis in a default child-facing context and is not a neutral teaching example.,risk-targeted,,false
apt,10359369,Sometimes literal translations are perfectly apt.,pass,,"Read in full: the sentence is complete and natural, the target use is understandable, and no unnecessary charged or specialist background is required for a default learner.",risk-targeted,,false
arrangement,11354864,"Meanwhile, Malawi's government says it plans to implement the visa-free waiver arrangement starting in January.",reject,political-heavy; proper-noun-heavy; context-too-hard,The sentence is a news-style government and visa-policy report with unnecessary country and institutional background.,risk-targeted,,false
array,11221845,Each arm of the eyeglass frame has an array of four tiny directional microphones.,reject,specialist-background; context-too-hard,Directional microphones built into eyeglass frames create technical hardware detail that overwhelms array.,risk-targeted,,false
arrest,10009479,The Jackson family fell into disrepute after Tom's arrest.,reject,obscure-background; context-dependent,"The sentence requires obscure names, places, history, or specialist background before it can be understood. The sentence is not sufficiently standalone or leaves a key reference unresolved.",risk-targeted,,false
arrogant,12095760,"In an archival interview, he was careful not to overrate his success or appear arrogant.",pass,,"Read in full: the sentence is complete and natural, the target use is understandable, and no unnecessary charged or specialist background is required for a default learner.",risk-targeted,,false
artificial,12112357,We started our own nation on an artificial platform on the sea.,pass,,"Read in full: the sentence is complete and natural, the target use is understandable, and no unnecessary charged or specialist background is required for a default learner.",risk-targeted,,false
ascend,10722100,Who of those who have been cast down by sin shall ascend?,reject,religious-heavy; unnatural-English,"The sentence depends on a religious controversy or background that is unnecessary for the target word. The wording is awkward, archaic, or unnatural for a modern default teaching example.",risk-targeted,,false
assault,12154787,Restricting trans bathroom use leads to the sexual assault of trans people.,reject,sexual; violence; hate,The sentence describes sexual assault in an identity-based political dispute.,risk-targeted,,false
assert,9141055,"If America were the best country in the world, it wouldn't need to constantly assert this.",reject,political-heavy,The sentence depends on a politically charged dispute or institutional background that is unnecessary for the target word.,risk-targeted,,false
asset,12766677,Humanity's greatest asset is its compassion.,pass,,"Read in full: the sentence is complete and natural, the target use is understandable, and no unnecessary charged or specialist background is required for a default learner.",risk-targeted,,false
assignment,11315186,I can help you with that assignment.,pass,,"Read in full: the sentence is complete and natural, the target use is understandable, and no unnecessary charged or specialist background is required for a default learner.",risk-targeted,,false
associate,10234391,Tom graduated from community college with an associate degree.,pass,,"Read in full: the sentence is complete and natural, the target use is understandable, and no unnecessary charged or specialist background is required for a default learner.",risk-targeted,,false
assumption,11266249,Your assumption that I love food is correct.,pass,,"Read in full: the sentence is complete and natural, the target use is understandable, and no unnecessary charged or specialist background is required for a default learner.",risk-targeted,,false
assure,11206797,The bank's actions seemed to assure investors about the soundness of the governmental bonds.,pass,,"Read in full: the sentence is complete and natural, the target use is understandable, and no unnecessary charged or specialist background is required for a default learner.",risk-targeted,,false
attach,11109115,Josh had surgery to attach the liver to the small intestine so the bile could drain.,reject,medical-heavy; context-too-hard,The sentence requires specialist surgical and anatomical background that overwhelms the ordinary target-word use.,risk-targeted,,false
attain,9801023,Can we not attain to some farther-reaching philosophy?,reject,unnatural-English; context-too-hard,"The wording is awkward, archaic, or unnatural for a modern default teaching example. The surrounding vocabulary or technical background is substantially harder than the target word.",risk-targeted,,false
attitude,10104692,His maverick attitude toward generally-accepted best practices didn't endear him to his superiors.,reject,context-too-hard,The surrounding vocabulary or technical background is substantially harder than the target word.,risk-targeted,,false
attract,12768016,Tom is focusing on growing plants that attract pollinators.,pass,,"Read in full: the sentence is complete and natural, the target use is understandable, and no unnecessary charged or specialist background is required for a default learner.",risk-targeted,,false
attractive,11081976,Reactionaries have tried in vain to force everyone to stop finding the wrong people attractive.,reject,political-heavy; weak-teaching-value,"The sentence depends on a politically charged dispute or institutional background that is unnecessary for the target word. The target word is incidental, ambiguous, or too weakly illustrated to justify the context burden.",risk-targeted,,false
attribute,2570990,Never attribute to malice that which is adequately explained by stupidity.,pass,,"Read in full: the sentence is complete and natural, the target use is understandable, and no unnecessary charged or specialist background is required for a default learner.",risk-targeted,,false
auction,9452985,Tom bought his car at a forfeiture auction.,pass,,"Read in full: the sentence is complete and natural, the target use is understandable, and no unnecessary charged or specialist background is required for a default learner.",risk-targeted,,false
audience,12147209,"The filmmaker's goal is to entertain, while also making her audience think.",pass,,"Read in full: the sentence is complete and natural, the target use is understandable, and no unnecessary charged or specialist background is required for a default learner.",risk-targeted,,false
authentic,8108994,Israel is the land of all authentic prophets.,reject,religious-heavy; political-heavy,The sentence depends on a religious controversy or background that is unnecessary for the target word. The sentence depends on a politically charged dispute or institutional background that is unnecessary for the target word.,risk-targeted,,false
author,8700856,The author let down a lot of her fans with her transphobia.,reject,political-heavy,The sentence depends on a politically charged dispute or institutional background that is unnecessary for the target word.,risk-targeted,,false
autonomous,10966305,"Like their counterparts on land, autonomous ships are emerging as a new way to traverse the world's oceans.",pass,,"Read in full: the sentence is complete and natural, the target use is understandable, and no unnecessary charged or specialist background is required for a default learner.",risk-targeted,,false
autonomy,10018041,How much of your own autonomy are you ceding to these people?,reject,context-dependent,The sentence is not sufficiently standalone or leaves a key reference unresolved.,risk-targeted,,false
avert,10107469,We need to act now if we want to avert disaster.,pass,,"Read in full: the sentence is complete and natural, the target use is understandable, and no unnecessary charged or specialist background is required for a default learner.",risk-targeted,,false
award,11489638,He should get an award for his humanitarianism.,pass,,"Read in full: the sentence is complete and natural, the target use is understandable, and no unnecessary charged or specialist background is required for a default learner.",risk-targeted,,false
awkward,11777864,I'm socially awkward in three languages.,pass,,"Read in full: the sentence is complete and natural, the target use is understandable, and no unnecessary charged or specialist background is required for a default learner.",risk-targeted,,false
axis,8622843,The Axis occupation of Greece lasted three years.,reject,political-heavy; obscure-background,"The sentence depends on a politically charged dispute or institutional background that is unnecessary for the target word. The sentence requires obscure names, places, history, or specialist background before it can be understood.",risk-targeted,,false
background,9489982,"The man in the background is my grandfather, and my father is in the foreground.",pass,,"Read in full: the sentence is complete and natural, the target use is understandable, and no unnecessary charged or specialist background is required for a default learner.",risk-targeted,,false
bacteria,12315070,After harmful bacteria are removed the filtered water is disinfected with chemicals.,pass,,"Read in full: the sentence is complete and natural, the target use is understandable, and no unnecessary charged or specialist background is required for a default learner.",risk-targeted,,false
bamboo,11209064,"But construction companies in other regions use bamboo mostly in engineered form, as plywood and other laminated byproducts.",pass,,"Read in full: the sentence is complete and natural, the target use is understandable, and no unnecessary charged or specialist background is required for a default learner.",risk-targeted,,false
band,11751685,The band played a mix of covers and original songs.,pass,,"Read in full: the sentence is complete and natural, the target use is understandable, and no unnecessary charged or specialist background is required for a default learner.",risk-targeted,,false
bandage,9805138,How do I apply a bandage?,pass,,"Read in full: the sentence is complete and natural, the target use is understandable, and no unnecessary charged or specialist background is required for a default learner.",risk-targeted,,false
barren,12764977,The war left the land barren and lifeless.,reject,violence,The sentence places the target in an unnecessary war aftermath context.,risk-targeted,,false
basis,11927072,It's hard to avoid what forms the basis of the economic system.,pass,,"Read in full: the sentence is complete and natural, the target use is understandable, and no unnecessary charged or specialist background is required for a default learner.",risk-targeted,,false
behave,8111692,The majority of Algerians behave like barbarians where they emigrate.,reject,hate,"The sentence contains an identity-based generalization, slur-adjacent framing, or hateful conflict that is not needed for teaching.",risk-targeted,,false
beneficial,10770595,Further discussion of this topic is unlikely to be beneficial.,pass,,"Read in full: the sentence is complete and natural, the target use is understandable, and no unnecessary charged or specialist background is required for a default learner.",risk-targeted,,false
bizarre,10357464,"Tom's actions might seem bizarre, but he's actually playing five-dimensional chess.",reject,fantastical-context; weak-teaching-value,Five-dimensional chess is a niche metaphor that adds cultural and fantastical load unrelated to the basic target bizarre.,risk-targeted,,false
blank,11944712,The whole work is written in blank verse.,pass,,"Read in full: the sentence is complete and natural, the target use is understandable, and no unnecessary charged or specialist background is required for a default learner.",risk-targeted,,false
blossom,11068644,"Cherry blossom, cedar and white birch trees provide different flavors of alcohol in Japan.",reject,weak-teaching-value,"The target word is incidental, ambiguous, or too weakly illustrated to justify the context burden.",risk-targeted,,false
blunt,11905387,Tom's moody temperament sometimes leads him to make blunt remarks.,pass,,"Read in full: the sentence is complete and natural, the target use is understandable, and no unnecessary charged or specialist background is required for a default learner.",risk-targeted,,false
blur,10220456,The photo editor includes a feature which allows users to add a blur effect to images.,pass,,"Read in full: the sentence is complete and natural, the target use is understandable, and no unnecessary charged or specialist background is required for a default learner.",risk-targeted,,false
bonus,8952220,"Some are just chubby, others have a bonus goiter.",reject,medical-heavy; weak-teaching-value,A bonus goiter introduces an unexplained medical abnormality that is unrelated to teaching bonus.,risk-targeted,,false
border,12381075,The tunnel was used to smuggle contraband across the border.,reject,political-heavy; context-too-hard,Smuggling contraband across a border adds criminal and border-policy background unrelated to teaching border.,risk-targeted,,false
brand,10107540,What brand of laundry detergent do you usually buy?,pass,,"Read in full: the sentence is complete and natural, the target use is understandable, and no unnecessary charged or specialist background is required for a default learner.",risk-targeted,,false
breakthrough,10164869,Tom was responsible for more than one significant scientific breakthrough.,pass,,"Read in full: the sentence is complete and natural, the target use is understandable, and no unnecessary charged or specialist background is required for a default learner.",risk-targeted,,false
brilliant,10545401,It's not a particularly brilliant revelation of mine.,pass,,"Read in full: the sentence is complete and natural, the target use is understandable, and no unnecessary charged or specialist background is required for a default learner.",risk-targeted,,false
brisk,10844733,"As online shopping posts brisk growth in India, investors are pouring billions of dollars into e-commerce companies.",reject,unnatural-English; context-too-hard,"The wording is awkward, archaic, or unnatural for a modern default teaching example. The surrounding vocabulary or technical background is substantially harder than the target word.",risk-targeted,,false
bronze,12092164,The artifacts included statues and pieces made of bronze and terracotta.,pass,,"Read in full: the sentence is complete and natural, the target use is understandable, and no unnecessary charged or specialist background is required for a default learner.",risk-targeted,,false
brood,11091792,Tom brought his whole brood with him.,pass,,"Read in full: the sentence is complete and natural, the target use is understandable, and no unnecessary charged or specialist background is required for a default learner.",risk-targeted,,false
bruise,10755767,That's going to leave a bruise.,pass,,"Read in full: the sentence is complete and natural, the target use is understandable, and no unnecessary charged or specialist background is required for a default learner.",risk-targeted,,false
buck,12331145,The burgers cost a buck apiece.,pass,,"Read in full: the sentence is complete and natural, the target use is understandable, and no unnecessary charged or specialist background is required for a default learner.",risk-targeted,,false
bud,13423075,"If we stick together, we can nip this nonsense in the bud.",pass,,"Read in full: the sentence is complete and natural, the target use is understandable, and no unnecessary charged or specialist background is required for a default learner.",risk-targeted,,false
budget,11976447,The U.S. should slash its military budget in half.,reject,political-heavy; violence,The sentence is a partisan military-spending prescription rather than a neutral example of budget.,risk-targeted,,false
bulk,10750477,It's cheaper if you buy in bulk.,pass,,"Read in full: the sentence is complete and natural, the target use is understandable, and no unnecessary charged or specialist background is required for a default learner.",risk-targeted,,false
bull,10786896,"Its father was a very good bull, and I am expecting her to give me a very good heifer.",reject,context-too-hard,The surrounding vocabulary or technical background is substantially harder than the target word.,risk-targeted,,false
bully,10021723,A bully gave Tom a swirly.,reject,violence; context-too-hard,"The sentence adds unnecessary violence, weapons, threats, or graphic harm to a default learning context. The surrounding vocabulary or technical background is substantially harder than the target word.",risk-targeted,,false
bump,9794985,This post is worth a bump!,pass,,"Read in full: the sentence is complete and natural, the target use is understandable, and no unnecessary charged or specialist background is required for a default learner.",risk-targeted,,false
burden,12773473,To know the truth is both a gift and a burden.,pass,,"Read in full: the sentence is complete and natural, the target use is understandable, and no unnecessary charged or specialist background is required for a default learner.",risk-targeted,,false
bureaucracy,8801510,Adolf Eichmann hated rules and was contemptuous of bureaucracy.,reject,extremism; obscure-background,"The sentence requires extremist or Nazi-related context that is not necessary to teach the target word. The sentence requires obscure names, places, history, or specialist background before it can be understood.",risk-targeted,,false
burial,10114581,White is one of a few students whose remains were shipped home to family for burial.,reject,death-heavy; context-dependent,"Shipped remains and family burial make this a death-heavy, context-dependent sentence that is not appropriate as a default example for burial.",risk-targeted,,false
bust,11389113,Today has been a bust... a bummer!,reject,unnatural-English; weak-teaching-value,"Bust and bummer are both slangy, and the ellipsis leaves the intended meaning less clear than a modern default example should.",risk-targeted,,false
buzz,12412133,I'm downstairs. Can you buzz me in?,pass,,"Read in full: the sentence is complete and natural, the target use is understandable, and no unnecessary charged or specialist background is required for a default learner.",risk-targeted,,false
bypass,10249063,"Exposing bad ideas doesn't kill them because people aren't perfectly rational, and propaganda is designed to bypass reason.",reject,extremism; political-heavy; context-too-hard,The sentence requires extremist or Nazi-related context that is not necessary to teach the target word. The sentence depends on a politically charged dispute or institutional background that is unnecessary for the target word. The surrounding vocabulary or technical background is substantially harder than the target word.,risk-targeted,,false
cabinet,10139357,Tom peeked into Mary's medicine cabinet.,pass,,"Read in full: the sentence is complete and natural, the target use is understandable, and no unnecessary charged or specialist background is required for a default learner.",risk-targeted,,false
cancer,10806002,Exposure to these chemicals can increase your risk of developing cancer.,reject,medical-heavy,The sentence makes the learner process unnecessary medical detail instead of the target word.,risk-targeted,,false
candidate,9229484,"There was only one candidate running for the office unopposed, so I wrote in our cat.",pass,,"Read in full: the sentence is complete and natural, the target use is understandable, and no unnecessary charged or specialist background is required for a default learner.",risk-targeted,,false
cane,11686683,"Thoreau coveted the plant's strong purple stalk for a cane, and the robins eat its dark crimson-juiced berries.",reject,obscure-background; context-too-hard,"The sentence requires obscure names, places, history, or specialist background before it can be understood. The surrounding vocabulary or technical background is substantially harder than the target word.",risk-targeted,,false
canvas,10463752,You call this art? It's just a splotch of paint on a canvas!,pass,,"Read in full: the sentence is complete and natural, the target use is understandable, and no unnecessary charged or specialist background is required for a default learner.",risk-targeted,,false
cape,9101056,Tom is the only person wearing a cape.,pass,,"Read in full: the sentence is complete and natural, the target use is understandable, and no unnecessary charged or specialist background is required for a default learner.",risk-targeted,,false
casual,11863884,"There are a lot of languages I'm a casual learner of, but have never seriously devoted myself to learning.",reject,unnatural-English,"The wording is awkward, archaic, or unnatural for a modern default teaching example.",risk-targeted,,false
cater,9004022,This restaurant does not cater for vegans.,pass,,"Read in full: the sentence is complete and natural, the target use is understandable, and no unnecessary charged or specialist background is required for a default learner.",risk-targeted,,false
catholic,12071397,Catholic priests used to keep the tops of their heads shaved.,reject,religious-heavy; archaic,Catholic priests and shaved heads create a religious historical context that is unnecessary for a default example of catholic.,risk-targeted,,false
caution,12773788,Shall we move forward with caution?,pass,,"Read in full: the sentence is complete and natural, the target use is understandable, and no unnecessary charged or specialist background is required for a default learner.",risk-targeted,,false
cellar,11550135,"If you lift that candlestick, it'll move the bookcase and grant us access to the cellar.",pass,,"Read in full: the sentence is complete and natural, the target use is understandable, and no unnecessary charged or specialist background is required for a default learner.",risk-targeted,,false
cemetery,11264536,Every grave in this cemetery is identical. It must be where they bury suburbanites.,reject,death-heavy; weak-teaching-value,"The identical-graves joke is morbid and distracting, so cemetery is not taught through a neutral default context.",risk-targeted,,false
certainty,12060096,"He knew it was so, with an unaccountable but instantaneous certainty.",reject,unnatural-English; context-too-hard,"The wording is awkward, archaic, or unnatural for a modern default teaching example. The surrounding vocabulary or technical background is substantially harder than the target word.",risk-targeted,,false
champagne,8736656,"Whenever someone blames immigrants for their problems, a millionaire opens a bottle of champagne.",reject,political-heavy,The sentence depends on a politically charged dispute or institutional background that is unnecessary for the target word.,risk-targeted,,false
champion,11650589,Mary is the world chess champion.,pass,,"Read in full: the sentence is complete and natural, the target use is understandable, and no unnecessary charged or specialist background is required for a default learner.",risk-targeted,,false
chapel,10101638,The priest is in the chapel.,pass,,"Read in full: the sentence is complete and natural, the target use is understandable, and no unnecessary charged or specialist background is required for a default learner.",risk-targeted,,false
character,9805693,What character traits would your friends use to describe you?,pass,,"Read in full: the sentence is complete and natural, the target use is understandable, and no unnecessary charged or specialist background is required for a default learner.",risk-targeted,,false
characterize,11095212,Openness and toughness characterize Korean diplomacy.,reject,political-heavy; proper-noun-heavy,Korean diplomacy places characterize in a named geopolitical context and adds specialist political vocabulary.,risk-targeted,,false
chase,10171525,My cat likes to chase the mouse cursor.,pass,,"Read in full: the sentence is complete and natural, the target use is understandable, and no unnecessary charged or specialist background is required for a default learner.",risk-targeted,,false
cherish,12768609,"I cherish the silence, for it speaks louder than words.",pass,,"Read in full: the sentence is complete and natural, the target use is understandable, and no unnecessary charged or specialist background is required for a default learner.",risk-targeted,,false
chief,11889584,"My grandfather is a Bedouin sheikh, chief of one of the most powerful tribes of the desert.",reject,obscure-background; context-too-hard,"The sentence requires obscure names, places, history, or specialist background before it can be understood. The surrounding vocabulary or technical background is substantially harder than the target word.",risk-targeted,,false
chord,12267769,Jazz is characterized by improvisation on chord progressions.,pass,,"Read in full: the sentence is complete and natural, the target use is understandable, and no unnecessary charged or specialist background is required for a default learner.",risk-targeted,,false
circulation,9805165,How long should I wear compression stockings to improve my circulation?,reject,medical-heavy; context-too-hard,Compression stockings make circulation depend on a specific medical treatment rather than an ordinary default context.,risk-targeted,,false
cite,12417879,"Please cite an authority on the English language, rather than Grammarly.",pass,,"Read in full: the sentence is complete and natural, the target use is understandable, and no unnecessary charged or specialist background is required for a default learner.",risk-targeted,,false
clamp,10724631,Her head was shaved and secured in a three-pronged skull clamp.,reject,medical-heavy,The sentence makes the learner process unnecessary medical detail instead of the target word.,risk-targeted,,false
clan,11411054,A clan of fairies lives under there.,reject,fantastical-context; weak-teaching-value,A clan of fairies is fantastical and gives clan an unusual group context rather than a natural default example.,risk-targeted,,false
classical,12777190,Do you enjoy listening to classical music?,pass,,"Read in full: the sentence is complete and natural, the target use is understandable, and no unnecessary charged or specialist background is required for a default learner.",risk-targeted,,false
classification,11358495,Not every racist country has the same racial classification system.,reject,hate; political-heavy,"The sentence contains an identity-based generalization, slur-adjacent framing, or hateful conflict that is not needed for teaching. The sentence depends on a politically charged dispute or institutional background that is unnecessary for the target word.",risk-targeted,,false
cliff,10830086,Tom drove straight off the cliff.,pass,,"Read in full: the sentence is complete and natural, the target use is understandable, and no unnecessary charged or specialist background is required for a default learner.",risk-targeted,,false
cling,11899770,"A lot of people still cling to a form of augury, seeing black cats as omens of bad luck.",reject,obscure-background; context-too-hard,"The sentence requires obscure names, places, history, or specialist background before it can be understood. The surrounding vocabulary or technical background is substantially harder than the target word.",risk-targeted,,false
clockwise,12382826,"Rotating it clockwise will tighten it, while rotating it counterclockwise will loosen it.",pass,,"Read in full: the sentence is complete and natural, the target use is understandable, and no unnecessary charged or specialist background is required for a default learner.",risk-targeted,,false
clue,12027126,I've got no clue why Tom said that to you.,pass,,"Read in full: the sentence is complete and natural, the target use is understandable, and no unnecessary charged or specialist background is required for a default learner.",risk-targeted,,false
cluster,11244047,The cottage was one of a small lonely cluster standing on the edge of an enormous beech wood.,pass,,"Read in full: the sentence is complete and natural, the target use is understandable, and no unnecessary charged or specialist background is required for a default learner.",risk-targeted,,false
coalition,12776970,They form a coalition for change.,pass,,"Read in full: the sentence is complete and natural, the target use is understandable, and no unnecessary charged or specialist background is required for a default learner.",risk-targeted,,false
cocaine,12391805,The study suggests two possible ways that cocaine might lead to an aneurism.,reject,medical-heavy,The sentence makes the learner process unnecessary medical detail instead of the target word.,risk-targeted,,false
cognitive,11969319,Cognitive behavioral therapy doesn't work for everything or everyone.,pass,,"Read in full: the sentence is complete and natural, the target use is understandable, and no unnecessary charged or specialist background is required for a default learner.",risk-targeted,,false
coincidence,12772635,Was this all just a coincidence?,pass,,"Read in full: the sentence is complete and natural, the target use is understandable, and no unnecessary charged or specialist background is required for a default learner.",risk-targeted,,false
collapse,11988241,What is causing colony collapse disorder?,reject,context-too-hard,The surrounding vocabulary or technical background is substantially harder than the target word.,risk-targeted,,false
collision,10142197,"After the collision, Tom and Mary exchanged insurance information.",pass,,"Read in full: the sentence is complete and natural, the target use is understandable, and no unnecessary charged or specialist background is required for a default learner.",risk-targeted,,false
colonial,8421512,It is a colonial divide-and-conquer strategy to pit religious people against one another.,reject,political-heavy; religious-heavy,The sentence depends on a politically charged dispute or institutional background that is unnecessary for the target word. The sentence depends on a religious controversy or background that is unnecessary for the target word.,risk-targeted,,false
combination,10016622,I forgot the combination to my locker.,pass,,"Read in full: the sentence is complete and natural, the target use is understandable, and no unnecessary charged or specialist background is required for a default learner.",risk-targeted,,false
combine,11598375,I'm worried our dimensions will combine and the shadow people will be able to get me.,reject,weak-teaching-value; obscure-background,"The target word is incidental, ambiguous, or too weakly illustrated to justify the context burden. The sentence requires obscure names, places, history, or specialist background before it can be understood.",risk-targeted,,false
commit,11678600,We all have to commit to getting rid of this perversion to our culture.,reject,political-heavy; weak-teaching-value,"The sentence depends on a politically charged dispute or institutional background that is unnecessary for the target word. The target word is incidental, ambiguous, or too weakly illustrated to justify the context burden.",risk-targeted,,false
commitment,12767818,Improvement is a commitment to yourself.,pass,,"Read in full: the sentence is complete and natural, the target use is understandable, and no unnecessary charged or specialist background is required for a default learner.",risk-targeted,,false
committee,12272805,The committee recommends devolution of regulatory power to the provinces.,reject,political-heavy; context-too-hard,The sentence depends on a politically charged dispute or institutional background that is unnecessary for the target word. The surrounding vocabulary or technical background is substantially harder than the target word.,risk-targeted,,false
commonwealth,11502104,"Bangladesh military ranks, essentially corresponds to those used by the armed forces of the commonwealth nations.",reject,political-heavy; unnatural-English,"The sentence depends on a politically charged dispute or institutional background that is unnecessary for the target word. The wording is awkward, archaic, or unnatural for a modern default teaching example.",risk-targeted,,false
compact,11867522,Pulsars are compact and rapidly rotating neutron stars which are the remains of stars that have exploded.,pass,,"Read in full: the sentence is complete and natural, the target use is understandable, and no unnecessary charged or specialist background is required for a default learner.",risk-targeted,,false
comparable,9267873,Lenin is not comparable to any revolutionary figure in history. Revolutionaries have had ideals. Lenin has none.,reject,political-heavy; context-too-hard,The sentence depends on a politically charged dispute or institutional background that is unnecessary for the target word. The surrounding vocabulary or technical background is substantially harder than the target word.,risk-targeted,,false
compare,12759852,Tom often shares his notes with Mary to compare their interpretations.,pass,,"Read in full: the sentence is complete and natural, the target use is understandable, and no unnecessary charged or specialist background is required for a default learner.",risk-targeted,,false
compartment,10220448,Tom's duffel bag didn't fit in the overhead compartment.,pass,,"Read in full: the sentence is complete and natural, the target use is understandable, and no unnecessary charged or specialist background is required for a default learner.",risk-targeted,,false
compete,9005062,"The Kabyle language can therefore compete with others, when it is necessary!",reject,obscure-background,"The sentence requires obscure names, places, history, or specialist background before it can be understood.",risk-targeted,,false
complexion,12768334,A relaxed mind shows in your complexion.,pass,,"Read in full: the sentence is complete and natural, the target use is understandable, and no unnecessary charged or specialist background is required for a default learner.",risk-targeted,,false
component,10087290,There's a deeper component at work.,reject,weak-teaching-value; context-dependent,"The target word is incidental, ambiguous, or too weakly illustrated to justify the context burden. The sentence is not sufficiently standalone or leaves a key reference unresolved.",risk-targeted,,false
compose,11113439,I can read French much better than I can speak or compose in it.,pass,,"Read in full: the sentence is complete and natural, the target use is understandable, and no unnecessary charged or specialist background is required for a default learner.",risk-targeted,,false
comprehension,8849727,Translation is as much artistry as it is comprehension.,pass,,"Read in full: the sentence is complete and natural, the target use is understandable, and no unnecessary charged or specialist background is required for a default learner.",risk-targeted,,false
comprehensive,11062578,Dr. Otto says a comprehensive approach of combining abstinence and condoms is crucial to preventing infections.,reject,sexual; medical-heavy; context-too-hard,The sentence contains sexual or explicit material that is not appropriate as a default learning context. The sentence makes the learner process unnecessary medical detail instead of the target word. The surrounding vocabulary or technical background is substantially harder than the target word.,risk-targeted,,false
compromise,8783759,Compromise only makes sense when all parties are acting in good faith.,pass,,"Read in full: the sentence is complete and natural, the target use is understandable, and no unnecessary charged or specialist background is required for a default learner.",risk-targeted,,false
concentrate,11409910,Hash oil is a type of cannabis concentrate.,reject,medical-heavy,The sentence makes the learner process unnecessary medical detail instead of the target word.,risk-targeted,,false
concentration,12034453,A halophile is an organism which lives in an environment of high salt concentration.,reject,context-too-hard,The surrounding vocabulary or technical background is substantially harder than the target word.,risk-targeted,,false
concept,12759709,The concept of space tourism is becoming more realistic each year.,pass,,"Read in full: the sentence is complete and natural, the target use is understandable, and no unnecessary charged or specialist background is required for a default learner.",risk-targeted,,false
concern,11074647,The president's pious concern was to reshape the country.,reject,political-heavy,The sentence depends on a politically charged dispute or institutional background that is unnecessary for the target word.,risk-targeted,,false
concise,11265727,"The concise word is better than a long, insipid speech.",reject,context-too-hard,The surrounding vocabulary or technical background is substantially harder than the target word.,risk-targeted,,false
confident,12774838,Are you confident in the outcome?,pass,,"Read in full: the sentence is complete and natural, the target use is understandable, and no unnecessary charged or specialist background is required for a default learner.",risk-targeted,,false
configuration,11752384,Read the example config file. All the supported configuration options are documented there.,pass,,"Read in full: the sentence is complete and natural, the target use is understandable, and no unnecessary charged or specialist background is required for a default learner.",risk-targeted,,false
conform,12190656,"The backrest should conform to the natural curvature of your spine, and provide adequate lumbar support.",reject,medical-heavy; context-too-hard,Spinal curvature and lumbar support are anatomical and medical terms that make conform harder than the target.,risk-targeted,,false
confront,12766733,Humanity must confront its greatest challenges.,pass,,"Read in full: the sentence is complete and natural, the target use is understandable, and no unnecessary charged or specialist background is required for a default learner.",risk-targeted,,false
confusion,12771044,Everything was lost in the confusion.,pass,,"Read in full: the sentence is complete and natural, the target use is understandable, and no unnecessary charged or specialist background is required for a default learner.",risk-targeted,,false
congress,8732340,The congress is to be held next year.,reject,political-heavy; weak-teaching-value,"The sentence depends on a politically charged dispute or institutional background that is unnecessary for the target word. The target word is incidental, ambiguous, or too weakly illustrated to justify the context burden.",risk-targeted,,false
conscientious,10791371,Undoubtedly we ought to be conscientious and we ought to fear and regret evil.,reject,unnatural-English; context-too-hard,"The wording is awkward, archaic, or unnatural for a modern default teaching example. The surrounding vocabulary or technical background is substantially harder than the target word.",risk-targeted,,false
consent,11089718,It's not consent unless it can be revoked at any time.,pass,,"Read in full: the sentence is complete and natural, the target use is understandable, and no unnecessary charged or specialist background is required for a default learner.",risk-targeted,,false
consequence,12777775,Does every action have a consequence?,pass,,"Read in full: the sentence is complete and natural, the target use is understandable, and no unnecessary charged or specialist background is required for a default learner.",risk-targeted,,false
conservation,12311342,A big conservation issue is the co-existence of people and animals.,pass,,"Read in full: the sentence is complete and natural, the target use is understandable, and no unnecessary charged or specialist background is required for a default learner.",risk-targeted,,false
conservative,11997650,Conservative commentators are laughing at how stupid their listeners and readers are.,reject,political-heavy,The sentence depends on a politically charged dispute or institutional background that is unnecessary for the target word.,risk-targeted,,false
considerable,11813252,"I make a considerable sum of money out of it, and each of my men contributes a mickle toward it.",reject,context-too-hard; unnatural-English,"The surrounding vocabulary or technical background is substantially harder than the target word. The wording is awkward, archaic, or unnatural for a modern default teaching example.",risk-targeted,,false
constitution,10059733,Tom can recite the preamble to the U.S. Constitution from heart.,reject,political-heavy; obscure-background,"The sentence depends on a politically charged dispute or institutional background that is unnecessary for the target word. The sentence requires obscure names, places, history, or specialist background before it can be understood.",risk-targeted,,false
construct,8578557,Michael Bloomberg pays people to construct a reality where he is worshipped.,reject,political-heavy,The sentence depends on a politically charged dispute or institutional background that is unnecessary for the target word.,risk-targeted,,false
consumption,10718770,The move has sparked alarm and is intensifying efforts to slash energy consumption and find alternatives.,pass,,"Read in full: the sentence is complete and natural, the target use is understandable, and no unnecessary charged or specialist background is required for a default learner.",risk-targeted,,false
contact,12378793,Contact with radioactive waste is unlikely to give you superpowers.,pass,,"Read in full: the sentence is complete and natural, the target use is understandable, and no unnecessary charged or specialist background is required for a default learner.",risk-targeted,,false
contaminate,11148934,David Paige says it is important not to contaminate Mars with a microbe that could spread.,pass,,"Read in full: the sentence is complete and natural, the target use is understandable, and no unnecessary charged or specialist background is required for a default learner.",risk-targeted,,false
contempt,11560905,The U.S. media has always reserved its strongest contempt and moral outrage for the left.,reject,political-heavy,The sentence depends on a politically charged dispute or institutional background that is unnecessary for the target word.,risk-targeted,,false
contest,10832772,Tom came in second place at the hot dog eating contest.,pass,,"Read in full: the sentence is complete and natural, the target use is understandable, and no unnecessary charged or specialist background is required for a default learner.",risk-targeted,,false
continuity,10154231,Continuity errors can ruin a show's immersive experience.,pass,,"Read in full: the sentence is complete and natural, the target use is understandable, and no unnecessary charged or specialist background is required for a default learner.",risk-targeted,,false
contract,8180110,Why wouldn't you stipulate that in the contract?,reject,context-too-hard,The surrounding vocabulary or technical background is substantially harder than the target word.,risk-targeted,,false
contrast,12001366,Compare and contrast Cantonese with Mandarin.,pass,,"Read in full: the sentence is complete and natural, the target use is understandable, and no unnecessary charged or specialist background is required for a default learner.",risk-targeted,,false
contribution,9951046,My contribution is still pending approval.,pass,,"Read in full: the sentence is complete and natural, the target use is understandable, and no unnecessary charged or specialist background is required for a default learner.",risk-targeted,,false
convenience,11247749,I've color-coded the cards for your convenience.,pass,,"Read in full: the sentence is complete and natural, the target use is understandable, and no unnecessary charged or specialist background is required for a default learner.",risk-targeted,,false
convention,9588355,Tom and Mary met at a furry convention.,reject,obscure-background,"The sentence requires obscure names, places, history, or specialist background before it can be understood.",risk-targeted,,false
conversion,11630018,Conversion therapy has been proven both ineffective and psychologically damaging.,reject,medical-heavy; political-heavy,The sentence makes the learner process unnecessary medical detail instead of the target word. The sentence depends on a politically charged dispute or institutional background that is unnecessary for the target word.,risk-targeted,,false
convert,11592849,The alchemist tried unsuccessfully to convert quicksilver into gold.,reject,context-too-hard,The surrounding vocabulary or technical background is substantially harder than the target word.,risk-targeted,,false
cooperative,11822514,Bonobos are also different in that they have a more egalitarian and cooperative society than chimpanzees.,pass,,"Read in full: the sentence is complete and natural, the target use is understandable, and no unnecessary charged or specialist background is required for a default learner.",risk-targeted,,false
cope,12764976,She found healing through teaching others to cope.,pass,,"Read in full: the sentence is complete and natural, the target use is understandable, and no unnecessary charged or specialist background is required for a default learner.",risk-targeted,,false
corporate,12480067,You're not likely to hear about this from the corporate media.,reject,public-controversy; political-heavy,Corporate media is a partisan media framing that adds current political controversy to the target corporate.,risk-targeted,,false
corpse,11948142,Mussolini deserved worse than having his corpse be hung upside down in a public square.,reject,extremism; violence,The sentence describes Mussolini's corpse being displayed in a public square.,risk-targeted,,false
costume,12122200,Tom is the only one who didn't wear a Halloween costume.,pass,,"Read in full: the sentence is complete and natural, the target use is understandable, and no unnecessary charged or specialist background is required for a default learner.",risk-targeted,,false
coupon,10162282,This coupon can only be redeemed in-store.,pass,,"Read in full: the sentence is complete and natural, the target use is understandable, and no unnecessary charged or specialist background is required for a default learner.",risk-targeted,,false
court,12775845,The king addressed the court with solemn authority.,pass,,"Read in full: the sentence is complete and natural, the target use is understandable, and no unnecessary charged or specialist background is required for a default learner.",risk-targeted,,false
courtesy,10164957,"Where I come from, that's just common courtesy.",pass,,"Read in full: the sentence is complete and natural, the target use is understandable, and no unnecessary charged or specialist background is required for a default learner.",risk-targeted,,false
coverage,10723423,Your regular homeowners insurance policy will provide coverage for necessary home repairs.,pass,,"Read in full: the sentence is complete and natural, the target use is understandable, and no unnecessary charged or specialist background is required for a default learner.",risk-targeted,,false
creation,12778541,Do we live in a world of our own creation?,pass,,"Read in full: the sentence is complete and natural, the target use is understandable, and no unnecessary charged or specialist background is required for a default learner.",risk-targeted,,false
credible,12051844,Jamie Reed's allegations are not even remotely credible.,reject,political-heavy; obscure-background,"The sentence depends on a politically charged dispute or institutional background that is unnecessary for the target word. The sentence requires obscure names, places, history, or specialist background before it can be understood.",risk-targeted,,false
crime,12765349,Tom worked to reduce crime in the city through community outreach.,pass,,"Read in full: the sentence is complete and natural, the target use is understandable, and no unnecessary charged or specialist background is required for a default learner.",risk-targeted,,false
criminal,8111679,Algerian power is corrupt and criminal against the Kabyle.,reject,hate; political-heavy; obscure-background,"The sentence contains an identity-based generalization, slur-adjacent framing, or hateful conflict that is not needed for teaching. The sentence depends on a politically charged dispute or institutional background that is unnecessary for the target word. The sentence requires obscure names, places, history, or specialist background before it can be understood.",risk-targeted,,false
critic,11476006,This rare merit even the most fastidious critic must allow.,reject,context-too-hard,The surrounding vocabulary or technical background is substantially harder than the target word.,risk-targeted,,false
criticism,11977209,"It's not that your criticism is too controversial, but that it's facile.",reject,context-too-hard,The surrounding vocabulary or technical background is substantially harder than the target word.,risk-targeted,,false
criticize,9511536,If you criticize Islam you will be beheaded or punished at the best!,reject,extremism; religious-heavy; violence,The sentence uses beheading as a threat in a religious conflict.,risk-targeted,,true
crowd,12363632,This is my first time doing stand up. I hope the crowd doesn't heckle me.,reject,context-too-hard,The surrounding vocabulary or technical background is substantially harder than the target word.,risk-targeted,,false
crumble,8143487,Damn! It hurts to see my identity crumble.,reject,context-dependent; weak-teaching-value,"An identity crumbling is an abstract emotional metaphor with no concrete referent, so crumble is not taught as a reliable default example.",risk-targeted,,false
cute,10054543,You're cute when you sleep. And also when you're awake.,pass,,"Read in full: the sentence is complete and natural, the target use is understandable, and no unnecessary charged or specialist background is required for a default learner.",risk-targeted,,false
cynical,11350397,"Medicine shouldn't be subjectively defined by cynical, power-hungry politicians.",pass,,"Read in full: the sentence is complete and natural, the target use is understandable, and no unnecessary charged or specialist background is required for a default learner.",risk-targeted,,false
database,10359395,It's a database of voices that gets used for speech recognition.,pass,,"Read in full: the sentence is complete and natural, the target use is understandable, and no unnecessary charged or specialist background is required for a default learner.",risk-targeted,,false
deadline,10188432,The submission deadline has been extended.,pass,,"Read in full: the sentence is complete and natural, the target use is understandable, and no unnecessary charged or specialist background is required for a default learner.",risk-targeted,,false
dean,12428936,My dad is the dean of admissions.,pass,,"Read in full: the sentence is complete and natural, the target use is understandable, and no unnecessary charged or specialist background is required for a default learner.",risk-targeted,,false
decade,11134499,Online higher ed has been growing pretty steadily for the past decade.,pass,,"Read in full: the sentence is complete and natural, the target use is understandable, and no unnecessary charged or specialist background is required for a default learner.",risk-targeted,,false
decay,11742106,"Of late, this portentous mansion has begun to give signs of dilapidation and decay.",pass,,"Read in full: the sentence is complete and natural, the target use is understandable, and no unnecessary charged or specialist background is required for a default learner.",risk-targeted,,false
decent,12003516,It's hard to get decent information about what you're supposed to do.,pass,,"Read in full: the sentence is complete and natural, the target use is understandable, and no unnecessary charged or specialist background is required for a default learner.",risk-targeted,,false
default,12296189,"As a vegan, I keep kosher by default.",reject,religious-heavy,The sentence depends on a religious controversy or background that is unnecessary for the target word.,risk-targeted,,false
defeat,12764886,The game ended in a devastating defeat.,pass,,"Read in full: the sentence is complete and natural, the target use is understandable, and no unnecessary charged or specialist background is required for a default learner.",risk-targeted,,false
defendant,10775728,I therefore admonish you to give the defendant the benefit of every reasonable doubt.,reject,context-too-hard,The surrounding vocabulary or technical background is substantially harder than the target word.,risk-targeted,,false
defiance,11056703,"Unmasked and helpless, she maintained an attitude of challenge and defiance.",pass,,"Read in full: the sentence is complete and natural, the target use is understandable, and no unnecessary charged or specialist background is required for a default learner.",risk-targeted,,false
definitely,8608127,I'm most definitely not straight and I find the insinuation insulting.,reject,weak-teaching-value; political-heavy,"The target word is incidental, ambiguous, or too weakly illustrated to justify the context burden. The sentence depends on a politically charged dispute or institutional background that is unnecessary for the target word.",risk-targeted,,false
definition,11581611,"If you're defending traditional hierarchies, you are pro-establishment by definition.",reject,political-heavy,The sentence depends on a politically charged dispute or institutional background that is unnecessary for the target word.,risk-targeted,,false
defy,11580293,He promises to enchant every one who dares defy his power.,reject,archaic; fantastical-context,Enchanting and defying a ruler's power create an archaic fantasy scene that is not a modern default context for defy.,risk-targeted,,false
degenerate,12115322,We never ought to allow our instincts of justice to degenerate into mere vindictiveness.,reject,context-too-hard; unnatural-English,"The surrounding vocabulary or technical background is substantially harder than the target word. The wording is awkward, archaic, or unnatural for a modern default teaching example.",risk-targeted,,false
demand,12087155,Some products may not have the scalability or the demand here in this country.,reject,context-too-hard,Scalability and market-demand language create business jargon that makes demand harder than a default context should.,risk-targeted,,false
demonstrate,11488281,That's what I want to demonstrate.,reject,context-dependent,The sentence is not sufficiently standalone or leaves a key reference unresolved.,risk-targeted,,false
denial,11538966,I was in denial of being an emo kid.,pass,,"Read in full: the sentence is complete and natural, the target use is understandable, and no unnecessary charged or specialist background is required for a default learner.",risk-targeted,,false
denote,9951226,One of the functions of the genitive case in Russian is to denote possession.,reject,specialist-background; context-too-hard,Genitive case and Russian grammar are specialist linguistic terms that overwhelm the basic target denote.,risk-targeted,,false
depress,11290486,"Analysts warn that China could cut steel production, which would further depress iron ore prices.",reject,political-heavy; context-too-hard,The sentence depends on a politically charged dispute or institutional background that is unnecessary for the target word. The surrounding vocabulary or technical background is substantially harder than the target word.,risk-targeted,,false
deprive,11047785,Deprive the donkey of straw so that it forgets the oats.,reject,unnatural-English; context-too-hard,"The wording is awkward, archaic, or unnatural for a modern default teaching example. The surrounding vocabulary or technical background is substantially harder than the target word.",risk-targeted,,false
derive,11168919,Yet Evlin seems to derive wisdom from her personal experiences and the experiences of others around her.,reject,proper-noun-heavy; context-too-hard,"The target word is incidental, ambiguous, or too weakly illustrated to justify the context burden. The surrounding vocabulary or technical background is substantially harder than the target word.",risk-targeted,,false
descendant,12267992,Tom's conlang is a descendant of Punic spoken in an alternate reality Italy.,reject,obscure-background; context-too-hard,"The sentence requires obscure names, places, history, or specialist background before it can be understood. The surrounding vocabulary or technical background is substantially harder than the target word.",risk-targeted,,false
deserve,12187601,What did this company's hardworking employees do to deserve such bosses?,pass,,"Read in full: the sentence is complete and natural, the target use is understandable, and no unnecessary charged or specialist background is required for a default learner.",risk-targeted,,false
design,10363149,I do graphic design for some T-shirt sites.,pass,,"Read in full: the sentence is complete and natural, the target use is understandable, and no unnecessary charged or specialist background is required for a default learner.",risk-targeted,,false
desire,8738510,I wish you lots of bright stars and all the flowers you desire.,pass,,"Read in full: the sentence is complete and natural, the target use is understandable, and no unnecessary charged or specialist background is required for a default learner.",risk-targeted,,false
destination,12778564,Is happiness found in the journey or the destination?,pass,,"Read in full: the sentence is complete and natural, the target use is understandable, and no unnecessary charged or specialist background is required for a default learner.",risk-targeted,,false
destined,12778575,Are we destined to repeat our mistakes?,pass,,"Read in full: the sentence is complete and natural, the target use is understandable, and no unnecessary charged or specialist background is required for a default learner.",risk-targeted,,false
destruction,8613695,An alien messenger gave Noah advance notice of the imminent destruction of his planet.,reject,religious-heavy; obscure-background,"The sentence depends on a religious controversy or background that is unnecessary for the target word. The sentence requires obscure names, places, history, or specialist background before it can be understood.",risk-targeted,,false
device,9825447,You're already paying to carry a tracking device around.,pass,,"Read in full: the sentence is complete and natural, the target use is understandable, and no unnecessary charged or specialist background is required for a default learner.",risk-targeted,,false
devise,12417932,We need to devise a plan.,pass,,"Read in full: the sentence is complete and natural, the target use is understandable, and no unnecessary charged or specialist background is required for a default learner.",risk-targeted,,false
diagnose,11213385,But a new phone app may be able to help diagnose any potential problems on the field.,pass,,"Read in full: the sentence is complete and natural, the target use is understandable, and no unnecessary charged or specialist background is required for a default learner.",risk-targeted,,false
diffuse,11165205,"There were no galaxies or even stars, only diffuse gas.",pass,,"Read in full: the sentence is complete and natural, the target use is understandable, and no unnecessary charged or specialist background is required for a default learner.",risk-targeted,,false
diligent,9031383,The slow blue puma dives under the diligent cat.,pass,,"Read in full: the sentence is complete and natural, the target use is understandable, and no unnecessary charged or specialist background is required for a default learner.",risk-targeted,,false
dim,11989537,"Uranus is sometimes visible to the naked eye, but is very dim.",pass,,"Read in full: the sentence is complete and natural, the target use is understandable, and no unnecessary charged or specialist background is required for a default learner.",risk-targeted,,false
dimension,8755638,The shadow people are spies from another dimension.,reject,fantastical-context; weak-teaching-value,"Shadow people spying from another dimension is a paranormal premise, so dimension is not grounded in a reliable default-learning context.",risk-targeted,,false
diploma,11257157,Tom got his degree from a diploma mill.,pass,,"Read in full: the sentence is complete and natural, the target use is understandable, and no unnecessary charged or specialist background is required for a default learner.",risk-targeted,,false
discipline,11168053,The popular conception of evolutionary psychology is even less scientific than the discipline itself.,pass,,"Read in full: the sentence is complete and natural, the target use is understandable, and no unnecessary charged or specialist background is required for a default learner.",risk-targeted,,false
disease,12000276,Life is a sexually transmitted disease that is always fatal.,reject,sexual; medical-heavy,The sentence describes a sexually transmitted fatal disease.,risk-targeted,,false
disgust,11789689,Tom's face couldn't help but telegraph his disgust.,pass,,"Read in full: the sentence is complete and natural, the target use is understandable, and no unnecessary charged or specialist background is required for a default learner.",risk-targeted,,false
dismiss,12038108,Government supporters dismiss the allegations as false and contemptible.,reject,political-heavy; public-controversy,The sentence is a news-style allegation about government supporters and adds unnecessary political controversy.,risk-targeted,,false
disorder,12128440,"My thoughts on life vary with my mood, and I have a mood disorder.",pass,,"Read in full: the sentence is complete and natural, the target use is understandable, and no unnecessary charged or specialist background is required for a default learner.",risk-targeted,,false
display,11537730,"The wealthy display their dazzling luxury, the poor drape themselves proudly in their rags.",pass,,"Read in full: the sentence is complete and natural, the target use is understandable, and no unnecessary charged or specialist background is required for a default learner.",risk-targeted,,false
disregard,10104687,He has a maverick disregard for protocol.,pass,,"Read in full: the sentence is complete and natural, the target use is understandable, and no unnecessary charged or specialist background is required for a default learner.",risk-targeted,,false
distinguish,5153393,Philosophers distinguish between a priori and a posteriori knowledge.,reject,context-too-hard,The surrounding vocabulary or technical background is substantially harder than the target word.,risk-targeted,,false
divine,9193752,I believed everything around me was a sign of some divine mission.,reject,religious-heavy,The sentence depends on a religious controversy or background that is unnecessary for the target word.,risk-targeted,,false
divorce,13148373,Tom and Mary were going through a messy divorce at the time.,pass,,"Read in full: the sentence is complete and natural, the target use is understandable, and no unnecessary charged or specialist background is required for a default learner.",risk-targeted,,false
dizzy,12128624,"His head was dizzy, and he staggered to and fro like a drunken man.",pass,,"Read in full: the sentence is complete and natural, the target use is understandable, and no unnecessary charged or specialist background is required for a default learner.",risk-targeted,,false
dodge,9944199,He fled to Canada to dodge the draft.,reject,political-heavy; context-too-hard,Dodge the draft requires conscription and historical-policy background that is unnecessary for teaching the target's ordinary meaning.,risk-targeted,,false
dolphin,10157656,I'd like to be reincarnated as a dolphin.,pass,,"Read in full: the sentence is complete and natural, the target use is understandable, and no unnecessary charged or specialist background is required for a default learner.",risk-targeted,,false
domain,11043132,The musician releases her less successful works into the public domain.,pass,,"Read in full: the sentence is complete and natural, the target use is understandable, and no unnecessary charged or specialist background is required for a default learner.",risk-targeted,,false
domestic,11309260,The cheetah is very closely related to the domestic cat.,pass,,"Read in full: the sentence is complete and natural, the target use is understandable, and no unnecessary charged or specialist background is required for a default learner.",risk-targeted,,false
doubtless,12038284,"He was evidently unconscious, doubtless in an anaesthetised sleep.",reject,medical-heavy; context-too-hard,The sentence makes the learner process unnecessary medical detail instead of the target word. The surrounding vocabulary or technical background is substantially harder than the target word.,risk-targeted,,false
drag,11352143,More drag shows need to be protected by armed antifascists.,reject,sexual; political-heavy; violence,"The sentence contains sexual or explicit material that is not appropriate as a default learning context. The sentence depends on a politically charged dispute or institutional background that is unnecessary for the target word. The sentence adds unnecessary violence, weapons, threats, or graphic harm to a default learning context.",risk-targeted,,false
drain,12401431,I pulled a huge hair clog out of the bathroom sink drain.,pass,,"Read in full: the sentence is complete and natural, the target use is understandable, and no unnecessary charged or specialist background is required for a default learner.",risk-targeted,,false
dread,10723394,I dread more the peril to my good name.,reject,archaic; unnatural-English,The inversion I dread more the peril and the literary word peril make this an unnatural modern example for dread.,risk-targeted,,false
drill,12382550,"Whether the Bantu hunted the drill is unclear, but its meat is certainly prized today.",reject,obscure-background; context-too-hard,"The sentence requires obscure names, places, history, or specialist background before it can be understood. The surrounding vocabulary or technical background is substantially harder than the target word.",risk-targeted,,false
drought,12767967,How does Tom keep his garden thriving during a drought?,pass,,"Read in full: the sentence is complete and natural, the target use is understandable, and no unnecessary charged or specialist background is required for a default learner.",risk-targeted,,false
dwarf,10820386,The stunning photos reveal a complex and varied terrain on the icy dwarf planet.,pass,,"Read in full: the sentence is complete and natural, the target use is understandable, and no unnecessary charged or specialist background is required for a default learner.",risk-targeted,,false
dwell,12766633,It does not do to dwell on dreams and forget to live.,pass,,"Read in full: the sentence is complete and natural, the target use is understandable, and no unnecessary charged or specialist background is required for a default learner.",risk-targeted,,false
easter,12134669,Christmas and Easter are national holidays in America.,pass,,"Read in full: the sentence is complete and natural, the target use is understandable, and no unnecessary charged or specialist background is required for a default learner.",risk-targeted,,false
edible,10780141,Why would I buy cucumbers from the store when I have an edible garden back home?,pass,,"Read in full: the sentence is complete and natural, the target use is understandable, and no unnecessary charged or specialist background is required for a default learner.",risk-targeted,,false
efficiency,9805751,"Which is more important, creativity or efficiency?",pass,,"Read in full: the sentence is complete and natural, the target use is understandable, and no unnecessary charged or specialist background is required for a default learner.",risk-targeted,,false
ego,12766820,Elevation requires letting go of ego.,pass,,"Read in full: the sentence is complete and natural, the target use is understandable, and no unnecessary charged or specialist background is required for a default learner.",risk-targeted,,false
electric,10274991,Electric motors deliver strong acceleration because they offer more torque than equivalent gasoline engines.,pass,,"Read in full: the sentence is complete and natural, the target use is understandable, and no unnecessary charged or specialist background is required for a default learner.",risk-targeted,,false
electrical,12093783,"In a heat exchanger, the molten salt turns water into steam for turbines that turn electrical generators.",pass,,"Read in full: the sentence is complete and natural, the target use is understandable, and no unnecessary charged or specialist background is required for a default learner.",risk-targeted,,false
electronic,11100971,It can be used as a lubricant for machines or electronic parts.,pass,,"Read in full: the sentence is complete and natural, the target use is understandable, and no unnecessary charged or specialist background is required for a default learner.",risk-targeted,,false
element,12434464,You need to consider the spiritual element.,reject,religious-heavy; weak-teaching-value,"The sentence depends on a religious controversy or background that is unnecessary for the target word. The target word is incidental, ambiguous, or too weakly illustrated to justify the context burden.",risk-targeted,,false
elementary,11518080,Are elementary school children old enough to learn about heterosexuality?,reject,sexual,The sentence contains sexual or explicit material that is not appropriate as a default learning context.,risk-targeted,,false
eliminate,11997754,There is no non-malicious reason to eliminate single-toilet gender-neutral restrooms.,reject,political-heavy,The sentence depends on a politically charged dispute or institutional background that is unnecessary for the target word.,risk-targeted,,false
elite,9365572,Tom went to an elite preparatory school.,pass,,"Read in full: the sentence is complete and natural, the target use is understandable, and no unnecessary charged or specialist background is required for a default learner.",risk-targeted,,false
eloquent,12007328,"He was a strident defender and eloquent spokesperson for our home planet, Earth.",pass,,"Read in full: the sentence is complete and natural, the target use is understandable, and no unnecessary charged or specialist background is required for a default learner.",risk-targeted,,false
embed,9452996,The aliens embed themselves in tinfoil and take over the mind of anyone who wraps it around their head.,reject,obscure-background; context-too-hard,"The sentence requires obscure names, places, history, or specialist background before it can be understood. The surrounding vocabulary or technical background is substantially harder than the target word.",risk-targeted,,false
embody,12768736,You embody the quiet strength that speaks louder than words.,pass,,"Read in full: the sentence is complete and natural, the target use is understandable, and no unnecessary charged or specialist background is required for a default learner.",risk-targeted,,false
emerge,12772708,Not until dawn did the truth emerge.,pass,,"Read in full: the sentence is complete and natural, the target use is understandable, and no unnecessary charged or specialist background is required for a default learner.",risk-targeted,,false
emotion,10804111,The left frontal lobe plays a role in controlling mood and emotion.,reject,medical-heavy; context-too-hard,The sentence makes the learner process unnecessary medical detail instead of the target word. The surrounding vocabulary or technical background is substantially harder than the target word.,risk-targeted,,false
employment,7807095,Beyle works at an employment agency.,pass,,"Read in full: the sentence is complete and natural, the target use is understandable, and no unnecessary charged or specialist background is required for a default learner.",risk-targeted,,false
enclosure,12308182,Tom fell into the lion enclosure.,pass,,"Read in full: the sentence is complete and natural, the target use is understandable, and no unnecessary charged or specialist background is required for a default learner.",risk-targeted,,false
encounter,12138360,Anyone you encounter may be traumatized.,reject,medical-heavy; context-dependent,The sentence makes the learner process unnecessary medical detail instead of the target word. The sentence is not sufficiently standalone or leaves a key reference unresolved.,risk-targeted,,false
endeavor,11944884,Shoplifting from massive corporations is a noble endeavor.,reject,political-heavy; weak-teaching-value,"The sentence depends on a politically charged dispute or institutional background that is unnecessary for the target word. The target word is incidental, ambiguous, or too weakly illustrated to justify the context burden.",risk-targeted,,false
endurance,12765387,The space journey tested their skills and endurance.,pass,,"Read in full: the sentence is complete and natural, the target use is understandable, and no unnecessary charged or specialist background is required for a default learner.",risk-targeted,,false
endure,12769181,"The mountains endure, as we must.",pass,,"Read in full: the sentence is complete and natural, the target use is understandable, and no unnecessary charged or specialist background is required for a default learner.",risk-targeted,,false
energetic,11698519,The troupe is enthralling audiences around the country with their energetic performances.,pass,,"Read in full: the sentence is complete and natural, the target use is understandable, and no unnecessary charged or specialist background is required for a default learner.",risk-targeted,,false
engage,12759781,Tom likes to engage Mary in thoughtful conversations about various subjects.,pass,,"Read in full: the sentence is complete and natural, the target use is understandable, and no unnecessary charged or specialist background is required for a default learner.",risk-targeted,,false
engine,10778153,She revved up the motorcycle's engine in preparation for the stunt.,pass,,"Read in full: the sentence is complete and natural, the target use is understandable, and no unnecessary charged or specialist background is required for a default learner.",risk-targeted,,false
enhance,12766026,Did they enhance their cybersecurity protocols?,pass,,"Read in full: the sentence is complete and natural, the target use is understandable, and no unnecessary charged or specialist background is required for a default learner.",risk-targeted,,false
enormous,9998017,This enormous longhorn beetle is found around mango and fig trees.,pass,,"Read in full: the sentence is complete and natural, the target use is understandable, and no unnecessary charged or specialist background is required for a default learner.",risk-targeted,,false
enrich,7530201,"There are no good flags, only good people working together to enrich each other and their society.",reject,political-heavy; weak-teaching-value,"The sentence depends on a politically charged dispute or institutional background that is unnecessary for the target word. The target word is incidental, ambiguous, or too weakly illustrated to justify the context burden.",risk-targeted,,false
enroll,12766031,Did Mary enroll in a new learning course?,pass,,"Read in full: the sentence is complete and natural, the target use is understandable, and no unnecessary charged or specialist background is required for a default learner.",risk-targeted,,false
ensue,11906254,The president's argument is that chaos would ensue if he were forced from office.,reject,political-heavy,The sentence depends on a politically charged dispute or institutional background that is unnecessary for the target word.,risk-targeted,,false
entertainment,12775933,Shall we begin the evening's entertainment?,pass,,"Read in full: the sentence is complete and natural, the target use is understandable, and no unnecessary charged or specialist background is required for a default learner.",risk-targeted,,false
enthusiastic,12042057,"While some were more enthusiastic about the job than others, she says nearly all agreed waitressing is hard work.",pass,,"Read in full: the sentence is complete and natural, the target use is understandable, and no unnecessary charged or specialist background is required for a default learner.",risk-targeted,,false
envisage,11419146,"They envisage using the eagles against drones that fly into restricted air space, or above a public event.",reject,context-too-hard; violence,"The surrounding vocabulary or technical background is substantially harder than the target word. The sentence adds unnecessary violence, weapons, threats, or graphic harm to a default learning context.",risk-targeted,,false
epoch,11044319,Scientists say a new geologic epoch has begun whereby humans are causing major damage to global water systems.,pass,,"Read in full: the sentence is complete and natural, the target use is understandable, and no unnecessary charged or specialist background is required for a default learner.",risk-targeted,,false
equality,11607426,"Since everyone is born into a different family with differing levels of wealth, we don't have equality of opportunity.",reject,political-heavy; context-too-hard,The sentence depends on a politically charged dispute or institutional background that is unnecessary for the target word. The surrounding vocabulary or technical background is substantially harder than the target word.,risk-targeted,,false
equator,12388999,The nineteen islands that make up the Galapagos lie along the equator one thousand kilometers west of Ecuador.,pass,,"Read in full: the sentence is complete and natural, the target use is understandable, and no unnecessary charged or specialist background is required for a default learner.",risk-targeted,,false
erosion,10841928,Tidal waves and coastal erosion have submerged an entire fishing community on Ghana's eastern coast.,pass,,"Read in full: the sentence is complete and natural, the target use is understandable, and no unnecessary charged or specialist background is required for a default learner.",risk-targeted,,false
escort,5268344,"No, I am not an escort.",reject,sexual,The sentence is ambiguous with a sex-work meaning and is not suitable as a default example.,risk-targeted,,false
establish,12766036,Will they establish new trade routes soon?,pass,,"Read in full: the sentence is complete and natural, the target use is understandable, and no unnecessary charged or specialist background is required for a default learner.",risk-targeted,,false
eternal,12777830,Is the soul eternal or fleeting?,reject,religious-heavy,The sentence depends on a religious controversy or background that is unnecessary for the target word.,risk-targeted,,false
ethnic,11034377,Matheson says ethnic tensions continue to simmer despite the outward calm.,reject,political-heavy; hate,"The sentence depends on a politically charged dispute or institutional background that is unnecessary for the target word. The sentence contains an identity-based generalization, slur-adjacent framing, or hateful conflict that is not needed for teaching.",risk-targeted,,false
evaluate,12262025,I don't understand French well enough to evaluate poetry in the language.,pass,,"Read in full: the sentence is complete and natural, the target use is understandable, and no unnecessary charged or specialist background is required for a default learner.",risk-targeted,,false
evidence,11036085,The evidence for this is fragmentary and could have other interpretations.,pass,,"Read in full: the sentence is complete and natural, the target use is understandable, and no unnecessary charged or specialist background is required for a default learner.",risk-targeted,,false
evident,12771351,"Once the dust settled, the truth was evident.",pass,,"Read in full: the sentence is complete and natural, the target use is understandable, and no unnecessary charged or specialist background is required for a default learner.",risk-targeted,,false
evolution,11076028,He is an anthropology professor at our university who studies the evolution of societies.,pass,,"Read in full: the sentence is complete and natural, the target use is understandable, and no unnecessary charged or specialist background is required for a default learner.",risk-targeted,,false
exception,12465775,This function takes a string and either returns an integer or throws an exception.,reject,context-too-hard; specialist-background,"Strings, integer types, and exceptions are programming terms that make exception inaccessible as a default learning context.",risk-targeted,,false
exceptional,11626783,"I take it all on myself! When the load is not too heavy and it is exceptional, I accept it.",reject,unnatural-English; context-too-hard,"The wording is awkward, archaic, or unnatural for a modern default teaching example. The surrounding vocabulary or technical background is substantially harder than the target word.",risk-targeted,,false
excess,9715179,Any religion or philosophy can be taken to excess.,reject,religious-heavy,The sentence depends on a religious controversy or background that is unnecessary for the target word.,risk-targeted,,false
execute,11765250,Mass shootings require a high amount of executive function to plan and execute.,reject,violence,The sentence frames mass shootings as the example context.,risk-targeted,,false
executive,11765250,Mass shootings require a high amount of executive function to plan and execute.,reject,violence,The sentence frames mass shootings as the example context.,risk-targeted,,false
exhaust,11120980,The threats range from diesel exhaust and unchecked forest fires fouling the air to untreated waste poisoning the water.,pass,,"Read in full: the sentence is complete and natural, the target use is understandable, and no unnecessary charged or specialist background is required for a default learner.",risk-targeted,,false
exotic,12764616,Tom and Mary booked a flight to an exotic destination.,reject,context-dependent; weak-teaching-value,"An exotic destination is vague travel-marketing language with no concrete referent, so exotic is not taught precisely.",risk-targeted,,false
expense,10849744,Can this be written off as a business expense?,pass,,"Read in full: the sentence is complete and natural, the target use is understandable, and no unnecessary charged or specialist background is required for a default learner.",risk-targeted,,false
explicit,13267046,Mary blackmailed Tom using explicit photos stolen from his computer.,reject,sexual,The sentence describes explicit photos used for blackmail.,risk-targeted,,false
expression,11824039,"Larry came in from the kitchen, a woebegone expression on his face.",pass,,"Read in full: the sentence is complete and natural, the target use is understandable, and no unnecessary charged or specialist background is required for a default learner.",risk-targeted,,false
extensive,10169351,"After an extensive investigation, Tom was cleared of any wrongdoing.",pass,,"Read in full: the sentence is complete and natural, the target use is understandable, and no unnecessary charged or specialist background is required for a default learner.",risk-targeted,,false
external,12766077,Is the island economy reliant on external trade?,pass,,"Read in full: the sentence is complete and natural, the target use is understandable, and no unnecessary charged or specialist background is required for a default learner.",risk-targeted,,false
extinct,12154755,Stegosaurs dwindled in the Cretaceous and appear to have gone extinct before the end of the period.,pass,,"Read in full: the sentence is complete and natural, the target use is understandable, and no unnecessary charged or specialist background is required for a default learner.",risk-targeted,,false
extraordinary,11170654,The stock exchange has been chalking up extraordinary numbers.,reject,context-too-hard; unnatural-English,"A stock exchange chalking up numbers combines finance jargon with an idiom, making extraordinary less accessible than necessary.",risk-targeted,,false
extreme,11170398,Abject poverty and lack of work has led people to go to extreme measures.,pass,,"Read in full: the sentence is complete and natural, the target use is understandable, and no unnecessary charged or specialist background is required for a default learner.",risk-targeted,,false
fabric,10789701,Velvet fabric is often seen as a sign of luxury.,pass,,"Read in full: the sentence is complete and natural, the target use is understandable, and no unnecessary charged or specialist background is required for a default learner.",risk-targeted,,false
facet,11062533,Lion dances are a facet of traditional Chinese culture.,pass,,"Read in full: the sentence is complete and natural, the target use is understandable, and no unnecessary charged or specialist background is required for a default learner.",risk-targeted,,false
factor,11166959,The relevance of sport as a factor for integration of socially disadvantaged groups cannot be underestimated.,pass,,"Read in full: the sentence is complete and natural, the target use is understandable, and no unnecessary charged or specialist background is required for a default learner.",risk-targeted,,false
fatal,12000276,Life is a sexually transmitted disease that is always fatal.,reject,sexual; medical-heavy,The sentence describes a sexually transmitted fatal disease.,risk-targeted,,false
fatigue,11576413,"No peril daunts her, no prospect of fatigue or discomfort disheartens or repels her.",reject,unnatural-English; context-too-hard,"The wording is awkward, archaic, or unnatural for a modern default teaching example. The surrounding vocabulary or technical background is substantially harder than the target word.",risk-targeted,,false
feature,11039469,"This thing has a safety feature built in, I'll bet.",pass,,"Read in full: the sentence is complete and natural, the target use is understandable, and no unnecessary charged or specialist background is required for a default learner.",risk-targeted,,false
federal,11984703,I have reason to believe Tom is a federal informant.,reject,political-heavy; context-dependent,"The sentence depends on an unexplained informant and allegation scenario, making the target context opaque and politically loaded.",risk-targeted,,false
fellowship,11997702,"Over the years since my fellowship ended, they have continued to be my biggest cheerleaders on my scientific journey.",pass,,"Read in full: the sentence is complete and natural, the target use is understandable, and no unnecessary charged or specialist background is required for a default learner.",risk-targeted,,false
ferry,12764744,They took a ferry to a nearby island for the day.,pass,,"Read in full: the sentence is complete and natural, the target use is understandable, and no unnecessary charged or specialist background is required for a default learner.",risk-targeted,,false
fertilizer,11233041,Algal overload is common in waterways worldwide caused by fertilizer runoff and poor sewage management.,pass,,"Read in full: the sentence is complete and natural, the target use is understandable, and no unnecessary charged or specialist background is required for a default learner.",risk-targeted,,false
financial,9949953,I am once again asking for your financial support.,pass,,"Read in full: the sentence is complete and natural, the target use is understandable, and no unnecessary charged or specialist background is required for a default learner.",risk-targeted,,false
finite,11148401,Great... another day of learning about nondeterministic finite automata.,reject,context-too-hard,The surrounding vocabulary or technical background is substantially harder than the target word.,risk-targeted,,false
fixture,12380812,He was called to fix a broken light fixture.,pass,,"Read in full: the sentence is complete and natural, the target use is understandable, and no unnecessary charged or specialist background is required for a default learner.",risk-targeted,,false
flank,12017042,The rocks are covered by carpets of moss and beautiful ferns flank the pristine creek banks.,pass,,"Read in full: the sentence is complete and natural, the target use is understandable, and no unnecessary charged or specialist background is required for a default learner.",risk-targeted,,false
flap,11247774,The voiced retroflex flap appears as a phoneme in Bengali.,reject,context-too-hard,The surrounding vocabulary or technical background is substantially harder than the target word.,risk-targeted,,false
flare,11152976,The friction that occurs during the violent vaporization process generates the flare.,reject,violence; context-too-hard,"The sentence adds unnecessary violence, weapons, threats, or graphic harm to a default learning context. The surrounding vocabulary or technical background is substantially harder than the target word.",risk-targeted,,false
flatter,8208358,People flatter the elephant and trample the ant.,pass,,"Read in full: the sentence is complete and natural, the target use is understandable, and no unnecessary charged or specialist background is required for a default learner.",risk-targeted,,false
flexible,11152907,Holten-Anderson says iron is a key ingredient that makes the adhesive strong and flexible.,reject,context-too-hard,The surrounding vocabulary or technical background is substantially harder than the target word.,risk-targeted,,false
flip,10059979,Tom replaced his smartphone with a cheap flip phone.,pass,,"Read in full: the sentence is complete and natural, the target use is understandable, and no unnecessary charged or specialist background is required for a default learner.",risk-targeted,,false
flush,11354319,You have to jiggle the handle to get it to flush.,pass,,"Read in full: the sentence is complete and natural, the target use is understandable, and no unnecessary charged or specialist background is required for a default learner.",risk-targeted,,false
foam,8567766,Most shoe soles nowadays are made from foam.,pass,,"Read in full: the sentence is complete and natural, the target use is understandable, and no unnecessary charged or specialist background is required for a default learner.",risk-targeted,,false
focus,12767992,Tom's focus on sustainable gardening has inspired his neighbors.,pass,,"Read in full: the sentence is complete and natural, the target use is understandable, and no unnecessary charged or specialist background is required for a default learner.",risk-targeted,,false
fold,10765107,Fold and unfold along each of the lines to make a crease.,pass,,"Read in full: the sentence is complete and natural, the target use is understandable, and no unnecessary charged or specialist background is required for a default learner.",risk-targeted,,false
foresee,10094907,I don't foresee ever being able to go to Boston.,pass,,"Read in full: the sentence is complete and natural, the target use is understandable, and no unnecessary charged or specialist background is required for a default learner.",risk-targeted,,false
forge,12055055,"I was demoralised at times, but I knew I had to forge ahead to accomplish my dream.",pass,,"Read in full: the sentence is complete and natural, the target use is understandable, and no unnecessary charged or specialist background is required for a default learner.",risk-targeted,,false
formidable,12807976,It's a formidable asset against amnesia and colonizability.,reject,context-too-hard; unnatural-English,"The surrounding vocabulary or technical background is substantially harder than the target word. The wording is awkward, archaic, or unnatural for a modern default teaching example.",risk-targeted,,false
forum,11167366,Tom was looking at some incel forum.,reject,obscure-background; political-heavy,"The sentence requires obscure names, places, history, or specialist background before it can be understood. The sentence depends on a politically charged dispute or institutional background that is unnecessary for the target word.",risk-targeted,,false
fossil,11263097,The fossil proved to be the first one of its kind that revealed the tail fin contour in its entirety.,reject,specialist-background; context-too-hard,Tail-fin contour and a first-of-its-kind fossil discovery are specialist paleontology details that overwhelm fossil.,risk-targeted,,false
foul,9003983,"Tom didn't want to fall foul of his teacher's wrath, so he stayed quiet in lessons.",reject,archaic; context-too-hard,"Fall foul of and teacher's wrath are idiomatic and old-fashioned, so the sentence does not model foul in a clear modern way.",risk-targeted,,false
fraction,10014210,How do you solve for the coefficient of a fraction?,pass,,"Read in full: the sentence is complete and natural, the target use is understandable, and no unnecessary charged or specialist background is required for a default learner.",risk-targeted,,false
fracture,11978684,"Other injuries included a broken nose, a dislocated shoulder and a hairline fracture of a cheekbone.",reject,medical-heavy; violence,"Broken bones and a dislocated shoulder make fracture part of a multiple-injury report, which is unnecessarily medical and harm-focused for default learning.",risk-targeted,,false
frequent,11062502,A downside to frequent flyer miles is that using them is complicated.,pass,,"Read in full: the sentence is complete and natural, the target use is understandable, and no unnecessary charged or specialist background is required for a default learner.",risk-targeted,,false
function,11765250,Mass shootings require a high amount of executive function to plan and execute.,reject,violence,The sentence frames mass shootings as the example context.,risk-targeted,,false
fund,10722005,They should fully fund missile defense programs.,reject,political-heavy; violence,Funding missile-defense programs places fund inside a militarized policy debate rather than a neutral money-support context.,risk-targeted,,false
furniture,11261806,"The furniture was beautifully polished, but did not have a bright gloss.",pass,,"Read in full: the sentence is complete and natural, the target use is understandable, and no unnecessary charged or specialist background is required for a default learner.",risk-targeted,,false
furthermore,10485485,"Furthermore, I believe that the filibuster must be destroyed.",reject,political-heavy,The sentence depends on a politically charged dispute or institutional background that is unnecessary for the target word.,risk-targeted,,false
fusion,10367067,What's the difference between fission and fusion?,pass,,"Read in full: the sentence is complete and natural, the target use is understandable, and no unnecessary charged or specialist background is required for a default learner.",risk-targeted,,false
galaxy,12765133,The space explorers discovered a new planet in the galaxy.,pass,,"Read in full: the sentence is complete and natural, the target use is understandable, and no unnecessary charged or specialist background is required for a default learner.",risk-targeted,,false
garment,11553812,The garment industry is the largest contributor to Bangladesh's economy.,reject,obscure-background; context-too-hard,"The sentence requires obscure names, places, history, or specialist background before it can be understood. The surrounding vocabulary or technical background is substantially harder than the target word.",risk-targeted,,false
gaze,12769160,Her gaze spoke volumes where words were scarce.,pass,,"Read in full: the sentence is complete and natural, the target use is understandable, and no unnecessary charged or specialist background is required for a default learner.",risk-targeted,,false
gear,12127706,The airline says the aircraft's right-side landing gear had malfunctioned on takeoff.,pass,,"Read in full: the sentence is complete and natural, the target use is understandable, and no unnecessary charged or specialist background is required for a default learner.",risk-targeted,,false
genetic,8902722,People with a given skin color do not form a genetic clade.,reject,context-too-hard; hate,Genetic clades and skin-color classification require specialist biology and sensitive racial background unrelated to basic genetic teaching.,risk-targeted,,false
genuine,11967133,He is undermining and dishonoring genuine victims and their causes at this tribunal.,reject,political-heavy; context-too-hard,The sentence depends on a politically charged dispute or institutional background that is unnecessary for the target word. The surrounding vocabulary or technical background is substantially harder than the target word.,risk-targeted,,false
giggle,12776746,He whispered something that made her giggle.,pass,,"Read in full: the sentence is complete and natural, the target use is understandable, and no unnecessary charged or specialist background is required for a default learner.",risk-targeted,,false
gland,10957274,This son of Jewish immigrants had a tumor on his pituitary gland that caused his unusual growth.,reject,medical-heavy; context-too-hard,The sentence makes the learner process unnecessary medical detail instead of the target word. The surrounding vocabulary or technical background is substantially harder than the target word.,risk-targeted,,false
gleam,11822323,A gleam of real pride quickened most ingenuously in the Older Man's pale blue eyes.,reject,unnatural-English; context-too-hard,"The wording is awkward, archaic, or unnatural for a modern default teaching example. The surrounding vocabulary or technical background is substantially harder than the target word.",risk-targeted,,false
glide,10919464,"Barges filled with tourists glide around hairpin bends, past cobblestone walkways and beneath arched stone bridges.",pass,,"Read in full: the sentence is complete and natural, the target use is understandable, and no unnecessary charged or specialist background is required for a default learner.",risk-targeted,,false
gloom,10820417,It has been dubbed the summit of gloom.,reject,weak-teaching-value,"The target word is incidental, ambiguous, or too weakly illustrated to justify the context burden.",risk-targeted,,false
gorgeous,12260989,Have you ever hated someone for being gorgeous?,pass,,"Read in full: the sentence is complete and natural, the target use is understandable, and no unnecessary charged or specialist background is required for a default learner.",risk-targeted,,false
gracious,11819800,"What a gracious speech, what a daring pledge to a world whelmed in tyranny and wrong!",reject,political-heavy; context-too-hard,The sentence depends on a politically charged dispute or institutional background that is unnecessary for the target word. The surrounding vocabulary or technical background is substantially harder than the target word.,risk-targeted,,false
grant,10172551,"""I'll grant you three wishes,"" said the genie.",pass,,"Read in full: the sentence is complete and natural, the target use is understandable, and no unnecessary charged or specialist background is required for a default learner.",risk-targeted,,false
graphic,10363149,I do graphic design for some T-shirt sites.,pass,,"Read in full: the sentence is complete and natural, the target use is understandable, and no unnecessary charged or specialist background is required for a default learner.",risk-targeted,,false
grave,11264536,Every grave in this cemetery is identical. It must be where they bury suburbanites.,reject,weak-teaching-value,"The target word is incidental, ambiguous, or too weakly illustrated to justify the context burden.",risk-targeted,,false
grease,10147463,Put some elbow grease into it.,pass,,"Read in full: the sentence is complete and natural, the target use is understandable, and no unnecessary charged or specialist background is required for a default learner.",risk-targeted,,false
grief,11558944,Grief can mess you up if you're not careful.,pass,,"Read in full: the sentence is complete and natural, the target use is understandable, and no unnecessary charged or specialist background is required for a default learner.",risk-targeted,,false
grieve,7728420,Dominic Grieve has tabled a motion for a second referendum.,reject,political-heavy; proper-noun-heavy,"The sentence depends on a politically charged dispute or institutional background that is unnecessary for the target word. The target word is incidental, ambiguous, or too weakly illustrated to justify the context burden.",risk-targeted,,false
grin,12768577,Tom opened the door with a grin.,pass,,"Read in full: the sentence is complete and natural, the target use is understandable, and no unnecessary charged or specialist background is required for a default learner.",risk-targeted,,false
grip,11076045,The measures are part of efforts to consolidate its increasingly authoritarian grip.,reject,political-heavy,The sentence depends on a politically charged dispute or institutional background that is unnecessary for the target word.,risk-targeted,,false
groove,10722105,We'll get back in the groove of things before long.,pass,,"Read in full: the sentence is complete and natural, the target use is understandable, and no unnecessary charged or specialist background is required for a default learner.",risk-targeted,,false
gross,9695409,"Whistleblowers alleged numerous cases of gross mismanagement, retaliation and investigations into staff that had a debilitating effect.",reject,political-heavy; context-too-hard,The sentence depends on a politically charged dispute or institutional background that is unnecessary for the target word. The surrounding vocabulary or technical background is substantially harder than the target word.,risk-targeted,,false
guarantee,11696504,Compliance with a robber's demands does not guarantee your safety.,reject,violence,A robber's demands and personal safety add a threatening crime context that is unnecessary for guarantee.,risk-targeted,,false
harmony,11692558,We've forgotten how to live in harmony with nature.,pass,,"Read in full: the sentence is complete and natural, the target use is understandable, and no unnecessary charged or specialist background is required for a default learner.",risk-targeted,,false
hatch,12141618,Once the young hatch they are raised in predator-proof pens until they are larger and more predator resistant.,pass,,"Read in full: the sentence is complete and natural, the target use is understandable, and no unnecessary charged or specialist background is required for a default learner.",risk-targeted,,false
hatred,10511603,Tom has an irrational hatred of the French language.,reject,hate,"The sentence contains an identity-based generalization, slur-adjacent framing, or hateful conflict that is not needed for teaching.",risk-targeted,,false
haul,10164855,The thieves made off with quite a haul.,pass,,"Read in full: the sentence is complete and natural, the target use is understandable, and no unnecessary charged or specialist background is required for a default learner.",risk-targeted,,false
haunt,11100993,Tom's soul is doomed to haunt Boston forever.,pass,,"Read in full: the sentence is complete and natural, the target use is understandable, and no unnecessary charged or specialist background is required for a default learner.",risk-targeted,,false
heighten,11095203,Humanitarian organizations fear the ongoing impasse and the hostile rhetoric could heighten local xenophobia.,reject,political-heavy; hate,"The sentence depends on a politically charged dispute or institutional background that is unnecessary for the target word. The sentence contains an identity-based generalization, slur-adjacent framing, or hateful conflict that is not needed for teaching.",risk-targeted,,false
hierarchy,9049588,There's no such thing as a natural hierarchy.,pass,,"Read in full: the sentence is complete and natural, the target use is understandable, and no unnecessary charged or specialist background is required for a default learner.",risk-targeted,,false
hike,12764841,Tom and Mary took a scenic hike along the coast.,pass,,"Read in full: the sentence is complete and natural, the target use is understandable, and no unnecessary charged or specialist background is required for a default learner.",risk-targeted,,false
hinder,12140188,Do your surroundings help you achieve your goals or hinder you?,pass,,"Read in full: the sentence is complete and natural, the target use is understandable, and no unnecessary charged or specialist background is required for a default learner.",risk-targeted,,false
historian,8858785,Josephus was not an impartial historian.,reject,proper-noun-heavy; context-too-hard,The named Josephus and the question of an impartial historian require historical background that distracts from historian.,risk-targeted,,false
hitherto,10971182,This kind of writing I do not remember to have seen hitherto attempted in our language.,reject,unnatural-English; context-too-hard,"The wording is awkward, archaic, or unnatural for a modern default teaching example. The surrounding vocabulary or technical background is substantially harder than the target word.",risk-targeted,,false
homogeneous,10654591,"It's a heterogeneous group, not a homogeneous one.",pass,,"Read in full: the sentence is complete and natural, the target use is understandable, and no unnecessary charged or specialist background is required for a default learner.",risk-targeted,,false
hostile,11247972,Lack of moderation creates a hostile environment in which it is less possible to carry out a project's main purpose.,pass,,"Read in full: the sentence is complete and natural, the target use is understandable, and no unnecessary charged or specialist background is required for a default learner.",risk-targeted,,false
howl,12775768,They heard the howl of coyotes.,pass,,"Read in full: the sentence is complete and natural, the target use is understandable, and no unnecessary charged or specialist background is required for a default learner.",risk-targeted,,false
hum,12769330,Why does the sea hum at night?,pass,,"Read in full: the sentence is complete and natural, the target use is understandable, and no unnecessary charged or specialist background is required for a default learner.",risk-targeted,,false
humanity,12044268,Capitalism is amoral and harms humanity for its own sake.,reject,political-heavy,The sentence depends on a politically charged dispute or institutional background that is unnecessary for the target word.,risk-targeted,,false
humble,12769292,Grace is found in the heart of the humble.,pass,,"Read in full: the sentence is complete and natural, the target use is understandable, and no unnecessary charged or specialist background is required for a default learner.",risk-targeted,,false
hurricane,11700301,My stream of consciousness is more like a hurricane.,pass,,"Read in full: the sentence is complete and natural, the target use is understandable, and no unnecessary charged or specialist background is required for a default learner.",risk-targeted,,false
ideal,12131446,Are there things you could start doing now to make your ideal future closer to becoming a reality?,pass,,"Read in full: the sentence is complete and natural, the target use is understandable, and no unnecessary charged or specialist background is required for a default learner.",risk-targeted,,false
identical,11264536,Every grave in this cemetery is identical. It must be where they bury suburbanites.,reject,death-heavy; weak-teaching-value,Identical graves and a joke about burying suburbanites make identical depend on morbid humor and add little safe teaching value.,risk-targeted,,false
identification,10722159,"It is advisable to bring some photographic identification, such as a valid passport.",pass,,"Read in full: the sentence is complete and natural, the target use is understandable, and no unnecessary charged or specialist background is required for a default learner.",risk-targeted,,false
idiot,11279780,The idiot is amazed by his navel.,reject,weak-teaching-value; unnatural-English,"The target word is incidental, ambiguous, or too weakly illustrated to justify the context burden. The wording is awkward, archaic, or unnatural for a modern default teaching example.",risk-targeted,,false
ignore,11830874,It's best to ignore anything I ever say.,reject,context-dependent,The sentence is not sufficiently standalone or leaves a key reference unresolved.,risk-targeted,,false
illegal,12102138,"Now illegal in many countries, cockfighting continues in rural areas.",reject,violence,"The sentence adds unnecessary violence, weapons, threats, or graphic harm to a default learning context.",risk-targeted,,false
imaginary,12335008,"Tom isn't real, John. He's your imaginary friend.",pass,,"Read in full: the sentence is complete and natural, the target use is understandable, and no unnecessary charged or specialist background is required for a default learner.",risk-targeted,,false
imaginative,11007878,"Imaginative craftsman as he was, Morris was never quite an artist in the strict sense of the word.",reject,proper-noun-heavy; context-too-hard,"The target word is incidental, ambiguous, or too weakly illustrated to justify the context burden. The surrounding vocabulary or technical background is substantially harder than the target word.",risk-targeted,,false
imitate,13420210,Danish just sounds impossible to imitate.,pass,,"Read in full: the sentence is complete and natural, the target use is understandable, and no unnecessary charged or specialist background is required for a default learner.",risk-targeted,,false
imitation,12424779,It's healthier to cook with eggplant or mushrooms than imitation meat.,pass,,"Read in full: the sentence is complete and natural, the target use is understandable, and no unnecessary charged or specialist background is required for a default learner.",risk-targeted,,false
immerse,10718787,Place a few oysters at one time in a wire frying basket and immerse in smoking hot fat.,pass,,"Read in full: the sentence is complete and natural, the target use is understandable, and no unnecessary charged or specialist background is required for a default learner.",risk-targeted,,false
immigrant,12099281,Joe Arpaio was bullied as a child for having Italian immigrant parents.,reject,political-heavy; proper-noun-heavy,"The sentence depends on a politically charged dispute or institutional background that is unnecessary for the target word. The target word is incidental, ambiguous, or too weakly illustrated to justify the context burden.",risk-targeted,,false
immune,9101344,You are not immune to propaganda.,reject,extremism; political-heavy,The sentence requires extremist or Nazi-related context that is not necessary to teach the target word. The sentence depends on a politically charged dispute or institutional background that is unnecessary for the target word.,risk-targeted,,false
imperative,11364538,Punching Nazis is a moral imperative.,reject,extremism; violence,The sentence endorses punching Nazis.,risk-targeted,,true
implement,12065621,"The idea is very interesting, but I'm worried about how we are going to implement it.",pass,,"Read in full: the sentence is complete and natural, the target use is understandable, and no unnecessary charged or specialist background is required for a default learner.",risk-targeted,,false
implication,12095704,I resent your implication that I am engaged to you only because of your money.,pass,,"Read in full: the sentence is complete and natural, the target use is understandable, and no unnecessary charged or specialist background is required for a default learner.",risk-targeted,,false
impulse,8783625,I have an impulse control problem.,reject,medical-heavy; context-dependent,"An impulse-control problem is a personal clinical label with no concrete action, so impulse is not suitable as a neutral default example.",risk-targeted,,false
incentive,10750476,That's not much of an incentive.,reject,context-dependent; weak-teaching-value,"That's not much of an incentive supplies no goal or motivating factor, so incentive is left as an unexplained abstract label.",risk-targeted,,false
incident,11937839,It's been three years since Tom's incident in Boston.,reject,context-dependent,The sentence is not sufficiently standalone or leaves a key reference unresolved.,risk-targeted,,false
inclusive,12777179,Do they foster an inclusive environment?,pass,,"Read in full: the sentence is complete and natural, the target use is understandable, and no unnecessary charged or specialist background is required for a default learner.",risk-targeted,,false
indefinite,9934956,The indefinite article is used before countable nouns.,reject,context-too-hard,The surrounding vocabulary or technical background is substantially harder than the target word.,risk-targeted,,false
independence,8994913,The most unpardonable sin in society is independence of thought.,reject,context-too-hard,The surrounding vocabulary or technical background is substantially harder than the target word.,risk-targeted,,false
indulge,11790283,Companies can't indulge the right's violent fascist threats.,reject,extremism; violence,The sentence describes violent fascist threats.,risk-targeted,,false
infinite,12778581,Do we live in a world of infinite possibilities?,pass,,"Read in full: the sentence is complete and natural, the target use is understandable, and no unnecessary charged or specialist background is required for a default learner.",risk-targeted,,false
inflict,10844687,Locusts are threatening to inflict more pain on some of the most drought-ravaged parts of eastern Australia.,reject,death-heavy; context-too-hard,Drought-ravaged regions and inflicting pain on communities add disaster and geographic background that overwhelms inflict.,risk-targeted,,false
inhabit,10473638,I am disgusted by this meat body that I'm forced to inhabit.,reject,medical-heavy; weak-teaching-value,"The sentence makes the learner process unnecessary medical detail instead of the target word. The target word is incidental, ambiguous, or too weakly illustrated to justify the context burden.",risk-targeted,,false
inherent,11605309,There's a deception inherent to any politician's claim to represent a constituency.,reject,political-heavy,The sentence depends on a politically charged dispute or institutional background that is unnecessary for the target word.,risk-targeted,,false
inhibit,11542165,It's believed purple nut sedge may have the ability to inhibit the growth of Streptococcus mutans.,reject,medical-heavy; context-too-hard,The sentence makes the learner process unnecessary medical detail instead of the target word. The surrounding vocabulary or technical background is substantially harder than the target word.,risk-targeted,,false
initial,12034469,"Based on initial data analysis, the collared bears rarely forayed outside the park.",reject,context-too-hard,The surrounding vocabulary or technical background is substantially harder than the target word.,risk-targeted,,false
initiate,11248105,The high commissioner's spokeswoman said the government had shown some willingness to initiate reforms.,reject,political-heavy,The sentence depends on a politically charged dispute or institutional background that is unnecessary for the target word.,risk-targeted,,false
initiative,12105187,"Since launching their initiative in April, residents agree the district is much tidier.",pass,,"Read in full: the sentence is complete and natural, the target use is understandable, and no unnecessary charged or specialist background is required for a default learner.",risk-targeted,,false
inland,10940123,"As climate change raises sea levels, salty ocean water is pushing its way inland.",pass,,"Read in full: the sentence is complete and natural, the target use is understandable, and no unnecessary charged or specialist background is required for a default learner.",risk-targeted,,false
innovation,12766900,Work should inspire creativity and innovation.,pass,,"Read in full: the sentence is complete and natural, the target use is understandable, and no unnecessary charged or specialist background is required for a default learner.",risk-targeted,,false
input,11566091,The vast majority of Jews have no input into Hollywood whatsoever.,reject,hate; political-heavy,"The sentence contains an identity-based generalization, slur-adjacent framing, or hateful conflict that is not needed for teaching. The sentence depends on a politically charged dispute or institutional background that is unnecessary for the target word.",risk-targeted,,false
insect,12193855,Wasps help keep insect populations down.,pass,,"Read in full: the sentence is complete and natural, the target use is understandable, and no unnecessary charged or specialist background is required for a default learner.",risk-targeted,,false
insight,11566217,"Fungi talk, but it's mostly a mix of nonsense and penetrating insight into your life.",reject,unnatural-English; weak-teaching-value,"The wording is awkward, archaic, or unnatural for a modern default teaching example. The target word is incidental, ambiguous, or too weakly illustrated to justify the context burden.",risk-targeted,,false
install,10116182,Can you help me install this program?,pass,,"Read in full: the sentence is complete and natural, the target use is understandable, and no unnecessary charged or specialist background is required for a default learner.",risk-targeted,,false
instantaneous,12060096,"He knew it was so, with an unaccountable but instantaneous certainty.",reject,context-too-hard; unnatural-English,"Unaccountable and the inverted certainty phrasing are difficult and literary, so instantaneous is not presented in a natural default sentence.",risk-targeted,,false
instinct,8913126,I have a natural instinct for science.,pass,,"Read in full: the sentence is complete and natural, the target use is understandable, and no unnecessary charged or specialist background is required for a default learner.",risk-targeted,,false
institution,8849707,American democracy is a kakistocratic institution.,reject,political-heavy; context-too-hard,The sentence depends on a politically charged dispute or institutional background that is unnecessary for the target word. The surrounding vocabulary or technical background is substantially harder than the target word.,risk-targeted,,false
instrumental,12777283,He plans to record an instrumental album.,pass,,"Read in full: the sentence is complete and natural, the target use is understandable, and no unnecessary charged or specialist background is required for a default learner.",risk-targeted,,false
integrity,12192654,I wouldn't impugn your integrity simply because we have different value systems.,pass,,"Read in full: the sentence is complete and natural, the target use is understandable, and no unnecessary charged or specialist background is required for a default learner.",risk-targeted,,false
intellect,12386290,"Maimonides says ""God's image"" refers to the power of the intellect and to free will.",reject,religious-heavy; obscure-background,"The sentence depends on a religious controversy or background that is unnecessary for the target word. The sentence requires obscure names, places, history, or specialist background before it can be understood.",risk-targeted,,false
intelligible,11972590,Is Tamasheq mutually intelligible with Kabyle?,reject,obscure-background; context-too-hard,"The sentence requires obscure names, places, history, or specialist background before it can be understood. The surrounding vocabulary or technical background is substantially harder than the target word.",risk-targeted,,false
intensify,12238252,"As anger and frustration among the flood victims intensify, reports that international aid has slackened raises concerns.",reject,context-too-hard,The surrounding vocabulary or technical background is substantially harder than the target word.,risk-targeted,,false
intensive,11045845,Some of them required intubation and admission to the intensive care unit.,reject,medical-heavy,The sentence makes the learner process unnecessary medical detail instead of the target word.,risk-targeted,,false
interaction,9475763,The strong interaction binds quarks into nucleons and nucleons to each other.,reject,context-too-hard,The surrounding vocabulary or technical background is substantially harder than the target word.,risk-targeted,,false
interfere,11759771,The guild said authorities greatly interfere with journalists' right to access and to disseminate information.,reject,political-heavy,The sentence depends on a politically charged dispute or institutional background that is unnecessary for the target word.,risk-targeted,,false
internal,10538151,"If you think you have control over your own life, you have an internal locus of control.",reject,context-too-hard,The surrounding vocabulary or technical background is substantially harder than the target word.,risk-targeted,,false
intersection,11166818,The light was still yellow when the car entered the intersection.,pass,,"Read in full: the sentence is complete and natural, the target use is understandable, and no unnecessary charged or specialist background is required for a default learner.",risk-targeted,,false
intricate,9931848,Mary's skirt was covered in an intricate pattern.,pass,,"Read in full: the sentence is complete and natural, the target use is understandable, and no unnecessary charged or specialist background is required for a default learner.",risk-targeted,,false
intrinsic,11043404,I question the intrinsic value of nihilism.,reject,context-too-hard,The surrounding vocabulary or technical background is substantially harder than the target word.,risk-targeted,,false
inventory,11885113,I stock items and take inventory.,pass,,"Read in full: the sentence is complete and natural, the target use is understandable, and no unnecessary charged or specialist background is required for a default learner.",risk-targeted,,false
invert,11224170,"Tap the ""A"" button to add a blue filter and invert colors so light becomes dark and dark becomes light.",pass,,"Read in full: the sentence is complete and natural, the target use is understandable, and no unnecessary charged or specialist background is required for a default learner.",risk-targeted,,false
invisible,11068885,Tom has the power to make himself invisible.,reject,fantastical-context; weak-teaching-value,A person making himself invisible depends on fantasy powers and gives invisible no ordinary modern context for a default learner.,risk-targeted,,false
irrigation,11553796,Which river flows through Bangladesh and is a major source of water for irrigation and transportation?,pass,,"Read in full: the sentence is complete and natural, the target use is understandable, and no unnecessary charged or specialist background is required for a default learner.",risk-targeted,,false
irritate,11248348,"The chemicals are designed to irritate the mucous membranes of the eyes, nose and throat.",reject,medical-heavy; context-too-hard,Mucous membranes and the medical eye-nose-throat context are specialist details that overwhelm a default example for irritate.,risk-targeted,,false
isolate,11051158,Cults isolate people from the surrounding world.,reject,religious-heavy,The sentence depends on a religious controversy or background that is unnecessary for the target word.,risk-targeted,,false
issue,12311342,A big conservation issue is the co-existence of people and animals.,pass,,"Read in full: the sentence is complete and natural, the target use is understandable, and no unnecessary charged or specialist background is required for a default learner.",risk-targeted,,false
item,12065617,The item will go to the highest bidder.,pass,,"Read in full: the sentence is complete and natural, the target use is understandable, and no unnecessary charged or specialist background is required for a default learner.",risk-targeted,,false
jeopardize,12399987,This could jeopardize the whole operation.,pass,,"Read in full: the sentence is complete and natural, the target use is understandable, and no unnecessary charged or specialist background is required for a default learner.",risk-targeted,,false
jerk,8167966,The beating is a jerk that someone undergoes and will never forget.,reject,violence; unnatural-English,"The sentence adds unnecessary violence, weapons, threats, or graphic harm to a default learning context. The wording is awkward, archaic, or unnatural for a modern default teaching example.",risk-targeted,,false
jog,11653905,Tom accidentally stepped in dog poop on his morning jog.,pass,,"Read in full: the sentence is complete and natural, the target use is understandable, and no unnecessary charged or specialist background is required for a default learner.",risk-targeted,,false
junction,10640483,The rectum begins at the rectosigmoid junction and ends at the anus.,reject,medical-heavy,The sentence makes the learner process unnecessary medical detail instead of the target word.,risk-targeted,,false
junk,8805547,Someone cited his junk theory in an actual medical journal.,reject,context-too-hard,The surrounding vocabulary or technical background is substantially harder than the target word.,risk-targeted,,false
kidney,12004429,Both commemorations are intended to raise awareness of kidney disease and the importance of prevention and early detection.,pass,,"Read in full: the sentence is complete and natural, the target use is understandable, and no unnecessary charged or specialist background is required for a default learner.",risk-targeted,,false
kit,9805135,What should I keep in my first aid kit?,pass,,"Read in full: the sentence is complete and natural, the target use is understandable, and no unnecessary charged or specialist background is required for a default learner.",risk-targeted,,false
lame,8883585,"Ah, that's why the lame ducks are jealous.",reject,weak-teaching-value; political-heavy,"The target word is incidental, ambiguous, or too weakly illustrated to justify the context burden. The sentence depends on a politically charged dispute or institutional background that is unnecessary for the target word.",risk-targeted,,false
lane,11021342,This is the right lane to be in.,pass,,"Read in full: the sentence is complete and natural, the target use is understandable, and no unnecessary charged or specialist background is required for a default learner.",risk-targeted,,false
lash,8792307,Tom's going on the lash tonight.,reject,unnatural-English,"The wording is awkward, archaic, or unnatural for a modern default teaching example.",risk-targeted,,false
layman,11582398,Mersenne Prime numbers are special in a way that no layman could ever explain.,reject,context-too-hard,The surrounding vocabulary or technical background is substantially harder than the target word.,risk-targeted,,false
lease,10054477,We're signing a new lease on Sunday.,pass,,"Read in full: the sentence is complete and natural, the target use is understandable, and no unnecessary charged or specialist background is required for a default learner.",risk-targeted,,false
leather,10370415,Tom thinks leather trousers are naff.,reject,unnatural-English,"The wording is awkward, archaic, or unnatural for a modern default teaching example.",risk-targeted,,false
legal,10471907,I am unable to answer this question for legal reasons.,pass,,"Read in full: the sentence is complete and natural, the target use is understandable, and no unnecessary charged or specialist background is required for a default learner.",risk-targeted,,false
legend,1566359,Biologists view the chupacabras as a contemporary legend.,reject,obscure-background,"The sentence requires obscure names, places, history, or specialist background before it can be understood.",risk-targeted,,false
legitimate,11044209,Republicans want American elections to be as legitimate as Hungarian ones.,reject,political-heavy,The sentence depends on a politically charged dispute or institutional background that is unnecessary for the target word.,risk-targeted,,false
leisure,11917447,"I am told he lives in the City, and plays dominoes in his leisure hours with stockbrokers.",reject,context-too-hard; unnatural-English,"The surrounding vocabulary or technical background is substantially harder than the target word. The wording is awkward, archaic, or unnatural for a modern default teaching example.",risk-targeted,,false
lever,10723407,The machine gives a food reward when your rat presses a lever.,pass,,"Read in full: the sentence is complete and natural, the target use is understandable, and no unnecessary charged or specialist background is required for a default learner.",risk-targeted,,false
liable,11129769,The problem with monarchy is you're liable to end up with a king who believes in homeopathy.,reject,political-heavy; context-too-hard,The sentence depends on a politically charged dispute or institutional background that is unnecessary for the target word. The surrounding vocabulary or technical background is substantially harder than the target word.,risk-targeted,,false
liberal,11989505,"In the U.S., a Christian fascist minority rules over a liberal majority.",reject,political-heavy; religious-heavy,The sentence depends on a politically charged dispute or institutional background that is unnecessary for the target word. The sentence depends on a religious controversy or background that is unnecessary for the target word.,risk-targeted,,false
limb,8148317,This story cost me a limb.,reject,violence; weak-teaching-value,"The sentence adds unnecessary violence, weapons, threats, or graphic harm to a default learning context. The target word is incidental, ambiguous, or too weakly illustrated to justify the context burden.",risk-targeted,,false
liner,11152936,"The ill-fated cruise liner has now left Australian waters, but many questions remain.",reject,death-heavy; proper-noun-heavy; context-dependent,An ill-fated liner leaving Australian waters hints at an unresolved disaster and adds a proper-name news context that is unnecessary for liner.,risk-targeted,,false
linger,12766736,Impressions linger long after the moment.,pass,,"Read in full: the sentence is complete and natural, the target use is understandable, and no unnecessary charged or specialist background is required for a default learner.",risk-targeted,,false
literary,8736668,"She doesn't believe in anything supernatural, but she is fascinated by the literary Satan.",reject,religious-heavy,The sentence depends on a religious controversy or background that is unnecessary for the target word.,risk-targeted,,false
literature,8832256,Old English literature was gnomic and alliterative.,reject,context-too-hard,The surrounding vocabulary or technical background is substantially harder than the target word.,risk-targeted,,false
logical,9952838,Affirming the consequent is an example of a formal logical fallacy.,reject,context-too-hard,The surrounding vocabulary or technical background is substantially harder than the target word.,risk-targeted,,false
loyal,12777519,Would you remain loyal in hard times?,pass,,"Read in full: the sentence is complete and natural, the target use is understandable, and no unnecessary charged or specialist background is required for a default learner.",risk-targeted,,false
luggage,10236661,Stow your carry-on luggage in the overhead compartments.,pass,,"Read in full: the sentence is complete and natural, the target use is understandable, and no unnecessary charged or specialist background is required for a default learner.",risk-targeted,,false
lunar,11602783,A lunar eclipse on Earth is a solar eclipse on the moon.,pass,,"Read in full: the sentence is complete and natural, the target use is understandable, and no unnecessary charged or specialist background is required for a default learner.",risk-targeted,,false
luxury,10789701,Velvet fabric is often seen as a sign of luxury.,pass,,"Read in full: the sentence is complete and natural, the target use is understandable, and no unnecessary charged or specialist background is required for a default learner.",risk-targeted,,false
machinery,12300167,India's main exports to Mercosur nations included pharmaceutical and chemical products. Imports included edible oils and non-electrical machinery.,reject,context-too-hard; obscure-background,"The surrounding vocabulary or technical background is substantially harder than the target word. The sentence requires obscure names, places, history, or specialist background before it can be understood.",risk-targeted,,false
magnetic,11095233,They're saying that the Sun's magnetic field is about to reverse or flip its polarity.,pass,,"Read in full: the sentence is complete and natural, the target use is understandable, and no unnecessary charged or specialist background is required for a default learner.",risk-targeted,,false
maintain,12765166,They were part of the effort to maintain peace and order.,pass,,"Read in full: the sentence is complete and natural, the target use is understandable, and no unnecessary charged or specialist background is required for a default learner.",risk-targeted,,false
majesty,12775801,Her Majesty graced the ballroom with her presence.,reject,proper-noun-heavy,"The target word is incidental, ambiguous, or too weakly illustrated to justify the context burden.",risk-targeted,,false
mall,10053972,Most of the U.S. is just the same big strip mall.,pass,,"Read in full: the sentence is complete and natural, the target use is understandable, and no unnecessary charged or specialist background is required for a default learner.",risk-targeted,,false
mansion,9004046,Tom grew up in a terraced house just down the road from a ginormous mansion.,pass,,"Read in full: the sentence is complete and natural, the target use is understandable, and no unnecessary charged or specialist background is required for a default learner.",risk-targeted,,false
manual,7713825,This manual is written in double Dutch.,reject,context-dependent; unnatural-English,"The sentence is not sufficiently standalone or leaves a key reference unresolved. The wording is awkward, archaic, or unnatural for a modern default teaching example.",risk-targeted,,false
masculine,8805634,"In Moabite, the masculine plural ending was -in instead of -im.",reject,context-too-hard,The surrounding vocabulary or technical background is substantially harder than the target word.,risk-targeted,,false
mass,11740270,There have been a lot of mass killings under capitalist regimes.,reject,violence; political-heavy,The sentence describes mass killings under political regimes.,risk-targeted,,false
masterpiece,12768631,"I watch the sky shift colors at dusk, a fleeting masterpiece.",pass,,"Read in full: the sentence is complete and natural, the target use is understandable, and no unnecessary charged or specialist background is required for a default learner.",risk-targeted,,false
mechanical,10233192,One of the benefits of using mechanical pencils is that you don't need to use a pencil sharpener.,pass,,"Read in full: the sentence is complete and natural, the target use is understandable, and no unnecessary charged or specialist background is required for a default learner.",risk-targeted,,false
medieval,11624364,Medieval England buried people alive for merely associating with Jews.,reject,violence; hate,"The sentence adds unnecessary violence, weapons, threats, or graphic harm to a default learning context. The sentence contains an identity-based generalization, slur-adjacent framing, or hateful conflict that is not needed for teaching.",risk-targeted,,false
medium,11700153,The medium is not the message.,pass,,"Read in full: the sentence is complete and natural, the target use is understandable, and no unnecessary charged or specialist background is required for a default learner.",risk-targeted,,false
melody,11305424,The teacher may also choose some melody free from accidentals and play it slowly while the student notates.,reject,specialist-background; context-too-hard,Melody notation and accidentals require specialist music theory background that overwhelms the basic target melody.,risk-targeted,,false
melt,10001845,The surface of Venus is hot enough to melt lead.,pass,,"Read in full: the sentence is complete and natural, the target use is understandable, and no unnecessary charged or specialist background is required for a default learner.",risk-targeted,,false
memorize,12363071,Think about the basic genetics you may have learned in school and every vocabulary term you needed to memorize.,pass,,"Read in full: the sentence is complete and natural, the target use is understandable, and no unnecessary charged or specialist background is required for a default learner.",risk-targeted,,false
menace,10723382,Her face was distorted and malignant with menace.,reject,violence; medical-heavy,"The sentence adds unnecessary violence, weapons, threats, or graphic harm to a default learning context. The sentence makes the learner process unnecessary medical detail instead of the target word.",risk-targeted,,false
mercury,12759610,"Mercury is the closest planet to the sun, but not the hottest.",pass,,"Read in full: the sentence is complete and natural, the target use is understandable, and no unnecessary charged or specialist background is required for a default learner.",risk-targeted,,false
merely,13148354,Tom insisted it was merely a verbal altercation and never got physical.,reject,violence; context-too-hard,A verbal altercation and whether it became physical add conflict and legal-like vocabulary unrelated to the basic target merely.,risk-targeted,,false
merit,11476006,This rare merit even the most fastidious critic must allow.,reject,archaic; context-too-hard,"Rare merit, fastidious critic, and the inverted sentence structure create literary load that overwhelms merit.",risk-targeted,,false
messenger,8613695,An alien messenger gave Noah advance notice of the imminent destruction of his planet.,reject,religious-heavy; obscure-background,"The sentence depends on a religious controversy or background that is unnecessary for the target word. The sentence requires obscure names, places, history, or specialist background before it can be understood.",risk-targeted,,false
migrant,12364859,"Migrant birds such as the sandhill crane fly overhead, moving south.",pass,,"Read in full: the sentence is complete and natural, the target use is understandable, and no unnecessary charged or specialist background is required for a default learner.",risk-targeted,,false
militant,9635671,"There's a strange pipeline from militant atheist to Neo-Nazi, facilitated by YouTube's algorithms.",reject,extremism; political-heavy,The sentence requires extremist or Nazi-related context that is not necessary to teach the target word. The sentence depends on a politically charged dispute or institutional background that is unnecessary for the target word.,risk-targeted,,false
military,11976447,The U.S. should slash its military budget in half.,reject,political-heavy; violence,"The sentence depends on a politically charged dispute or institutional background that is unnecessary for the target word. The sentence adds unnecessary violence, weapons, threats, or graphic harm to a default learning context.",risk-targeted,,false
mingle,10236666,Tom is single and ready to mingle.,pass,,"Read in full: the sentence is complete and natural, the target use is understandable, and no unnecessary charged or specialist background is required for a default learner.",risk-targeted,,false
minimal,9018760,The Jewish influence on his life was minimal.,reject,religious-heavy; political-heavy,The sentence depends on a religious controversy or background that is unnecessary for the target word. The sentence depends on a politically charged dispute or institutional background that is unnecessary for the target word.,risk-targeted,,false
minimum,11930712,Do you really expect me to do the work of five people for minimum wage?,pass,,"Read in full: the sentence is complete and natural, the target use is understandable, and no unnecessary charged or specialist background is required for a default learner.",risk-targeted,,false
minority,11011363,The Talmud contains more minority opinions than majority ones.,reject,religious-heavy,The sentence depends on a religious controversy or background that is unnecessary for the target word.,risk-targeted,,false
misery,9996955,"Even if misery does not kill, peace does not nourish either.",reject,violence,"The sentence adds unnecessary violence, weapons, threats, or graphic harm to a default learning context.",risk-targeted,,false
misfortune,10325569,Misfortune and devastation always go hand in hand.,pass,,"Read in full: the sentence is complete and natural, the target use is understandable, and no unnecessary charged or specialist background is required for a default learner.",risk-targeted,,false
mistress,11595487,"Alleged phone conversations with a mistress detail daily activities, including sexual trysts.",reject,sexual,The sentence describes sexual trysts in a default example.,risk-targeted,,true
mob,10795816,The mob enforcer kept a pair of brass knuckles in his coat pocket.,reject,violence,"The sentence adds unnecessary violence, weapons, threats, or graphic harm to a default learning context.",risk-targeted,,false
mobile,11107228,These mobile apps glorify smoking and encourage children to use tobacco products.,reject,medical-heavy,The sentence makes the learner process unnecessary medical detail instead of the target word.,risk-targeted,,false
monopoly,8832040,I have a monopoly on the truth.,pass,,"Read in full: the sentence is complete and natural, the target use is understandable, and no unnecessary charged or specialist background is required for a default learner.",risk-targeted,,false
morality,8603296,In the name of Purity what lies are told! What queer morality it has engendered.,reject,religious-heavy; hate,"The sentence depends on a religious controversy or background that is unnecessary for the target word. The sentence contains an identity-based generalization, slur-adjacent framing, or hateful conflict that is not needed for teaching.",risk-targeted,,false
mortgage,12033010,Tom works at a mortgage brokerage.,reject,context-too-hard; specialist-background,A mortgage brokerage is specialist financial vocabulary and does not explain the target mortgage in an accessible everyday sentence.,risk-targeted,,false
motivate,12775177,They motivate each other to succeed.,pass,,"Read in full: the sentence is complete and natural, the target use is understandable, and no unnecessary charged or specialist background is required for a default learner.",risk-targeted,,false
motive,11977290,The motive for this was pure animus.,reject,context-too-hard,The surrounding vocabulary or technical background is substantially harder than the target word.,risk-targeted,,false
mourn,552682,God's inhumanity to man makes countless thousands mourn.,reject,religious-heavy; unnatural-English,"The sentence depends on a religious controversy or background that is unnecessary for the target word. The wording is awkward, archaic, or unnatural for a modern default teaching example.",risk-targeted,,false
muddy,2804844,We squelched across the muddy field.,pass,,"Read in full: the sentence is complete and natural, the target use is understandable, and no unnecessary charged or specialist background is required for a default learner.",risk-targeted,,false
multiple,10059133,I'm lucky to have survived that year for multiple reasons.,pass,,"Read in full: the sentence is complete and natural, the target use is understandable, and no unnecessary charged or specialist background is required for a default learner.",risk-targeted,,false
municipal,11039206,The then-mayor imposed vaccine mandates on municipal and private sector workers last year.,reject,political-heavy; medical-heavy,The sentence depends on a politically charged dispute or institutional background that is unnecessary for the target word. The sentence makes the learner process unnecessary medical detail instead of the target word.,risk-targeted,,false
mutual,12759817,Tom thinks that open communication is key to mutual learning.,pass,,"Read in full: the sentence is complete and natural, the target use is understandable, and no unnecessary charged or specialist background is required for a default learner.",risk-targeted,,false
myth,11242378,Antisemitic conspiracy theories rely on the myth of Jewish unity.,reject,hate,"The sentence contains an identity-based generalization, slur-adjacent framing, or hateful conflict that is not needed for teaching.",risk-targeted,,false
nasty,11778593,A pair of mischievous children used a stick to write nasty words in the wet cement.,pass,,"Read in full: the sentence is complete and natural, the target use is understandable, and no unnecessary charged or specialist background is required for a default learner.",risk-targeted,,false
norm,12776599,She questions the norm with courage.,pass,,"Read in full: the sentence is complete and natural, the target use is understandable, and no unnecessary charged or specialist background is required for a default learner.",risk-targeted,,false
notion,8773945,There is no Jewish religion separate from the notion of a nation bound to it by covenant.,reject,religious-heavy; hate,"The sentence depends on a religious controversy or background that is unnecessary for the target word. The sentence contains an identity-based generalization, slur-adjacent framing, or hateful conflict that is not needed for teaching.",risk-targeted,,false
nourish,12768024,Can Mary use rainwater to nourish her garden?,pass,,"Read in full: the sentence is complete and natural, the target use is understandable, and no unnecessary charged or specialist background is required for a default learner.",risk-targeted,,false
novelty,10161822,Tom gave Mary a novelty pencil sharpener for her birthday.,pass,,"Read in full: the sentence is complete and natural, the target use is understandable, and no unnecessary charged or specialist background is required for a default learner.",risk-targeted,,false
nurture,12766781,Identity is shaped by both nature and nurture.,pass,,"Read in full: the sentence is complete and natural, the target use is understandable, and no unnecessary charged or specialist background is required for a default learner.",risk-targeted,,false
oak,12769264,"He stands like the oak, unshaken by the storm.",pass,,"Read in full: the sentence is complete and natural, the target use is understandable, and no unnecessary charged or specialist background is required for a default learner.",risk-targeted,,false
objection,11857324,I have no objection to your calling in your friend if I may call in mine.,pass,,"Read in full: the sentence is complete and natural, the target use is understandable, and no unnecessary charged or specialist background is required for a default learner.",risk-targeted,,false
obscure,11014134,Some political jargon used in the U.S. can be pretty obscure and hard to figure out.,reject,political-heavy; context-too-hard,The sentence depends on a politically charged dispute or institutional background that is unnecessary for the target word. The surrounding vocabulary or technical background is substantially harder than the target word.,risk-targeted,,false
obtain,12069636,"Dr. Mengele's so-called ""experiments"" did not obtain any useful medical data.",reject,extremism; medical-heavy,The sentence requires extremist or Nazi-related context that is not necessary to teach the target word. The sentence makes the learner process unnecessary medical detail instead of the target word.,risk-targeted,,false
occasional,9477210,Yiddish and Ladino both have the occasional non-Hebrew word whose plural ends in -im.,reject,context-too-hard,The surrounding vocabulary or technical background is substantially harder than the target word.,risk-targeted,,false
occupation,8622843,The Axis occupation of Greece lasted three years.,reject,political-heavy; obscure-background,"The sentence depends on a politically charged dispute or institutional background that is unnecessary for the target word. The sentence requires obscure names, places, history, or specialist background before it can be understood.",risk-targeted,,false
occupy,11044594,It's only a matter of time before Putin sends little green men to occupy the moon.,reject,political-heavy; obscure-background,"The sentence depends on a politically charged dispute or institutional background that is unnecessary for the target word. The sentence requires obscure names, places, history, or specialist background before it can be understood.",risk-targeted,,false
olive,11003360,Provided that one day I have a place to plant olive trees!,reject,context-dependent; unnatural-English,"The conditional fragment about someday planting olive trees has no complete proposition, so olive is not presented in a reliable standalone sentence.",risk-targeted,,false
opponent,10819676,Tom made his opponent tap out.,pass,,"Read in full: the sentence is complete and natural, the target use is understandable, and no unnecessary charged or specialist background is required for a default learner.",risk-targeted,,false
oppose,11922411,"If you support banning foreign languages, you don't oppose censorship.",pass,,"Read in full: the sentence is complete and natural, the target use is understandable, and no unnecessary charged or specialist background is required for a default learner.",risk-targeted,,false
oppress,8135230,"Algerians engage in the army only to oppress ""other Algerians"".",reject,hate; political-heavy,"The sentence contains an identity-based generalization, slur-adjacent framing, or hateful conflict that is not needed for teaching. The sentence depends on a politically charged dispute or institutional background that is unnecessary for the target word.",risk-targeted,,false
optical,11507868,"Once it cools, the agarose solidifies and the optical fibers are selectively removed using solvents.",pass,,"Read in full: the sentence is complete and natural, the target use is understandable, and no unnecessary charged or specialist background is required for a default learner.",risk-targeted,,false
optimistic,11473150,"Being optimistic could lengthen your life, a new study suggests.",pass,,"Read in full: the sentence is complete and natural, the target use is understandable, and no unnecessary charged or specialist background is required for a default learner.",risk-targeted,,false
optimum,9980903,Tom writes in Esperanto for optimum expressiveness.,reject,obscure-background,"The sentence requires obscure names, places, history, or specialist background before it can be understood.",risk-targeted,,false
option,10841956,That often leaves kids who live in abject poverty with no option but to go around barefoot.,reject,political-heavy,The sentence depends on a politically charged dispute or institutional background that is unnecessary for the target word.,risk-targeted,,false
ore,10206143,Where do you find tungsten ore?,pass,,"Read in full: the sentence is complete and natural, the target use is understandable, and no unnecessary charged or specialist background is required for a default learner.",risk-targeted,,false
orient,10930666,You need a map to orient yourself.,pass,,"Read in full: the sentence is complete and natural, the target use is understandable, and no unnecessary charged or specialist background is required for a default learner.",risk-targeted,,false
orientation,12080121,It's not possible to change someone's sexual orientation or gender identity.,reject,sexual; political-heavy,The sentence contains sexual or explicit material that is not appropriate as a default learning context. The sentence depends on a politically charged dispute or institutional background that is unnecessary for the target word.,risk-targeted,,false
original,11751685,The band played a mix of covers and original songs.,pass,,"Read in full: the sentence is complete and natural, the target use is understandable, and no unnecessary charged or specialist background is required for a default learner.",risk-targeted,,false
orthodox,8988056,She was from a very Orthodox family.,reject,religious-heavy; context-dependent,The sentence depends on a religious controversy or background that is unnecessary for the target word. The sentence is not sufficiently standalone or leaves a key reference unresolved.,risk-targeted,,false
outbreak,11048125,Two of the hardest-hit U.S. regions have raised the alert level over the monkeypox outbreak.,reject,medical-heavy,The sentence makes the learner process unnecessary medical detail instead of the target word.,risk-targeted,,false
outrage,11560905,The U.S. media has always reserved its strongest contempt and moral outrage for the left.,pass,,"Read in full: the sentence is complete and natural, the target use is understandable, and no unnecessary charged or specialist background is required for a default learner.",risk-targeted,,false
outward,11034377,Matheson says ethnic tensions continue to simmer despite the outward calm.,reject,political-heavy; hate,"The sentence depends on a politically charged dispute or institutional background that is unnecessary for the target word. The sentence contains an identity-based generalization, slur-adjacent framing, or hateful conflict that is not needed for teaching.",risk-targeted,,false
overhead,12364859,"Migrant birds such as the sandhill crane fly overhead, moving south.",pass,,"Read in full: the sentence is complete and natural, the target use is understandable, and no unnecessary charged or specialist background is required for a default learner.",risk-targeted,,false
overhear,552742,How charmed I am when I overhear a German word which I understand!,pass,,"Read in full: the sentence is complete and natural, the target use is understandable, and no unnecessary charged or specialist background is required for a default learner.",risk-targeted,,false
overlap,11700157,My sentences and my opinions only sometimes overlap.,pass,,"Read in full: the sentence is complete and natural, the target use is understandable, and no unnecessary charged or specialist background is required for a default learner.",risk-targeted,,false
overwhelm,11178203,Public health experts say they fear the variant could overwhelm Zimbabwe's collapsed health care system.,reject,medical-heavy; political-heavy,The sentence makes the learner process unnecessary medical detail instead of the target word. The sentence depends on a politically charged dispute or institutional background that is unnecessary for the target word.,risk-targeted,,false
overwhelming,12759700,Astronauts often describe space as both beautiful and overwhelming.,pass,,"Read in full: the sentence is complete and natural, the target use is understandable, and no unnecessary charged or specialist background is required for a default learner.",risk-targeted,,false
oxide,9659556,Nitrous oxide is inert at room temperature.,pass,,"Read in full: the sentence is complete and natural, the target use is understandable, and no unnecessary charged or specialist background is required for a default learner.",risk-targeted,,false
oxygen,12774938,Do we need more oxygen tanks?,pass,,"Read in full: the sentence is complete and natural, the target use is understandable, and no unnecessary charged or specialist background is required for a default learner.",risk-targeted,,false
ozone,9142908,"Ozone is good up high, bad nearby.",reject,weak-teaching-value; context-dependent,"The slogan-like good up high, bad nearby gives no standalone explanation of ozone's meaning or relationship to the target.",risk-targeted,,false
package,10122172,Someone needs to be at home in the afternoon to sign for the package.,pass,,"Read in full: the sentence is complete and natural, the target use is understandable, and no unnecessary charged or specialist background is required for a default learner.",risk-targeted,,false
panic,11537552,I've gotten through many a panic attack by accepting the death I think is imminent.,reject,medical-heavy; context-dependent,The sentence makes the learner process unnecessary medical detail instead of the target word. The sentence is not sufficiently standalone or leaves a key reference unresolved.,risk-targeted,,false
parasite,12327352,People find out they are infected after passing the parasite in their stool or vomit.,reject,medical-heavy,The sentence makes the learner process unnecessary medical detail instead of the target word.,risk-targeted,,false
participant,10913414,"Each participant wore an activity monitor to measure heart rate, perspiration and sleep quality.",reject,medical-heavy; context-too-hard,"Perspiration, heart-rate measurement, and sleep-quality monitoring create specialist health load that overwhelms participant.",risk-targeted,,false
partition,12406201,I need to partition my hard drive.,pass,,"Read in full: the sentence is complete and natural, the target use is understandable, and no unnecessary charged or specialist background is required for a default learner.",risk-targeted,,false
passion,12776137,Are you driven by your passion?,pass,,"Read in full: the sentence is complete and natural, the target use is understandable, and no unnecessary charged or specialist background is required for a default learner.",risk-targeted,,false
pastime,8022246,"Mary's favorite pastime was reading philosophy books, while Tom preferred masturbating.",reject,sexual,The sentence uses explicit sexual activity as the example context.,risk-targeted,,false
pave,12311448,He hopes this will help pave the way to accessible ultra-sophisticated personalized medicine.,reject,medical-heavy; context-too-hard,The sentence makes the learner process unnecessary medical detail instead of the target word. The surrounding vocabulary or technical background is substantially harder than the target word.,risk-targeted,,false
peak,8908904,"Even if we do not immediately succeed in leading the Kabyle to its peak, others will succeed.",reject,obscure-background; weak-teaching-value,"The sentence requires obscure names, places, history, or specialist background before it can be understood. The target word is incidental, ambiguous, or too weakly illustrated to justify the context burden.",risk-targeted,,false
peg,10159859,I took Tom down a peg.,reject,context-dependent; weak-teaching-value,"The sentence is not sufficiently standalone or leaves a key reference unresolved. The target word is incidental, ambiguous, or too weakly illustrated to justify the context burden.",risk-targeted,,false
penalty,12411736,Should we reinstate the death penalty?,reject,political-heavy; violence,"The sentence depends on a politically charged dispute or institutional background that is unnecessary for the target word. The sentence adds unnecessary violence, weapons, threats, or graphic harm to a default learning context.",risk-targeted,,false
penguin,10007125,I am a native speaker of the penguin language.,reject,weak-teaching-value; unnatural-English,"The target word is incidental, ambiguous, or too weakly illustrated to justify the context burden. The wording is awkward, archaic, or unnatural for a modern default teaching example.",risk-targeted,,false
perception,12766805,Learning opens new doors of perception.,pass,,"Read in full: the sentence is complete and natural, the target use is understandable, and no unnecessary charged or specialist background is required for a default learner.",risk-targeted,,false
perfection,12768676,"We seek beauty not in perfection, but in truth.",pass,,"Read in full: the sentence is complete and natural, the target use is understandable, and no unnecessary charged or specialist background is required for a default learner.",risk-targeted,,false
performance,12317707,Professional wrestling is a performance art.,pass,,"Read in full: the sentence is complete and natural, the target use is understandable, and no unnecessary charged or specialist background is required for a default learner.",risk-targeted,,false
perfume,11919494,"Ambergris is the foundation of nearly every perfume, and in ancient times was used for spicing wine.",reject,obscure-background; context-too-hard,"The sentence requires obscure names, places, history, or specialist background before it can be understood. The surrounding vocabulary or technical background is substantially harder than the target word.",risk-targeted,,false
periodic,12048508,Former trainees are apprised of key changes and updates through periodic communication.,pass,,"Read in full: the sentence is complete and natural, the target use is understandable, and no unnecessary charged or specialist background is required for a default learner.",risk-targeted,,false
permanent,11844537,Puberty blockers for trans adolescents save lives without introducing permanent changes.,reject,medical-heavy; public-controversy,The sentence is a sensitive medical-policy claim whose social background is unrelated to teaching permanent as a general adjective.,risk-targeted,,false
permissible,10116181,I asked him if it was ever permissible for a parent to punish their child.,reject,violence; weak-teaching-value,Punishing a child makes permissible depend on a violence-adjacent parenting dispute that is unnecessary for the target.,risk-targeted,,false
persistent,11140283,We have been speaking against the persistent callous attacks in the country.,reject,violence; political-heavy,Persistent callous attacks in an unnamed country create a loaded political and violence context that is unnecessary for teaching persistent.,risk-targeted,,false
petition,12045723,Victory Holdsworth says the secretariat has put together a team to review the petition.,reject,proper-noun-heavy; context-too-hard,"The target word is incidental, ambiguous, or too weakly illustrated to justify the context burden. The surrounding vocabulary or technical background is substantially harder than the target word.",risk-targeted,,false
petty,10165023,Tom devised a cunning and incredibly petty plan to get back at Mary.,pass,,"Read in full: the sentence is complete and natural, the target use is understandable, and no unnecessary charged or specialist background is required for a default learner.",risk-targeted,,false
phase,12480046,I'm allowed to go through a phase.,pass,,"Read in full: the sentence is complete and natural, the target use is understandable, and no unnecessary charged or specialist background is required for a default learner.",risk-targeted,,false
phenomenon,12150313,Scientists look to explain the phenomenon of mass beaching by whales and dolphins.,reject,obscure-background; context-too-hard,"The sentence requires obscure names, places, history, or specialist background before it can be understood. The surrounding vocabulary or technical background is substantially harder than the target word.",risk-targeted,,false
pirate,11670695,I was born on a pirate ship.,reject,fantastical-context; weak-teaching-value,Being born on a pirate ship is a playful fantastical claim that does not give pirate a reliable default-learning context.,risk-targeted,,false
pistol,12775252,She loaded her pistol with precision.,reject,violence,"The sentence adds unnecessary violence, weapons, threats, or graphic harm to a default learning context.",risk-targeted,,false
pitch,11237474,The sales pitch didn't go well.,pass,,"Read in full: the sentence is complete and natural, the target use is understandable, and no unnecessary charged or specialist background is required for a default learner.",risk-targeted,,false
plague,11603073,Unmoderated hellholes remain extremely niche sites that most people avoid like the plague.,reject,other; context-too-hard,Hellholes and avoid like the plague use hostile internet slang and an intense comparison that is not a neutral context for plague.,risk-targeted,,false
plaster,9805498,Can I travel on a plane if I have a plaster cast?,pass,,"Read in full: the sentence is complete and natural, the target use is understandable, and no unnecessary charged or specialist background is required for a default learner.",risk-targeted,,false
plateau,10162528,The panting breathless climbers were on the edge of the plateau.,pass,,"Read in full: the sentence is complete and natural, the target use is understandable, and no unnecessary charged or specialist background is required for a default learner.",risk-targeted,,false
plausible,12061522,The trick is to maintain plausible deniability.,reject,political-heavy; context-too-hard,The sentence depends on a politically charged dispute or institutional background that is unnecessary for the target word. The surrounding vocabulary or technical background is substantially harder than the target word.,risk-targeted,,false
poke,11247766,The defense attorney tried to poke a hole in the witness's story.,reject,context-too-hard,The surrounding vocabulary or technical background is substantially harder than the target word.,risk-targeted,,false
pole,11696382,"Putting his athletic skills to the test, Tom pole vaulted his way into the open second-story window.",reject,violence; unnatural-English,"The sentence adds unnecessary violence, weapons, threats, or graphic harm to a default learning context. The wording is awkward, archaic, or unnatural for a modern default teaching example.",risk-targeted,,false
polish,11252737,My mother is Jewish and my father is Polish.,reject,proper-noun-heavy; weak-teaching-value,"The target word is incidental, ambiguous, or too weakly illustrated to justify the context burden. The target word is incidental, ambiguous, or too weakly illustrated to justify the context burden.",risk-targeted,,false
pope,11561193,Why does the Pope live in a palace?,reject,religious-heavy; proper-noun-heavy,"The sentence depends on a religious controversy or background that is unnecessary for the target word. The target word is incidental, ambiguous, or too weakly illustrated to justify the context burden.",risk-targeted,,false
porch,12472073,Grackles keep coming to eat the cat food on the porch.,pass,,"Read in full: the sentence is complete and natural, the target use is understandable, and no unnecessary charged or specialist background is required for a default learner.",risk-targeted,,false
pore,10786588,"In lab experiments, when researchers blocked that pore the parasite stopped growing and eventually died.",reject,medical-heavy,The sentence makes the learner process unnecessary medical detail instead of the target word.,risk-targeted,,false
pose,12135993,Chemical fungicides offer some protection from rust diseases but they are costly and pose threats to the environment.,reject,specialist-background; context-too-hard,"Fungicides, rust diseases, and environmental threats create specialist agriculture vocabulary that overwhelms pose.",risk-targeted,,false
possess,12768666,"You possess a strength that comes not from force, but from grace.",pass,,"Read in full: the sentence is complete and natural, the target use is understandable, and no unnecessary charged or specialist background is required for a default learner.",risk-targeted,,false
poverty,11170398,Abject poverty and lack of work has led people to go to extreme measures.,reject,political-heavy,The sentence depends on a politically charged dispute or institutional background that is unnecessary for the target word.,risk-targeted,,false
precious,12289195,The most precious good is freedom.,pass,,"Read in full: the sentence is complete and natural, the target use is understandable, and no unnecessary charged or specialist background is required for a default learner.",risk-targeted,,false
preclude,11261835,But for the moment his sense of relief was so great as to preclude all other feelings.,pass,,"Read in full: the sentence is complete and natural, the target use is understandable, and no unnecessary charged or specialist background is required for a default learner.",risk-targeted,,false
predecessor,12063836,The president has promised a more austere administration than that of his predecessor.,reject,political-heavy; context-too-hard,The sentence depends on a politically charged dispute or institutional background that is unnecessary for the target word. The surrounding vocabulary or technical background is substantially harder than the target word.,risk-targeted,,false
predict,12034353,Futurists try to predict how changes in the world will impact society.,pass,,"Read in full: the sentence is complete and natural, the target use is understandable, and no unnecessary charged or specialist background is required for a default learner.",risk-targeted,,false
preliminary,12102058,"Officials say these preliminary suppositions are based upon forensic and circumstantial evidence, as well as intelligence analysis.",reject,context-too-hard,The surrounding vocabulary or technical background is substantially harder than the target word.,risk-targeted,,false
premium,12350876,How much does the premium membership cost?,pass,,"Read in full: the sentence is complete and natural, the target use is understandable, and no unnecessary charged or specialist background is required for a default learner.",risk-targeted,,false
presentation,12776907,They prepare a presentation for the team.,pass,,"Read in full: the sentence is complete and natural, the target use is understandable, and no unnecessary charged or specialist background is required for a default learner.",risk-targeted,,false
presumably,5128446,Both nocebo and placebo effects are presumably psychogenic.,reject,medical-heavy; context-too-hard,The sentence makes the learner process unnecessary medical detail instead of the target word. The surrounding vocabulary or technical background is substantially harder than the target word.,risk-targeted,,false
prevail,8120016,We wish for fraternity to prevail over discord.,pass,,"Read in full: the sentence is complete and natural, the target use is understandable, and no unnecessary charged or specialist background is required for a default learner.",risk-targeted,,false
prevalent,10164946,This issue was much more prevalent back then.,pass,,"Read in full: the sentence is complete and natural, the target use is understandable, and no unnecessary charged or specialist background is required for a default learner.",risk-targeted,,false
priest,10522568,The abusive priest was moved to a different diocese.,reject,religious-heavy,The sentence depends on a religious controversy or background that is unnecessary for the target word.,risk-targeted,,false
primarily,12125848,"Macular degeneration primarily affects Caucasian people, usually those with light colored eyes.",reject,medical-heavy; context-too-hard,The sentence makes the learner process unnecessary medical detail instead of the target word. The surrounding vocabulary or technical background is substantially harder than the target word.,risk-targeted,,false
prime,7792237,What is the largest prime number smaller than a googolplex?,reject,context-too-hard,The surrounding vocabulary or technical background is substantially harder than the target word.,risk-targeted,,false
principal,8813368,He went to all the principal cities of Europe.,reject,unnatural-English; context-too-hard,"The wording is awkward, archaic, or unnatural for a modern default teaching example. The surrounding vocabulary or technical background is substantially harder than the target word.",risk-targeted,,false
principle,8105907,Tom doesn't give money to chuggers out of principle.,reject,obscure-background,"The sentence requires obscure names, places, history, or specialist background before it can be understood.",risk-targeted,,false
priority,12766153,Has cybersecurity become a national priority?,pass,,"Read in full: the sentence is complete and natural, the target use is understandable, and no unnecessary charged or specialist background is required for a default learner.",risk-targeted,,false
privacy,11720165,"For security and privacy reasons, I don't have Facebook on my phone.",reject,proper-noun-heavy,"The target word is incidental, ambiguous, or too weakly illustrated to justify the context burden.",risk-targeted,,false
privilege,12767032,"Privacy is your right, not a privilege.",pass,,"Read in full: the sentence is complete and natural, the target use is understandable, and no unnecessary charged or specialist background is required for a default learner.",risk-targeted,,false
procedure,11248357,The procedure is called catheter ablation because it burns off a small amount of heart muscle.,reject,medical-heavy,The sentence makes the learner process unnecessary medical detail instead of the target word.,risk-targeted,,false
productivity,12777172,He seeks to improve team productivity.,pass,,"Read in full: the sentence is complete and natural, the target use is understandable, and no unnecessary charged or specialist background is required for a default learner.",risk-targeted,,false
professional,12148999,You are one of the experts in the room when you sit with a mental health professional.,reject,medical-heavy,The sentence makes the learner process unnecessary medical detail instead of the target word.,risk-targeted,,false
profitable,11822446,"As the economy faltered, his business was no longer profitable.",pass,,"Read in full: the sentence is complete and natural, the target use is understandable, and no unnecessary charged or specialist background is required for a default learner.",risk-targeted,,false
progressive,11123420,One of the effects of progressive muscle diseases like cerebral palsy is muscle stiffness.,reject,medical-heavy,The sentence makes the learner process unnecessary medical detail instead of the target word.,risk-targeted,,false
prohibit,12432138,You can't prohibit me from doing that.,pass,,"Read in full: the sentence is complete and natural, the target use is understandable, and no unnecessary charged or specialist background is required for a default learner.",risk-targeted,,false
prominent,11671162,"There are several varieties of omelettes, each named after the ingredient prominent in the composition.",pass,,"Read in full: the sentence is complete and natural, the target use is understandable, and no unnecessary charged or specialist background is required for a default learner.",risk-targeted,,false
promising,12777404,"He held her hand, promising never to let go.",pass,,"Read in full: the sentence is complete and natural, the target use is understandable, and no unnecessary charged or specialist background is required for a default learner.",risk-targeted,,false
promote,12776957,Do you promote hygiene at work?,pass,,"Read in full: the sentence is complete and natural, the target use is understandable, and no unnecessary charged or specialist background is required for a default learner.",risk-targeted,,false
prone,9316997,People are prone to believe disparaging lies about people they don't like.,reject,context-too-hard; hate,"Disparaging lies about disliked people introduces judgmental social conflict and a harder adjective, so it is not a neutral context for prone.",risk-targeted,,false
propaganda,11451337,"The ""anti-woke"" propaganda being imported into your country's media comes straight from actual fascists.",reject,extremism; political-heavy,The sentence centers propaganda and fascists in a partisan political claim.,risk-targeted,,false
prophet,11524513,"His disciples consider him a prophet, despite the former mathematics professor's almost phlegmatic demeanor.",reject,religious-heavy; context-too-hard,The sentence depends on a religious controversy or background that is unnecessary for the target word. The surrounding vocabulary or technical background is substantially harder than the target word.,risk-targeted,,false
prospect,11576413,"No peril daunts her, no prospect of fatigue or discomfort disheartens or repels her.",reject,unnatural-English; context-too-hard,"The wording is awkward, archaic, or unnatural for a modern default teaching example. The surrounding vocabulary or technical background is substantially harder than the target word.",risk-targeted,,false
prosperous,8488055,"If he were still of this world, his offspring would be prosperous.",reject,death-heavy; context-too-hard,"Of this world and offspring create a literary death euphemism with harder family vocabulary, adding background unrelated to prosperous.",risk-targeted,,false
protein,12334989,How do you get your protein?,pass,,"Read in full: the sentence is complete and natural, the target use is understandable, and no unnecessary charged or specialist background is required for a default learner.",risk-targeted,,false
protest,11807420,Nazis don't protest on the same side as actual feminists.,reject,extremism; political-heavy,The sentence centers Nazis in a partisan political comparison.,risk-targeted,,false
prototype,11017157,The test launch and landing of the starship prototype Tuesday ended in a crash for the second time since December.,pass,,"Read in full: the sentence is complete and natural, the target use is understandable, and no unnecessary charged or specialist background is required for a default learner.",risk-targeted,,false
provided,12765295,Tom provided first aid to injured civilians during the emergency.,pass,,"Read in full: the sentence is complete and natural, the target use is understandable, and no unnecessary charged or specialist background is required for a default learner.",risk-targeted,,false
provision,11035776,"A dry morsel with a quiet house, is better than plenty of provision with grumbling.",reject,unnatural-English; context-too-hard,"The wording is awkward, archaic, or unnatural for a modern default teaching example. The surrounding vocabulary or technical background is substantially harder than the target word.",risk-targeted,,false
pudding,12372699,Nasa's aerogels are made from a special silica glass gel that's been mixed to the consistency of pudding.,pass,,"Read in full: the sentence is complete and natural, the target use is understandable, and no unnecessary charged or specialist background is required for a default learner.",risk-targeted,,false
purchase,12152150,The cash register cannot be opened without a purchase.,pass,,"Read in full: the sentence is complete and natural, the target use is understandable, and no unnecessary charged or specialist background is required for a default learner.",risk-targeted,,false
purity,10998491,Bergamot oil may be tested as to its purity by mixing it with alcohol.,reject,specialist-background; context-too-hard,Testing bergamot oil purity by mixing it with alcohol is specialist chemistry detail that overwhelms purity.,risk-targeted,,false
pursuit,12342807,Tom left Boston in pursuit of greener pastures and never looked back.,pass,,"Read in full: the sentence is complete and natural, the target use is understandable, and no unnecessary charged or specialist background is required for a default learner.",risk-targeted,,false
racial,11358495,Not every racist country has the same racial classification system.,reject,hate; political-heavy,"The sentence contains an identity-based generalization, slur-adjacent framing, or hateful conflict that is not needed for teaching. The sentence depends on a politically charged dispute or institutional background that is unnecessary for the target word.",risk-targeted,,false
radiate,10841958,"Like photons from a light source, electric motors wastefully radiate magnetic energy in all directions.",pass,,"Read in full: the sentence is complete and natural, the target use is understandable, and no unnecessary charged or specialist background is required for a default learner.",risk-targeted,,false
rank,10077687,Tom rose to the rank of brigadier before retiring from the army.,reject,political-heavy; violence,"The sentence depends on a politically charged dispute or institutional background that is unnecessary for the target word. The sentence adds unnecessary violence, weapons, threats, or graphic harm to a default learning context.",risk-targeted,,false
rap,11959395,Tom challenged me to a rap battle.,reject,violence,"The sentence adds unnecessary violence, weapons, threats, or graphic harm to a default learning context.",risk-targeted,,false
rational,11537836,But how can you find rational pleasure in spinning round like a teetotum in a room of eighty degrees temperature?,reject,unnatural-English; context-too-hard,"The wording is awkward, archaic, or unnatural for a modern default teaching example. The surrounding vocabulary or technical background is substantially harder than the target word.",risk-targeted,,false
rebel,11756292,"With his scruff and his leather jacket, Tom looked like a rebel without a cause.",pass,,"Read in full: the sentence is complete and natural, the target use is understandable, and no unnecessary charged or specialist background is required for a default learner.",risk-targeted,,false
rebellion,12319714,No one told Tom about the rebellion.,reject,context-dependent,The sentence is not sufficiently standalone or leaves a key reference unresolved.,risk-targeted,,false
recall,12770999,"Now that you mention it, I recall.",reject,context-dependent,The sentence is not sufficiently standalone or leaves a key reference unresolved.,risk-targeted,,false
recede,11165121,Spain is following Italy in talking about scaling back coronavirus restrictions as its numbers start to recede.,pass,,"Read in full: the sentence is complete and natural, the target use is understandable, and no unnecessary charged or specialist background is required for a default learner.",risk-targeted,,false
receipt,10110907,I can't return the product without a receipt.,pass,,"Read in full: the sentence is complete and natural, the target use is understandable, and no unnecessary charged or specialist background is required for a default learner.",risk-targeted,,false
recession,12766071,Will the economy recover from the global recession?,pass,,"Read in full: the sentence is complete and natural, the target use is understandable, and no unnecessary charged or specialist background is required for a default learner.",risk-targeted,,false
recipe,11454957,Tom died without telling anyone his secret recipe.,reject,death-heavy; context-dependent,Dying without telling a secret makes recipe part of an unresolved death story rather than a neutral food context.,risk-targeted,,false
recite,10059733,Tom can recite the preamble to the U.S. Constitution from heart.,reject,political-heavy; obscure-background,"The sentence depends on a politically charged dispute or institutional background that is unnecessary for the target word. The sentence requires obscure names, places, history, or specialist background before it can be understood.",risk-targeted,,false
reckless,12154388,I was reckless and overly trusting.,pass,,"Read in full: the sentence is complete and natural, the target use is understandable, and no unnecessary charged or specialist background is required for a default learner.",risk-targeted,,false
reckon,10525226,I reckon he's in Boston by now.,reject,context-dependent,The sentence is not sufficiently standalone or leaves a key reference unresolved.,risk-targeted,,false
reconcile,10020643,It's best not to try to reconcile the contradictions.,pass,,"Read in full: the sentence is complete and natural, the target use is understandable, and no unnecessary charged or specialist background is required for a default learner.",risk-targeted,,false
recreation,13282982,We loitered among the flowers in a digital recreation of the hanging gardens of Babylon.,reject,obscure-background; context-too-hard,"The sentence requires obscure names, places, history, or specialist background before it can be understood. The surrounding vocabulary or technical background is substantially harder than the target word.",risk-targeted,,false
redundant,10723392,Our redundant infrastructure ensures the highest levels of service availability.,reject,context-too-hard; specialist-background,Redundant infrastructure and service availability are IT operations jargon that is substantially harder than redundant.,risk-targeted,,false
reel,10164893,I only watched the highlight reel.,pass,,"Read in full: the sentence is complete and natural, the target use is understandable, and no unnecessary charged or specialist background is required for a default learner.",risk-targeted,,false
referee,11899535,Neither the referee nor linesman saw the ball cross the goal line.,pass,,"Read in full: the sentence is complete and natural, the target use is understandable, and no unnecessary charged or specialist background is required for a default learner.",risk-targeted,,false
reform,11944748,It's not so much a judicial reform as the effective abolition of the independent judiciary.,reject,political-heavy,The sentence depends on a politically charged dispute or institutional background that is unnecessary for the target word.,risk-targeted,,false
refrain,8246720,Jews refrain from proselytizing and even discourage others from converting.,reject,religious-heavy,The sentence depends on a religious controversy or background that is unnecessary for the target word.,risk-targeted,,false
refusal,10790674,Refusal to comply will be met with swift punishment.,reject,violence,"The sentence adds unnecessary violence, weapons, threats, or graphic harm to a default learning context.",risk-targeted,,false
refute,11986639,It is much harder to refute a lie than to tell one.,pass,,"Read in full: the sentence is complete and natural, the target use is understandable, and no unnecessary charged or specialist background is required for a default learner.",risk-targeted,,false
regime,12381084,The people are determined to topple the regime at any cost.,reject,political-heavy; violence,"The sentence depends on a politically charged dispute or institutional background that is unnecessary for the target word. The sentence adds unnecessary violence, weapons, threats, or graphic harm to a default learning context.",risk-targeted,,false
region,11462415,Collateral damage caused by the strikes is fueling militancy in the region.,reject,violence; political-heavy,"The sentence adds unnecessary violence, weapons, threats, or graphic harm to a default learning context. The sentence depends on a politically charged dispute or institutional background that is unnecessary for the target word.",risk-targeted,,false
regulation,10781042,The President shall promulgate a regulation providing for the mandatory allocation of crude oil.,reject,political-heavy; context-too-hard,The sentence depends on a politically charged dispute or institutional background that is unnecessary for the target word. The surrounding vocabulary or technical background is substantially harder than the target word.,risk-targeted,,false
reject,11621317,Tom rejected Mary before she could reject him.,pass,,"Read in full: the sentence is complete and natural, the target use is understandable, and no unnecessary charged or specialist background is required for a default learner.",risk-targeted,,false
relative,11091007,I'm not sure if that qualifies as relative tense.,reject,context-too-hard,The surrounding vocabulary or technical background is substantially harder than the target word.,risk-targeted,,false
release,11260218,The prisoner died of natural causes one day before his scheduled release.,reject,death-heavy; context-dependent,A prisoner dying before release adds an unnecessary death narrative and leaves the emotional situation unsuitable for default learning.,risk-targeted,,false
relevant,12354333,Deleting comments that are no longer relevant is not transparent.,pass,,"Read in full: the sentence is complete and natural, the target use is understandable, and no unnecessary charged or specialist background is required for a default learner.",risk-targeted,,false
relief,12765224,Mary played a key role in the volunteer emergency relief team.,pass,,"Read in full: the sentence is complete and natural, the target use is understandable, and no unnecessary charged or specialist background is required for a default learner.",risk-targeted,,false
religion,6036927,Science flies you to the moon. Religion flies you into buildings.,reject,religious-heavy; violence,"The sentence depends on a religious controversy or background that is unnecessary for the target word. The sentence adds unnecessary violence, weapons, threats, or graphic harm to a default learning context.",risk-targeted,,false
religious,12113797,Public religious worship was not allowed under the atheistic communist state.,reject,religious-heavy; political-heavy,The sentence depends on a religious controversy or background that is unnecessary for the target word. The sentence depends on a politically charged dispute or institutional background that is unnecessary for the target word.,risk-targeted,,false
rely,11242378,Antisemitic conspiracy theories rely on the myth of Jewish unity.,reject,hate,"The sentence contains an identity-based generalization, slur-adjacent framing, or hateful conflict that is not needed for teaching.",risk-targeted,,false
renaissance,12777330,She studies the symbolism in Renaissance art.,pass,,"Read in full: the sentence is complete and natural, the target use is understandable, and no unnecessary charged or specialist background is required for a default learner.",risk-targeted,,false
render,10802144,A new material might be strong enough to render even an armor-piercing bullet harmless.,reject,violence,"The sentence adds unnecessary violence, weapons, threats, or graphic harm to a default learning context.",risk-targeted,,false
repay,9766892,He gave him a delay to repay him what he loaned him.,reject,unnatural-English,"The wording is awkward, archaic, or unnatural for a modern default teaching example.",risk-targeted,,false
resent,12095704,I resent your implication that I am engaged to you only because of your money.,pass,,"Read in full: the sentence is complete and natural, the target use is understandable, and no unnecessary charged or specialist background is required for a default learner.",risk-targeted,,false
reserve,10478490,I'm going to have to reserve judgment on account of the paucity of information related to the subject.,reject,context-too-hard,The surrounding vocabulary or technical background is substantially harder than the target word.,risk-targeted,,false
resistant,11156257,Yellow or stripe rust has been in the region for many years but was contained by using certain resistant crops.,reject,specialist-background; context-too-hard,"Stripe rust, crops, and regional containment are specialist agriculture terms that overwhelm resistant.",risk-targeted,,false
resort,12764689,The resort had everything they needed for a perfect vacation.,pass,,"Read in full: the sentence is complete and natural, the target use is understandable, and no unnecessary charged or specialist background is required for a default learner.",risk-targeted,,false
respective,12338125,Our respective favorite shows are doing a crossover episode.,pass,,"Read in full: the sentence is complete and natural, the target use is understandable, and no unnecessary charged or specialist background is required for a default learner.",risk-targeted,,false
restore,12765277,They joined the effort to restore order after the natural disaster.,pass,,"Read in full: the sentence is complete and natural, the target use is understandable, and no unnecessary charged or specialist background is required for a default learner.",risk-targeted,,false
restrain,11017570,I resigned myself to restrain my feelings.,reject,unnatural-English,"The wording is awkward, archaic, or unnatural for a modern default teaching example.",risk-targeted,,false
resume,10087374,I've made some changes to my resume.,pass,,"Read in full: the sentence is complete and natural, the target use is understandable, and no unnecessary charged or specialist background is required for a default learner.",risk-targeted,,false
retention,12777177,She works on employee retention strategies.,pass,,"Read in full: the sentence is complete and natural, the target use is understandable, and no unnecessary charged or specialist background is required for a default learner.",risk-targeted,,false
reunion,8594152,Tom brought his husband to the family reunion.,pass,,"Read in full: the sentence is complete and natural, the target use is understandable, and no unnecessary charged or specialist background is required for a default learner.",risk-targeted,,false
revelation,10545401,It's not a particularly brilliant revelation of mine.,pass,,"Read in full: the sentence is complete and natural, the target use is understandable, and no unnecessary charged or specialist background is required for a default learner.",risk-targeted,,false
revenge,8237500,Those who are stung by wasps take their revenge on grasshoppers.,pass,,"Read in full: the sentence is complete and natural, the target use is understandable, and no unnecessary charged or specialist background is required for a default learner.",risk-targeted,,false
reverse,11919032,Adrenochrome doesn't reverse the aging process.,reject,obscure-background,"The sentence requires obscure names, places, history, or specialist background before it can be understood.",risk-targeted,,false
revive,12113816,"But now there's work afoot to revive many of these dead languages, and not just for sheer academic pleasure.",pass,,"Read in full: the sentence is complete and natural, the target use is understandable, and no unnecessary charged or specialist background is required for a default learner.",risk-targeted,,false
revolutionary,9267873,Lenin is not comparable to any revolutionary figure in history. Revolutionaries have had ideals. Lenin has none.,reject,political-heavy; context-too-hard,The sentence depends on a politically charged dispute or institutional background that is unnecessary for the target word. The surrounding vocabulary or technical background is substantially harder than the target word.,risk-targeted,,false
ridiculous,13420208,I sound ridiculous whenever I try speaking Danish.,pass,,"Read in full: the sentence is complete and natural, the target use is understandable, and no unnecessary charged or specialist background is required for a default learner.",risk-targeted,,false
ritual,12768381,Tom's beauty routine is part of his self-care ritual.,pass,,"Read in full: the sentence is complete and natural, the target use is understandable, and no unnecessary charged or specialist background is required for a default learner.",risk-targeted,,false
rivalry,10162430,There's a rivalry between our schools.,pass,,"Read in full: the sentence is complete and natural, the target use is understandable, and no unnecessary charged or specialist background is required for a default learner.",risk-targeted,,false
robust,10722131,The software is extremely robust and full-featured.,pass,,"Read in full: the sentence is complete and natural, the target use is understandable, and no unnecessary charged or specialist background is required for a default learner.",risk-targeted,,false
romance,10169884,French is a Romance language and English is a Germanic language.,reject,context-too-hard; rare-sense,Romance and Germanic language classifications are specialist linguistic senses that make romance less accessible as a default example.,risk-targeted,,false
royalty,11748267,Royalty is one of the world's biggest grifts.,reject,political-heavy,The sentence depends on a politically charged dispute or institutional background that is unnecessary for the target word.,risk-targeted,,false
sacrifice,10228651,Ancient Carthaginians engaged in child sacrifice.,reject,violence; religious-heavy,The sentence describes child sacrifice.,risk-targeted,,true
sake,12768629,"We seek knowledge not for its own sake, but for wisdom.",pass,,"Read in full: the sentence is complete and natural, the target use is understandable, and no unnecessary charged or specialist background is required for a default learner.",risk-targeted,,false
savage,11319213,Savage says her idea to row across the Atlantic would embody those values.,reject,proper-noun-heavy,"The target word is incidental, ambiguous, or too weakly illustrated to justify the context burden.",risk-targeted,,false
scale,11928545,"History is being repeated, but on a far vaster scale.",pass,,"Read in full: the sentence is complete and natural, the target use is understandable, and no unnecessary charged or specialist background is required for a default learner.",risk-targeted,,false
scan,12262029,How do you scan French poetry?,pass,,"Read in full: the sentence is complete and natural, the target use is understandable, and no unnecessary charged or specialist background is required for a default learner.",risk-targeted,,false
schedule,10101905,I'm still trying to sort my schedule out.,pass,,"Read in full: the sentence is complete and natural, the target use is understandable, and no unnecessary charged or specialist background is required for a default learner.",risk-targeted,,false
score,11229121,Tom's credit score isn't very good.,pass,,"Read in full: the sentence is complete and natural, the target use is understandable, and no unnecessary charged or specialist background is required for a default learner.",risk-targeted,,false
scrap,8781948,You are like someone who builds a house from scrap lumber.,pass,,"Read in full: the sentence is complete and natural, the target use is understandable, and no unnecessary charged or specialist background is required for a default learner.",risk-targeted,,false
scratch,11448803,What are the symptoms of cat scratch fever?,pass,,"Read in full: the sentence is complete and natural, the target use is understandable, and no unnecessary charged or specialist background is required for a default learner.",risk-targeted,,false
scrub,11824186,The air quality gets noticeably worse as winter approaches and farmers clear their fields by burning scrub.,pass,,"Read in full: the sentence is complete and natural, the target use is understandable, and no unnecessary charged or specialist background is required for a default learner.",risk-targeted,,false
seemingly,11027274,Her seemingly generous actions turned out to be motivated purely by profit.,pass,,"Read in full: the sentence is complete and natural, the target use is understandable, and no unnecessary charged or specialist background is required for a default learner.",risk-targeted,,false
segment,11464741,Farmers raising alpacas for their fleece are a growing segment of the U.S. agriculture industry.,reject,specialist-background; proper-noun-heavy; context-too-hard,"Alpaca fleece, U.S. agriculture, and industry create specialist and acronym load that overwhelms segment.",risk-targeted,,false
semester,10116588,My last undergraduate semester is over.,pass,,"Read in full: the sentence is complete and natural, the target use is understandable, and no unnecessary charged or specialist background is required for a default learner.",risk-targeted,,false
senator,10005713,I intend to juxtapose Senator Jackson's words and his actions in this supercut.,reject,political-heavy; proper-noun-heavy,"The sentence depends on a politically charged dispute or institutional background that is unnecessary for the target word. The target word is incidental, ambiguous, or too weakly illustrated to justify the context burden.",risk-targeted,,false
sensible,11074656,I wish these pious people had reached more sensible conclusions.,reject,religious-heavy,The sentence depends on a religious controversy or background that is unnecessary for the target word.,risk-targeted,,false
setback,12776199,He sees opportunity in every setback.,pass,,"Read in full: the sentence is complete and natural, the target use is understandable, and no unnecessary charged or specialist background is required for a default learner.",risk-targeted,,false
shaft,10762622,Tom fell down an elevator shaft.,pass,,"Read in full: the sentence is complete and natural, the target use is understandable, and no unnecessary charged or specialist background is required for a default learner.",risk-targeted,,false
shark,11330720,The loan shark threatened to break Tom's kneecaps.,reject,violence,"The sentence adds unnecessary violence, weapons, threats, or graphic harm to a default learning context.",risk-targeted,,false
shatter,11478878,I stopped by the weed store and got us some more shatter.,reject,medical-heavy,The sentence makes the learner process unnecessary medical detail instead of the target word.,risk-targeted,,false
shed,10806882,The registered dietitian says she's noticed that her clients now want to do more than just shed a few pounds.,pass,,"Read in full: the sentence is complete and natural, the target use is understandable, and no unnecessary charged or specialist background is required for a default learner.",risk-targeted,,false
sheer,9995314,The sheer volume of disinformation is difficult to rebut.,reject,political-heavy,The sentence depends on a politically charged dispute or institutional background that is unnecessary for the target word.,risk-targeted,,false
shield,10654590,The shield you're looking for is in the crypt.,pass,,"Read in full: the sentence is complete and natural, the target use is understandable, and no unnecessary charged or specialist background is required for a default learner.",risk-targeted,,false
signal,11166812,Tom changed lanes without using his turn signal.,pass,,"Read in full: the sentence is complete and natural, the target use is understandable, and no unnecessary charged or specialist background is required for a default learner.",risk-targeted,,false
silicon,11845619,Silicon Valley CEOs are a uniquely psychopathic and parasitic bunch.,reject,public-controversy,"The target word is incidental, ambiguous, or too weakly illustrated to justify the context burden.",risk-targeted,,false
similar,12411756,Pollock's early works are similar to his teacher's kind of painting.,reject,proper-noun-heavy; context-too-hard,"The target word is incidental, ambiguous, or too weakly illustrated to justify the context burden. The surrounding vocabulary or technical background is substantially harder than the target word.",risk-targeted,,false
skeptical,10154439,"There is a physical reality, but we must be skeptical of our knowledge of it.",pass,,"Read in full: the sentence is complete and natural, the target use is understandable, and no unnecessary charged or specialist background is required for a default learner.",risk-targeted,,false
skull,10724631,Her head was shaved and secured in a three-pronged skull clamp.,reject,medical-heavy,The sentence makes the learner process unnecessary medical detail instead of the target word.,risk-targeted,,false
slap,10946919,"I had completely forgotten that story. And finally, it's as if I had been awakened by a masterful slap!",reject,violence,"The sentence adds unnecessary violence, weapons, threats, or graphic harm to a default learning context.",risk-targeted,,false
slash,12419034,Tom returned that night to slash his neighbor's tires.,reject,violence,"The sentence adds unnecessary violence, weapons, threats, or graphic harm to a default learning context.",risk-targeted,,false
slaughter,8114983,Algerians slaughter their sheep on the day of Eid in front of their children.,reject,violence; religious-heavy,The sentence describes slaughtering animals in front of children as a religious practice.,risk-targeted,,false
slice,12127432,She brought him a slice of cake and a glass of eggnog.,pass,,"Read in full: the sentence is complete and natural, the target use is understandable, and no unnecessary charged or specialist background is required for a default learner.",risk-targeted,,false
slide,10834344,I'll let it slide this time.,pass,,"Read in full: the sentence is complete and natural, the target use is understandable, and no unnecessary charged or specialist background is required for a default learner.",risk-targeted,,false
slip,11955555,"They were trying their darndest to act natural, but once in a while one of them would slip.",reject,unnatural-English,"The wording is awkward, archaic, or unnatural for a modern default teaching example.",risk-targeted,,false
slippery,11663738,Patricia's car skidded on a slippery spot on the road and spun completely around twice.,pass,,"Read in full: the sentence is complete and natural, the target use is understandable, and no unnecessary charged or specialist background is required for a default learner.",risk-targeted,,false
smash,8289410,Smash the boiled pumpkin pieces then add some salt and spices.,pass,,"Read in full: the sentence is complete and natural, the target use is understandable, and no unnecessary charged or specialist background is required for a default learner.",risk-targeted,,false
sneak,12381078,Tom was caught trying to sneak contraband into the prison.,reject,violence; context-too-hard,Sneaking contraband into prison adds crime and institutional background that is unnecessary for the basic verb sneak.,risk-targeted,,false
sophisticated,11233283,"These early hominids hunted for food, cooked meat over fires and crafted a sophisticated array of flint tools.",reject,specialist-background; context-too-hard,"Hominids and flint tools are specialist anthropology terms, so sophisticated is surrounded by vocabulary harder than the target.",risk-targeted,,false
sour,12432377,Sour cream and onion is my favorite potato chip flavor.,pass,,"Read in full: the sentence is complete and natural, the target use is understandable, and no unnecessary charged or specialist background is required for a default learner.",risk-targeted,,false
sparkle,12776651,He noticed the sparkle in her eyes.,pass,,"Read in full: the sentence is complete and natural, the target use is understandable, and no unnecessary charged or specialist background is required for a default learner.",risk-targeted,,false
specialist,12765265,Mary joined the space program as a mission specialist.,pass,,"Read in full: the sentence is complete and natural, the target use is understandable, and no unnecessary charged or specialist background is required for a default learner.",risk-targeted,,false
specialty,9813893,You know that I now have made hijacking my specialty.,reject,violence,"The sentence adds unnecessary violence, weapons, threats, or graphic harm to a default learning context.",risk-targeted,,false
specific,9935723,Some birds migrate to roost during specific seasons.,pass,,"Read in full: the sentence is complete and natural, the target use is understandable, and no unnecessary charged or specialist background is required for a default learner.",risk-targeted,,false
spectator,11989297,The position of being holier than thou is really easy to take when you are a spectator.,reject,context-too-hard,The surrounding vocabulary or technical background is substantially harder than the target word.,risk-targeted,,false
spectrum,10428172,I think I'm on the ace spectrum.,pass,,"Read in full: the sentence is complete and natural, the target use is understandable, and no unnecessary charged or specialist background is required for a default learner.",risk-targeted,,false
speculate,12188991,"What could I do other than speculate as to your motives, when you didn't tell me them?",reject,syntax-too-complex; context-dependent,"The long question nests motives, withholding information, and a comparison clause, so speculate is harder to process than necessary.",risk-targeted,,false
spice,9942974,Tom bought a new kind of pasta from the store to spice things up a bit.,pass,,"Read in full: the sentence is complete and natural, the target use is understandable, and no unnecessary charged or specialist background is required for a default learner.",risk-targeted,,false
spine,12190656,"The backrest should conform to the natural curvature of your spine, and provide adequate lumbar support.",reject,medical-heavy,The sentence makes the learner process unnecessary medical detail instead of the target word.,risk-targeted,,false
spoil,11327471,"Successive owners have tinkered the place since then, but they cannot quite spoil it.",reject,unnatural-English,"The wording is awkward, archaic, or unnatural for a modern default teaching example.",risk-targeted,,false
sponge,11032606,Could you pass me that sponge?,pass,,"Read in full: the sentence is complete and natural, the target use is understandable, and no unnecessary charged or specialist background is required for a default learner.",risk-targeted,,false
spontaneous,6121835,Tom has to perform elaborate rituals to alleviate his fear of spontaneous combustion.,reject,medical-heavy; context-too-hard,The sentence makes the learner process unnecessary medical detail instead of the target word. The surrounding vocabulary or technical background is substantially harder than the target word.,risk-targeted,,false
stab,13035646,"It's a bit rude to stab a stranger in the leg, don't you think?",reject,violence,The sentence contains unnecessary interpersonal stabbing.,risk-targeted,,true
stability,12765327,They fought to maintain peace and stability in the galaxy.,pass,,"Read in full: the sentence is complete and natural, the target use is understandable, and no unnecessary charged or specialist background is required for a default learner.",risk-targeted,,false
stable,12766046,Are global relations more stable now?,pass,,"Read in full: the sentence is complete and natural, the target use is understandable, and no unnecessary charged or specialist background is required for a default learner.",risk-targeted,,false
stagger,10059774,The march toward progress is really more of a haphazard stagger.,pass,,"Read in full: the sentence is complete and natural, the target use is understandable, and no unnecessary charged or specialist background is required for a default learner.",risk-targeted,,false
stalk,10371291,There's a website where people stalk Tom obsessively.,reject,violence,"The sentence adds unnecessary violence, weapons, threats, or graphic harm to a default learning context.",risk-targeted,,false
standpoint,9805551,What do you feel are the negative or restrictive aspects of medicine from a professional standpoint?,reject,medical-heavy; context-too-hard,The sentence makes the learner process unnecessary medical detail instead of the target word. The surrounding vocabulary or technical background is substantially harder than the target word.,risk-targeted,,false
staple,10722091,Staple a note on the bag that says it's your lunch.,pass,,"Read in full: the sentence is complete and natural, the target use is understandable, and no unnecessary charged or specialist background is required for a default learner.",risk-targeted,,false
statement,12421874,"Tom was given the opportunity to retract his statement, but he chose not to.",pass,,"Read in full: the sentence is complete and natural, the target use is understandable, and no unnecessary charged or specialist background is required for a default learner.",risk-targeted,,false
stereo,12071337,"I had never been in a recording studio. At that time, we didn't have stereo. Everything was mono.",pass,,"Read in full: the sentence is complete and natural, the target use is understandable, and no unnecessary charged or specialist background is required for a default learner.",risk-targeted,,false
stern,9835515,Yair Stern was a terrible person and a traitor.,reject,political-heavy; proper-noun-heavy,"The sentence depends on a politically charged dispute or institutional background that is unnecessary for the target word. The target word is incidental, ambiguous, or too weakly illustrated to justify the context burden.",risk-targeted,,false
sticky,11545071,When flaxseeds are wet they become very sticky on the outside.,pass,,"Read in full: the sentence is complete and natural, the target use is understandable, and no unnecessary charged or specialist background is required for a default learner.",risk-targeted,,false
strategy,12100782,Europe is devising a strategy to prevent water-borne diseases.,pass,,"Read in full: the sentence is complete and natural, the target use is understandable, and no unnecessary charged or specialist background is required for a default learner.",risk-targeted,,false
stray,10511609,A skunk ate the food we left out for the stray cats.,pass,,"Read in full: the sentence is complete and natural, the target use is understandable, and no unnecessary charged or specialist background is required for a default learner.",risk-targeted,,false
streak,10792912,I don't want to lose my streak.,pass,,"Read in full: the sentence is complete and natural, the target use is understandable, and no unnecessary charged or specialist background is required for a default learner.",risk-targeted,,false
stream,11700302,My stream of consciousness is more like a waterfall in a windstorm.,pass,,"Read in full: the sentence is complete and natural, the target use is understandable, and no unnecessary charged or specialist background is required for a default learner.",risk-targeted,,false
stroke,10792517,"Older adults may develop epilepsy because of an infection, stroke or Alzheimer's disease.",reject,medical-heavy,The sentence makes the learner process unnecessary medical detail instead of the target word.,risk-targeted,,false
sturdy,12267079,Their characteristic waddle and playful appearance make these sturdy marsupials one of the country's most endearing native creatures.,pass,,"Read in full: the sentence is complete and natural, the target use is understandable, and no unnecessary charged or specialist background is required for a default learner.",risk-targeted,,false
substance,11524508,"All the naughts in the universe are equal to one naught alone, in regard to their substance and value.",reject,context-too-hard; unnatural-English,"The surrounding vocabulary or technical background is substantially harder than the target word. The wording is awkward, archaic, or unnatural for a modern default teaching example.",risk-targeted,,false
suburb,9090592,He wouldn't know a suburb unless he took a wrong turn.,reject,context-dependent; weak-teaching-value,The wrong-turn joke provides no concrete explanation of suburb and makes the target depend on an odd negative characterization.,risk-targeted,,false
successive,11327471,"Successive owners have tinkered the place since then, but they cannot quite spoil it.",reject,unnatural-English,"The wording is awkward, archaic, or unnatural for a modern default teaching example.",risk-targeted,,false
sue,11764741,We're going to sue your pants off!,reject,unnatural-English; weak-teaching-value,"Sue your pants off is an informal threat-like idiom, not a clear neutral example of sue's ordinary legal meaning.",risk-targeted,,false
suffice,10056966,Suffice to say it was a horrible night.,reject,context-dependent; weak-teaching-value,"Suffice to say is a formulaic discourse fragment followed by an unexplained horrible night, so the target is not taught standalone.",risk-targeted,,false
sufficient,8893819,Awareness is necessary but not sufficient.,pass,,"Read in full: the sentence is complete and natural, the target use is understandable, and no unnecessary charged or specialist background is required for a default learner.",risk-targeted,,false
summit,10820417,It has been dubbed the summit of gloom.,reject,weak-teaching-value,"The target word is incidental, ambiguous, or too weakly illustrated to justify the context burden.",risk-targeted,,false
summon,9669228,"Be careful when writing in Latin, or you might summon a demon.",reject,religious-heavy,The sentence depends on a religious controversy or background that is unnecessary for the target word.,risk-targeted,,false
superintendent,11657381,"She's been matron and acting superintendent ever since the hospital was opened, five years ago.",reject,medical-heavy; context-too-hard,The sentence makes the learner process unnecessary medical detail instead of the target word. The surrounding vocabulary or technical background is substantially harder than the target word.,risk-targeted,,false
superior,10211301,No language is superior to any other.,pass,,"Read in full: the sentence is complete and natural, the target use is understandable, and no unnecessary charged or specialist background is required for a default learner.",risk-targeted,,false
supreme,11980668,Why are white supremacists always the least supreme whites?,reject,hate,"The sentence contains an identity-based generalization, slur-adjacent framing, or hateful conflict that is not needed for teaching.",risk-targeted,,false
surgeon,12381011,The surgeon reached for the scalpel.,pass,,"Read in full: the sentence is complete and natural, the target use is understandable, and no unnecessary charged or specialist background is required for a default learner.",risk-targeted,,false
surgery,11470747,Knee replacement surgery has over ten times the regret rate of trans surgeries.,reject,medical-heavy; political-heavy,The sentence makes the learner process unnecessary medical detail instead of the target word. The sentence depends on a politically charged dispute or institutional background that is unnecessary for the target word.,risk-targeted,,false
sustain,12766110,Can the island sustain itself without trade?,pass,,"Read in full: the sentence is complete and natural, the target use is understandable, and no unnecessary charged or specialist background is required for a default learner.",risk-targeted,,false
swamp,10545400,I don't mean to swamp you.,pass,,"Read in full: the sentence is complete and natural, the target use is understandable, and no unnecessary charged or specialist background is required for a default learner.",risk-targeted,,false
swap,11462432,A last-minute snag forced the cancellation of a prisoner swap.,reject,public-controversy; political-heavy,"A prisoner swap depends on conflict and political negotiation, making swap part of a charged context rather than an ordinary exchange.",risk-targeted,,false
symmetry,11233291,"The new elements also provide a certain symmetry to the periodic table, filling out the seventh row of the chart.",pass,,"Read in full: the sentence is complete and natural, the target use is understandable, and no unnecessary charged or specialist background is required for a default learner.",risk-targeted,,false
sympathy,12093688,There were expressions of revulsion at what happened and sympathy expressed for the victims and their families.,reject,context-dependent,The sentence is not sufficiently standalone or leaves a key reference unresolved.,risk-targeted,,false
symphony,12768596,They moved with the elegance of a well-rehearsed symphony.,pass,,"Read in full: the sentence is complete and natural, the target use is understandable, and no unnecessary charged or specialist background is required for a default learner.",risk-targeted,,false
symposium,12272801,Tom is attending a writers' symposium in Boston.,pass,,"Read in full: the sentence is complete and natural, the target use is understandable, and no unnecessary charged or specialist background is required for a default learner.",risk-targeted,,false
syndrome,8033451,Asperger syndrome is a form of autism.,reject,medical-heavy,The sentence makes the learner process unnecessary medical detail instead of the target word.,risk-targeted,,false
tame,11900714,Tom is going to teach me to tame dragons.,reject,fantastical-context; weak-teaching-value,Teaching someone to tame dragons is a fantasy premise and does not provide a normal default-learning context for tame.,risk-targeted,,false
tariff,11739145,The four pacts include simplification of visa and customs rules to boost trade and reduce tariff barriers.,reject,political-heavy; context-too-hard,The sentence is dense trade-policy news language with several unrelated institutional terms.,risk-targeted,,false
tedious,8813364,From infancy to manhood is rather a tedious period.,pass,,"Read in full: the sentence is complete and natural, the target use is understandable, and no unnecessary charged or specialist background is required for a default learner.",risk-targeted,,false
temper,10134801,"Tom said this with trepidation, knowing Mary's temper.",pass,,"Read in full: the sentence is complete and natural, the target use is understandable, and no unnecessary charged or specialist background is required for a default learner.",risk-targeted,,false
tenant,12120034,"Cotula has also studied other business models that involve collaboration with smallholders, including tenant farming and sharecropping.",pass,,"Read in full: the sentence is complete and natural, the target use is understandable, and no unnecessary charged or specialist background is required for a default learner.",risk-targeted,,false
terminate,11313255,The bill approved by the opposition-controlled upper house of parliament aims to terminate that special law.,reject,political-heavy,The sentence depends on a politically charged dispute or institutional background that is unnecessary for the target word.,risk-targeted,,false
territory,6543413,Palestine has the indisputable right to defend its territory.,reject,political-heavy,The sentence depends on a politically charged dispute or institutional background that is unnecessary for the target word.,risk-targeted,,false
testify,10031121,Is Tom going to testify against John?,pass,,"Read in full: the sentence is complete and natural, the target use is understandable, and no unnecessary charged or specialist background is required for a default learner.",risk-targeted,,false
testimony,11183810,Tom's testimony cast serious doubt on the verity of John's account.,reject,context-too-hard,The surrounding vocabulary or technical background is substantially harder than the target word.,risk-targeted,,false
therefore,10775728,I therefore admonish you to give the defendant the benefit of every reasonable doubt.,reject,context-too-hard,The surrounding vocabulary or technical background is substantially harder than the target word.,risk-targeted,,false
thorn,11172870,It is the thorn that you will have disdained that may sting you.,reject,unnatural-English; context-too-hard,"The wording is awkward, archaic, or unnatural for a modern default teaching example. The surrounding vocabulary or technical background is substantially harder than the target word.",risk-targeted,,false
thrive,12768044,Tom's exploration of sustainable farming techniques has helped his garden thrive.,pass,,"Read in full: the sentence is complete and natural, the target use is understandable, and no unnecessary charged or specialist background is required for a default learner.",risk-targeted,,false
tick,12112952,Cookie has a tick on her forehead.,pass,,"Read in full: the sentence is complete and natural, the target use is understandable, and no unnecessary charged or specialist background is required for a default learner.",risk-targeted,,false
timid,11477339,"Jude continued his walk homeward alone, pondering so deeply that he forgot to feel timid.",reject,unnatural-English; context-too-hard,"The wording is awkward, archaic, or unnatural for a modern default teaching example. The surrounding vocabulary or technical background is substantially harder than the target word.",risk-targeted,,false
tolerant,9519161,Absolute tolerance is ruinous to a tolerant society.,reject,political-heavy,The sentence depends on a politically charged dispute or institutional background that is unnecessary for the target word.,risk-targeted,,false
toxic,12765083,Pollution had turned the rivers into toxic waste.,pass,,"Read in full: the sentence is complete and natural, the target use is understandable, and no unnecessary charged or specialist background is required for a default learner.",risk-targeted,,false
trademark,11466947,Trademark protection extends only to national borders.,pass,,"Read in full: the sentence is complete and natural, the target use is understandable, and no unnecessary charged or specialist background is required for a default learner.",risk-targeted,,false
tragic,10147283,It was a really tragic story.,reject,weak-teaching-value,"The target word is incidental, ambiguous, or too weakly illustrated to justify the context burden.",risk-targeted,,false
transcend,12777822,Are we bound by time or do we transcend it?,reject,weak-teaching-value,"The target word is incidental, ambiguous, or too weakly illustrated to justify the context burden.",risk-targeted,,false
transistor,11127990,They said the smallest transistor currently used in a computer is ninety nanometers.,pass,,"Read in full: the sentence is complete and natural, the target use is understandable, and no unnecessary charged or specialist background is required for a default learner.",risk-targeted,,false
transition,10338411,It's time to transition to a gift economy.,reject,political-heavy; context-too-hard,Transitioning to a gift economy introduces a political-economic concept that is harder than transition and not needed for it.,risk-targeted,,false
transmission,11671205,The guidance said the health benefits of breastfeeding newborns outweighs any potential mother-to-child transmission risk.,reject,medical-heavy,The sentence makes the learner process unnecessary medical detail instead of the target word.,risk-targeted,,false
transport,9805336,How do I organise transport to and from hospital?,pass,,"Read in full: the sentence is complete and natural, the target use is understandable, and no unnecessary charged or specialist background is required for a default learner.",risk-targeted,,false
traverse,11747101,She says trucks are unable to traverse the treacherously narrow roads.,pass,,"Read in full: the sentence is complete and natural, the target use is understandable, and no unnecessary charged or specialist background is required for a default learner.",risk-targeted,,false
treaty,11644990,Ratification of the treaty by all parties is required before it can go into effect.,pass,,"Read in full: the sentence is complete and natural, the target use is understandable, and no unnecessary charged or specialist background is required for a default learner.",risk-targeted,,false
tremendous,10126629,Psychiatric abuse is still a tremendous problem.,reject,medical-heavy,The sentence makes the learner process unnecessary medical detail instead of the target word.,risk-targeted,,false
trend,11111945,"The gap between the rich and poor widens, and it is a concerning trend.",pass,,"Read in full: the sentence is complete and natural, the target use is understandable, and no unnecessary charged or specialist background is required for a default learner.",risk-targeted,,false
trial,8257498,George W. Bush should stand trial for war crimes and crimes against humanity.,reject,public-controversy; political-heavy,"The target word is incidental, ambiguous, or too weakly illustrated to justify the context burden. The sentence depends on a politically charged dispute or institutional background that is unnecessary for the target word.",risk-targeted,,false
tribe,10627733,Sufferance is the badge of all our tribe.,reject,context-too-hard; unnatural-English,"The surrounding vocabulary or technical background is substantially harder than the target word. The wording is awkward, archaic, or unnatural for a modern default teaching example.",risk-targeted,,false
tribute,8530287,Aviva plays in a Mastodon tribute band.,reject,proper-noun-heavy; context-too-hard,"The target word is incidental, ambiguous, or too weakly illustrated to justify the context burden. The surrounding vocabulary or technical background is substantially harder than the target word.",risk-targeted,,false
trigger,10478487,Hallucinogen use can trigger certain psychiatric conditions in people with a predisposition to them.,reject,medical-heavy; context-too-hard,"Hallucinogens, psychiatric conditions, and predisposition are specialist medical terms that make trigger unsuitable as a default context.",risk-targeted,,false
triple,11584153,Tom was born on third base and thinks he hit a triple.,pass,,"Read in full: the sentence is complete and natural, the target use is understandable, and no unnecessary charged or specialist background is required for a default learner.",risk-targeted,,false
triumph,12777581,Does good always triumph over evil?,pass,,"Read in full: the sentence is complete and natural, the target use is understandable, and no unnecessary charged or specialist background is required for a default learner.",risk-targeted,,false
tunnel,12381075,The tunnel was used to smuggle contraband across the border.,reject,political-heavy; violence; context-too-hard,Smuggling contraband across a border combines crime and immigration-policy background that overwhelms tunnel.,risk-targeted,,false
turbulent,12769149,His wisdom is the anchor in turbulent seas.,pass,,"Read in full: the sentence is complete and natural, the target use is understandable, and no unnecessary charged or specialist background is required for a default learner.",risk-targeted,,false
ultraviolet,10926033,The ultraviolet light disinfects wastewater so completely that bacteria and other harmful microorganisms cannot grow.,pass,,"Read in full: the sentence is complete and natural, the target use is understandable, and no unnecessary charged or specialist background is required for a default learner.",risk-targeted,,false
unanimous,12026557,Mouths were too full for utterance but there was a unanimous bobbing of heads.,pass,,"Read in full: the sentence is complete and natural, the target use is understandable, and no unnecessary charged or specialist background is required for a default learner.",risk-targeted,,false
undermine,10096145,Lysenko believed that modern genetics was a Western imperialist plot designed to undermine Russia.,reject,political-heavy; obscure-background,"The sentence depends on a politically charged dispute or institutional background that is unnecessary for the target word. The sentence requires obscure names, places, history, or specialist background before it can be understood.",risk-targeted,,false
update,10545369,She's going to try rolling back an update.,pass,,"Read in full: the sentence is complete and natural, the target use is understandable, and no unnecessary charged or specialist background is required for a default learner.",risk-targeted,,false
upgrade,11217979,"Now, a recent safety upgrade has accidentally turned the bridge into a giant ambient music generator.",reject,unnatural-English; weak-teaching-value,A bridge becoming an ambient music generator is an implausible software joke that gives upgrade weak default teaching value.,risk-targeted,,false
urban,11135334,Urban renewal is another way of saying gentrification.,reject,political-heavy,The sentence depends on a politically charged dispute or institutional background that is unnecessary for the target word.,risk-targeted,,false
vain,11081976,Reactionaries have tried in vain to force everyone to stop finding the wrong people attractive.,reject,political-heavy,The sentence depends on a politically charged dispute or institutional background that is unnecessary for the target word.,risk-targeted,,false
valid,8636823,Both sides of an argument aren't always equally valid.,pass,,"Read in full: the sentence is complete and natural, the target use is understandable, and no unnecessary charged or specialist background is required for a default learner.",risk-targeted,,false
valve,10164936,This valve needs to be replaced.,pass,,"Read in full: the sentence is complete and natural, the target use is understandable, and no unnecessary charged or specialist background is required for a default learner.",risk-targeted,,false
various,12759781,Tom likes to engage Mary in thoughtful conversations about various subjects.,pass,,"Read in full: the sentence is complete and natural, the target use is understandable, and no unnecessary charged or specialist background is required for a default learner.",risk-targeted,,false
vast,9359755,The people were subjugated by a vast empire.,reject,political-heavy; violence,"The sentence depends on a politically charged dispute or institutional background that is unnecessary for the target word. The sentence adds unnecessary violence, weapons, threats, or graphic harm to a default learning context.",risk-targeted,,false
vegetation,12382543,The vegetation changes and becomes sparser as temperatures rise and conditions get drier.,pass,,"Read in full: the sentence is complete and natural, the target use is understandable, and no unnecessary charged or specialist background is required for a default learner.",risk-targeted,,false
vehicle,10245478,Tom opened the car door and stepped out of the vehicle.,pass,,"Read in full: the sentence is complete and natural, the target use is understandable, and no unnecessary charged or specialist background is required for a default learner.",risk-targeted,,false
veil,8135012,Algerians veil their wives but deceive them too.,reject,hate,"The sentence contains an identity-based generalization, slur-adjacent framing, or hateful conflict that is not needed for teaching.",risk-targeted,,false
velocity,11206816,"Mounted on the wind vane support is an anemometer, an instrument for measuring the velocity of the wind.",reject,context-too-hard,The surrounding vocabulary or technical background is substantially harder than the target word.,risk-targeted,,false
velvet,12775955,The palace windows were draped with velvet curtains.,pass,,"Read in full: the sentence is complete and natural, the target use is understandable, and no unnecessary charged or specialist background is required for a default learner.",risk-targeted,,false
venture,9956556,Tom became convinced that mining guano would be a lucrative business venture.,reject,obscure-background,"The sentence requires obscure names, places, history, or specialist background before it can be understood.",risk-targeted,,false
verbal,13148354,Tom insisted it was merely a verbal altercation and never got physical.,reject,violence; context-too-hard,A verbal altercation and whether it became physical add conflict and harder vocabulary unrelated to teaching verbal.,risk-targeted,,false
verdict,12766041,Will the court reach a fair verdict?,pass,,"Read in full: the sentence is complete and natural, the target use is understandable, and no unnecessary charged or specialist background is required for a default learner.",risk-targeted,,false
verge,11985010,"Radiated tortoises are extremely rare, and experts say they may be on the verge of extinction.",pass,,"Read in full: the sentence is complete and natural, the target use is understandable, and no unnecessary charged or specialist background is required for a default learner.",risk-targeted,,false
versatile,12175541,Swiss Army knives are versatile tools.,pass,,"Read in full: the sentence is complete and natural, the target use is understandable, and no unnecessary charged or specialist background is required for a default learner.",risk-targeted,,false
vice,10923883,Sane people are more of a threat to mentally ill people than vice versa.,reject,medical-heavy; hate,The sane and mentally ill comparison makes vice depend on stigmatizing medical language rather than a neutral example.,risk-targeted,,false
victim,11541551,J.K. Rowling is not the victim of her own crusade against trans people.,reject,public-controversy,"The target word is incidental, ambiguous, or too weakly illustrated to justify the context burden.",risk-targeted,,false
violate,8111594,Algerian Arabs veil their sisters but violate and beat women who are not veiled.,reject,violence; hate,The sentence describes beating women in an identity-based generalization.,risk-targeted,,false
violent,8808650,Jews owe our lives to the violent antifascist resistance of our grandparents.,reject,violence; political-heavy,"The sentence adds unnecessary violence, weapons, threats, or graphic harm to a default learning context. The sentence depends on a politically charged dispute or institutional background that is unnecessary for the target word.",risk-targeted,,false
virgin,12028675,"One group had their diet supplemented with extra virgin olive oil, while another were given nuts instead.",pass,,"Read in full: the sentence is complete and natural, the target use is understandable, and no unnecessary charged or specialist background is required for a default learner.",risk-targeted,,false
virtual,10349071,Tom's bird learned to turn on his virtual assistant.,pass,,"Read in full: the sentence is complete and natural, the target use is understandable, and no unnecessary charged or specialist background is required for a default learner.",risk-targeted,,false
visa,11182508,Tom does not need a visa to go to Kabylia because he has a Kabyle passport.,reject,obscure-background,"The sentence requires obscure names, places, history, or specialist background before it can be understood.",risk-targeted,,false
vision,12042219,Researchers wanted to know how color vision affected an animal's ability to find camouflaged prey.,pass,,"Read in full: the sentence is complete and natural, the target use is understandable, and no unnecessary charged or specialist background is required for a default learner.",risk-targeted,,false
vocal,12395454,Only male insects sing and they don't sing like humans or birds. They don't have vocal chords.,reject,unnatural-English,"The sentence says vocal chords instead of the standard vocal cords, so it is not a reliable natural English model.",risk-targeted,,false
vulgar,11253810,"That vulgar person might accost me again, and I have no time to waste in combat.",reject,violence; unnatural-English,"The sentence adds unnecessary violence, weapons, threats, or graphic harm to a default learning context. The wording is awkward, archaic, or unnatural for a modern default teaching example.",risk-targeted,,false
vulnerable,11270819,The world is full of bipolar people who don't threaten vulnerable minorities.,reject,medical-heavy; hate,"The sentence makes the learner process unnecessary medical detail instead of the target word. The sentence contains an identity-based generalization, slur-adjacent framing, or hateful conflict that is not needed for teaching.",risk-targeted,,false
wallet,10723416,This wood wallet is crafted from a single piece of walnut.,pass,,"Read in full: the sentence is complete and natural, the target use is understandable, and no unnecessary charged or specialist background is required for a default learner.",risk-targeted,,false
warrant,10143061,Tom told the cop to come back when he had a warrant.,pass,,"Read in full: the sentence is complete and natural, the target use is understandable, and no unnecessary charged or specialist background is required for a default learner.",risk-targeted,,false
wealthy,11921012,I support the people who want wealthy psychopaths to lose the power to harm people.,reject,political-heavy,The sentence depends on a politically charged dispute or institutional background that is unnecessary for the target word.,risk-targeted,,false
weary,12769169,The sea offers solace to the weary traveler.,reject,archaic; unnatural-English,"The weary traveler and solace phrasing is literary and sentimental, so it does not feel like a modern default teaching sentence.",risk-targeted,,false
wedge,10721994,Try a sliced apple with a lowfat cheese wedge.,pass,,"Read in full: the sentence is complete and natural, the target use is understandable, and no unnecessary charged or specialist background is required for a default learner.",risk-targeted,,false
weird,11996056,Most people have at least one weird interest.,pass,,"Read in full: the sentence is complete and natural, the target use is understandable, and no unnecessary charged or specialist background is required for a default learner.",risk-targeted,,false
whereby,11044319,Scientists say a new geologic epoch has begun whereby humans are causing major damage to global water systems.,reject,context-too-hard,The surrounding vocabulary or technical background is substantially harder than the target word.,risk-targeted,,false
yell,11451150,"If he's not there, yell back for him.",pass,,"Read in full: the sentence is complete and natural, the target use is understandable, and no unnecessary charged or specialist background is required for a default learner.",risk-targeted,,false
yield,11756596,We should plant aplenty of cherry and small fruit trees to yield feed for birds.,reject,unnatural-English; context-too-hard,"The wording is awkward, archaic, or unnatural for a modern default teaching example. The surrounding vocabulary or technical background is substantially harder than the target word.",risk-targeted,,false
abandon,12777390,True friends never abandon each other.,pass,,"Read in full: the sentence is complete and natural, the target use is understandable, and no unnecessary charged or specialist background is required for a default learner.",risk-targeted-post-curation,,false
abuse,11600790,Abuse of power is only possible because we let people have power.,pass,,"Read in full: the sentence is complete and natural, the target use is understandable, and no unnecessary charged or specialist background is required for a default learner.",risk-targeted-post-curation,,false
access,11759771,The guild said authorities greatly interfere with journalists' right to access and to disseminate information.,pass,,"Read in full: the sentence is complete and natural, the target use is understandable, and no unnecessary charged or specialist background is required for a default learner.",risk-targeted-post-curation,,false
accomplish,12055055,"I was demoralised at times, but I knew I had to forge ahead to accomplish my dream.",pass,,"Read in full: the sentence is complete and natural, the target use is understandable, and no unnecessary charged or specialist background is required for a default learner.",risk-targeted-post-curation,,false
additional,12396759,The newly reopened section of the museum will house additional exhibitions when the restoration project has been finished.,pass,,"Read in full: the sentence is complete and natural, the target use is understandable, and no unnecessary charged or specialist background is required for a default learner.",risk-targeted-post-curation,,false
advantage,12486973,The ability to regulate your blood temperature confers an evolutionary advantage.,pass,,"Read in full: the sentence is complete and natural, the target use is understandable, and no unnecessary charged or specialist background is required for a default learner.",risk-targeted-post-curation,,false
alternate,9443585,It's come to be viewed as an alternate spelling.,pass,,"Read in full: the sentence is complete and natural, the target use is understandable, and no unnecessary charged or specialist background is required for a default learner.",risk-targeted-post-curation,,false
alternative,11591097,"It once seemed like there was no alternative to monarchy, that it was just the way things were.",pass,,"Read in full: the sentence is complete and natural, the target use is understandable, and no unnecessary charged or specialist background is required for a default learner.",risk-targeted-post-curation,,false
ambition,12775028,Is there a limit to human ambition?,pass,,"Read in full: the sentence is complete and natural, the target use is understandable, and no unnecessary charged or specialist background is required for a default learner.",risk-targeted-post-curation,,false
amplify,10923842,It was a mistake to amplify this debate with thoughtless responses.,pass,,"Read in full: the sentence is complete and natural, the target use is understandable, and no unnecessary charged or specialist background is required for a default learner.",risk-targeted-post-curation,,false
analysis,9962947,Should we remove the outliers from our analysis?,pass,,"Read in full: the sentence is complete and natural, the target use is understandable, and no unnecessary charged or specialist background is required for a default learner.",risk-targeted-post-curation,,false
array,10986615,One of the great things about the Internet is the vast array of websites that cater to every conceivable interest.,pass,,"Read in full: the sentence is complete and natural, the target use is understandable, and no unnecessary charged or specialist background is required for a default learner.",risk-targeted-post-curation,,false
arrest,12419189,A plainclothes officer made the arrest.,pass,,"Read in full: the sentence is complete and natural, the target use is understandable, and no unnecessary charged or specialist background is required for a default learner.",risk-targeted-post-curation,,false
assume,7792170,Let's assume you're right. So what?,pass,,"Read in full: the sentence is complete and natural, the target use is understandable, and no unnecessary charged or specialist background is required for a default learner.",risk-targeted-post-curation,,false
attitude,11056703,"Unmasked and helpless, she maintained an attitude of challenge and defiance.",pass,,"Read in full: the sentence is complete and natural, the target use is understandable, and no unnecessary charged or specialist background is required for a default learner.",risk-targeted-post-curation,,false
attractive,12298798,Through those two days the train seemed to meander in a leisurely fashion through varied and attractive country.,pass,,"Read in full: the sentence is complete and natural, the target use is understandable, and no unnecessary charged or specialist background is required for a default learner.",risk-targeted-post-curation,,false
autonomy,11024109,Bodily autonomy is a human right.,pass,,"Read in full: the sentence is complete and natural, the target use is understandable, and no unnecessary charged or specialist background is required for a default learner.",risk-targeted-post-curation,,false
available,11740199,The evidence-based approach to gender-affirming care is to make it more available.,pass,,"Read in full: the sentence is complete and natural, the target use is understandable, and no unnecessary charged or specialist background is required for a default learner.",risk-targeted-post-curation,,false
behavior,12380875,Tom's behavior this evening has been asinine.,pass,,"Read in full: the sentence is complete and natural, the target use is understandable, and no unnecessary charged or specialist background is required for a default learner.",risk-targeted-post-curation,,false
benefit,10775728,I therefore admonish you to give the defendant the benefit of every reasonable doubt.,pass,,"Read in full: the sentence is complete and natural, the target use is understandable, and no unnecessary charged or specialist background is required for a default learner.",risk-targeted-post-curation,,false
border,10832774,"The countries have competing claims to villages and towns along the porous, undefined border.",pass,,"Read in full: the sentence is complete and natural, the target use is understandable, and no unnecessary charged or specialist background is required for a default learner.",risk-targeted-post-curation,,false
budget,12776923,She manages the office budget carefully.,pass,,"Read in full: the sentence is complete and natural, the target use is understandable, and no unnecessary charged or specialist background is required for a default learner.",risk-targeted-post-curation,,false
cable,11305462,The five-and-a-half-meter-diameter balloon is tethered with a winch cable to an airport pickup truck.,pass,,"Read in full: the sentence is complete and natural, the target use is understandable, and no unnecessary charged or specialist background is required for a default learner.",risk-targeted-post-curation,,false
cancel,12105688,I have to cancel our lesson today.,pass,,"Read in full: the sentence is complete and natural, the target use is understandable, and no unnecessary charged or specialist background is required for a default learner.",risk-targeted-post-curation,,false
capable,12777733,Are we capable of true empathy?,pass,,"Read in full: the sentence is complete and natural, the target use is understandable, and no unnecessary charged or specialist background is required for a default learner.",risk-targeted-post-curation,,false
cast,11183810,Tom's testimony cast serious doubt on the verity of John's account.,pass,,"Read in full: the sentence is complete and natural, the target use is understandable, and no unnecessary charged or specialist background is required for a default learner.",risk-targeted-post-curation,,false
certainty,12770843,He watches the world with calm certainty.,pass,,"Read in full: the sentence is complete and natural, the target use is understandable, and no unnecessary charged or specialist background is required for a default learner.",risk-targeted-post-curation,,false
circulation,12092157,"The redesigned banknote went into circulation on Thursday, but may take some time to show up everywhere.",pass,,"Read in full: the sentence is complete and natural, the target use is understandable, and no unnecessary charged or specialist background is required for a default learner.",risk-targeted-post-curation,,false
claim,10750502,You need some evidence to bolster your claim.,pass,,"Read in full: the sentence is complete and natural, the target use is understandable, and no unnecessary charged or specialist background is required for a default learner.",risk-targeted-post-curation,,false
clerk,11131606,A clerk at the feed store convinced him to try raising a cow.,pass,,"Read in full: the sentence is complete and natural, the target use is understandable, and no unnecessary charged or specialist background is required for a default learner.",risk-targeted-post-curation,,false
collapse,10320564,The whole thing is about to collapse.,pass,,"Read in full: the sentence is complete and natural, the target use is understandable, and no unnecessary charged or specialist background is required for a default learner.",risk-targeted-post-curation,,false
combine,11838477,Coffee roasters combine beans from different areas to make coffees with different tastes and qualities.,pass,,"Read in full: the sentence is complete and natural, the target use is understandable, and no unnecessary charged or specialist background is required for a default learner.",risk-targeted-post-curation,,false
commit,11563914,"If you commit a crime, don't post about it online.",pass,,"Read in full: the sentence is complete and natural, the target use is understandable, and no unnecessary charged or specialist background is required for a default learner.",risk-targeted-post-curation,,false
committee,12838248,I'm speaking on behalf of the small committee.,pass,,"Read in full: the sentence is complete and natural, the target use is understandable, and no unnecessary charged or specialist background is required for a default learner.",risk-targeted-post-curation,,false
concentration,12768464,She bit her lip in concentration.,pass,,"Read in full: the sentence is complete and natural, the target use is understandable, and no unnecessary charged or specialist background is required for a default learner.",risk-targeted-post-curation,,false
concern,11350396,Other people's medical issues are none of your concern.,pass,,"Read in full: the sentence is complete and natural, the target use is understandable, and no unnecessary charged or specialist background is required for a default learner.",risk-targeted-post-curation,,false
concise,12125475,"We at Focus always strive for clear, concise writing that avoids gobbledygook and jargon.",pass,,"Read in full: the sentence is complete and natural, the target use is understandable, and no unnecessary charged or specialist background is required for a default learner.",risk-targeted-post-curation,,false
condemn,11154913,"You condemn your enemies for a number of horrible things, but you celebrate those things in your allies!",pass,,"Read in full: the sentence is complete and natural, the target use is understandable, and no unnecessary charged or specialist background is required for a default learner.",risk-targeted-post-curation,,false
constant,11669612,The constant lies make me wonder if your cause is really so just.,pass,,"Read in full: the sentence is complete and natural, the target use is understandable, and no unnecessary charged or specialist background is required for a default learner.",risk-targeted-post-curation,,false
construct,12777602,Is time a construct of the mind?,pass,,"Read in full: the sentence is complete and natural, the target use is understandable, and no unnecessary charged or specialist background is required for a default learner.",risk-targeted-post-curation,,false
contract,11011678,"They probably wouldn't sue us over such a minor mistake, but we might as well double-check the contract.",pass,,"Read in full: the sentence is complete and natural, the target use is understandable, and no unnecessary charged or specialist background is required for a default learner.",risk-targeted-post-curation,,false
controversial,11977209,"It's not that your criticism is too controversial, but that it's facile.",pass,,"Read in full: the sentence is complete and natural, the target use is understandable, and no unnecessary charged or specialist background is required for a default learner.",risk-targeted-post-curation,,false
convert,12381513,"This is the world's first commercially available pedal generator, allowing to convert your human power into usable electricity.",pass,,"Read in full: the sentence is complete and natural, the target use is understandable, and no unnecessary charged or specialist background is required for a default learner.",risk-targeted-post-curation,,false
cord,10128035,Tom tripped over a power cord.,pass,,"Read in full: the sentence is complete and natural, the target use is understandable, and no unnecessary charged or specialist background is required for a default learner.",risk-targeted-post-curation,,false
corrupt,11959448,"The more powerful, the more corrupt.",pass,,"Read in full: the sentence is complete and natural, the target use is understandable, and no unnecessary charged or specialist background is required for a default learner.",risk-targeted-post-curation,,false
crash,11796935,"Tom wasn't injured in the crash, but his car was totaled.",pass,,"Read in full: the sentence is complete and natural, the target use is understandable, and no unnecessary charged or specialist background is required for a default learner.",risk-targeted-post-curation,,false
credible,7036151,The websites of some predatory publishers look credible.,pass,,"Read in full: the sentence is complete and natural, the target use is understandable, and no unnecessary charged or specialist background is required for a default learner.",risk-targeted-post-curation,,false
criminal,12327969,A criminal is someone who commits a crime.,pass,,"Read in full: the sentence is complete and natural, the target use is understandable, and no unnecessary charged or specialist background is required for a default learner.",risk-targeted-post-curation,,false
criticism,10237600,Are you looking for criticism or validation?,pass,,"Read in full: the sentence is complete and natural, the target use is understandable, and no unnecessary charged or specialist background is required for a default learner.",risk-targeted-post-curation,,false
crowd,12775978,Her Highness smiled as she waved to the crowd.,pass,,"Read in full: the sentence is complete and natural, the target use is understandable, and no unnecessary charged or specialist background is required for a default learner.",risk-targeted-post-curation,,false
crush,8849918,I've got a crush on Tom.,pass,,"Read in full: the sentence is complete and natural, the target use is understandable, and no unnecessary charged or specialist background is required for a default learner.",risk-targeted-post-curation,,false
debate,10923842,It was a mistake to amplify this debate with thoughtless responses.,pass,,"Read in full: the sentence is complete and natural, the target use is understandable, and no unnecessary charged or specialist background is required for a default learner.",risk-targeted-post-curation,,false
deceive,12777417,He knew she would never deceive him.,pass,,"Read in full: the sentence is complete and natural, the target use is understandable, and no unnecessary charged or specialist background is required for a default learner.",risk-targeted-post-curation,,false
defendant,11237473,The defendant was found fit to stand trial.,pass,,"Read in full: the sentence is complete and natural, the target use is understandable, and no unnecessary charged or specialist background is required for a default learner.",risk-targeted-post-curation,,false
definitely,9415502,One of these potatoes was definitely bad.,pass,,"Read in full: the sentence is complete and natural, the target use is understandable, and no unnecessary charged or specialist background is required for a default learner.",risk-targeted-post-curation,,false
definition,10179225,"If you come across a word you don't know while reading, look up its definition in the dictionary.",pass,,"Read in full: the sentence is complete and natural, the target use is understandable, and no unnecessary charged or specialist background is required for a default learner.",risk-targeted-post-curation,,false
disaster,12765205,Tom volunteered to help build houses for disaster survivors.,pass,,"Read in full: the sentence is complete and natural, the target use is understandable, and no unnecessary charged or specialist background is required for a default learner.",risk-targeted-post-curation,,false
disastrous,11372657,"The benefits are debatable, but the long term consequences might be disastrous.",pass,,"Read in full: the sentence is complete and natural, the target use is understandable, and no unnecessary charged or specialist background is required for a default learner.",risk-targeted-post-curation,,false
disease,12764876,The disease spread quickly through the town.,pass,,"Read in full: the sentence is complete and natural, the target use is understandable, and no unnecessary charged or specialist background is required for a default learner.",risk-targeted-post-curation,,false
donation,10719771,The donation page doesn't allow you to say what it's for.,pass,,"Read in full: the sentence is complete and natural, the target use is understandable, and no unnecessary charged or specialist background is required for a default learner.",risk-targeted-post-curation,,false
dramatic,11526956,"But when the test results are broken down by subgroup, the differences are dramatic.",pass,,"Read in full: the sentence is complete and natural, the target use is understandable, and no unnecessary charged or specialist background is required for a default learner.",risk-targeted-post-curation,,false
drill,12765196,They maintained order during the citywide emergency drill.,pass,,"Read in full: the sentence is complete and natural, the target use is understandable, and no unnecessary charged or specialist background is required for a default learner.",risk-targeted-post-curation,,false
ecology,12046498,Birds are one of the surest indicators of the health of the ecology.,pass,,"Read in full: the sentence is complete and natural, the target use is understandable, and no unnecessary charged or specialist background is required for a default learner.",risk-targeted-post-curation,,false
element,10808836,Tom seemed out of his element.,pass,,"Read in full: the sentence is complete and natural, the target use is understandable, and no unnecessary charged or specialist background is required for a default learner.",risk-targeted-post-curation,,false
emotion,12777851,Can we find balance between reason and emotion?,pass,,"Read in full: the sentence is complete and natural, the target use is understandable, and no unnecessary charged or specialist background is required for a default learner.",risk-targeted-post-curation,,false
encounter,11928579,Tom recognized me from a single encounter at a party three years ago.,pass,,"Read in full: the sentence is complete and natural, the target use is understandable, and no unnecessary charged or specialist background is required for a default learner.",risk-targeted-post-curation,,false
enforce,12766074,Will the justice system enforce new reforms?,pass,,"Read in full: the sentence is complete and natural, the target use is understandable, and no unnecessary charged or specialist background is required for a default learner.",risk-targeted-post-curation,,false
equality,12765980,Did they vote for freedom and equality?,pass,,"Read in full: the sentence is complete and natural, the target use is understandable, and no unnecessary charged or specialist background is required for a default learner.",risk-targeted-post-curation,,false
eternal,12769086,The mountains stand as eternal guardians.,pass,,"Read in full: the sentence is complete and natural, the target use is understandable, and no unnecessary charged or specialist background is required for a default learner.",risk-targeted-post-curation,,false
ethnic,10539920,Jews are a people whose ethnic religion is Judaism.,pass,,"Read in full: the sentence is complete and natural, the target use is understandable, and no unnecessary charged or specialist background is required for a default learner.",risk-targeted-post-curation,,false
exception,12138081,"Nuts may be purchased shelled or unshelled with the exception of cashews, which are sold only shelled.",pass,,"Read in full: the sentence is complete and natural, the target use is understandable, and no unnecessary charged or specialist background is required for a default learner.",risk-targeted-post-curation,,false
exceptional,10099736,I think this watermelon is exceptional.,pass,,"Read in full: the sentence is complete and natural, the target use is understandable, and no unnecessary charged or specialist background is required for a default learner.",risk-targeted-post-curation,,false
exchange,11170654,The stock exchange has been chalking up extraordinary numbers.,pass,,"Read in full: the sentence is complete and natural, the target use is understandable, and no unnecessary charged or specialist background is required for a default learner.",risk-targeted-post-curation,,false
existence,12778582,Can we ever break free from the cycle of existence?,pass,,"Read in full: the sentence is complete and natural, the target use is understandable, and no unnecessary charged or specialist background is required for a default learner.",risk-targeted-post-curation,,false
extraordinary,12372693,"But Mr. Duxbury says that despite its extraordinary lightness, aerogel can be quite sturdy.",pass,,"Read in full: the sentence is complete and natural, the target use is understandable, and no unnecessary charged or specialist background is required for a default learner.",risk-targeted-post-curation,,false
faith,12146348,Tom left the ministerial profession after suffering a crisis of faith.,pass,,"Read in full: the sentence is complete and natural, the target use is understandable, and no unnecessary charged or specialist background is required for a default learner.",risk-targeted-post-curation,,false
finite,12777760,Is the universe infinite or finite?,pass,,"Read in full: the sentence is complete and natural, the target use is understandable, and no unnecessary charged or specialist background is required for a default learner.",risk-targeted-post-curation,,false
flexible,12777885,Is the future predetermined or flexible?,pass,,"Read in full: the sentence is complete and natural, the target use is understandable, and no unnecessary charged or specialist background is required for a default learner.",risk-targeted-post-curation,,false
formal,9801002,This is the formal definition of philosophy.,pass,,"Read in full: the sentence is complete and natural, the target use is understandable, and no unnecessary charged or specialist background is required for a default learner.",risk-targeted-post-curation,,false
function,11266094,You need sleep and relaxation for your brain to function at an optimal level.,pass,,"Read in full: the sentence is complete and natural, the target use is understandable, and no unnecessary charged or specialist background is required for a default learner.",risk-targeted-post-curation,,false
fundamental,12767841,Privacy is a fundamental human right.,pass,,"Read in full: the sentence is complete and natural, the target use is understandable, and no unnecessary charged or specialist background is required for a default learner.",risk-targeted-post-curation,,false
garment,11522323,The economy of Bangladesh is mainly based on agriculture and the garment industry.,pass,,"Read in full: the sentence is complete and natural, the target use is understandable, and no unnecessary charged or specialist background is required for a default learner.",risk-targeted-post-curation,,false
genuine,9955559,The facsimile proved that the inscription was genuine.,pass,,"Read in full: the sentence is complete and natural, the target use is understandable, and no unnecessary charged or specialist background is required for a default learner.",risk-targeted-post-curation,,false
grain,11280852,They love to go against the grain.,pass,,"Read in full: the sentence is complete and natural, the target use is understandable, and no unnecessary charged or specialist background is required for a default learner.",risk-targeted-post-curation,,false
grave,11207291,Tom must be turning over in his grave.,pass,,"Read in full: the sentence is complete and natural, the target use is understandable, and no unnecessary charged or specialist background is required for a default learner.",risk-targeted-post-curation,,false
humanity,12766733,Humanity must confront its greatest challenges.,pass,,"Read in full: the sentence is complete and natural, the target use is understandable, and no unnecessary charged or specialist background is required for a default learner.",risk-targeted-post-curation,,false
ideology,11860477,Growth for growth's sake is the ideology of the cancer cell.,pass,,"Read in full: the sentence is complete and natural, the target use is understandable, and no unnecessary charged or specialist background is required for a default learner.",risk-targeted-post-curation,,false
idiot,11099292,Everyone's entitled to be an idiot.,pass,,"Read in full: the sentence is complete and natural, the target use is understandable, and no unnecessary charged or specialist background is required for a default learner.",risk-targeted-post-curation,,false
ignore,11079695,The double standard is impossible to ignore.,pass,,"Read in full: the sentence is complete and natural, the target use is understandable, and no unnecessary charged or specialist background is required for a default learner.",risk-targeted-post-curation,,false
illegal,10322445,It's illegal to aid and abet another person in committing a felony.,pass,,"Read in full: the sentence is complete and natural, the target use is understandable, and no unnecessary charged or specialist background is required for a default learner.",risk-targeted-post-curation,,false
immune,10354036,You're not immune to the virus.,pass,,"Read in full: the sentence is complete and natural, the target use is understandable, and no unnecessary charged or specialist background is required for a default learner.",risk-targeted-post-curation,,false
indefinite,9416088,Tom's band is on an indefinite hiatus.,pass,,"Read in full: the sentence is complete and natural, the target use is understandable, and no unnecessary charged or specialist background is required for a default learner.",risk-targeted-post-curation,,false
industrial,11570817,These industrial parks were envisaged as havens for domestic and foreign investors.,pass,,"Read in full: the sentence is complete and natural, the target use is understandable, and no unnecessary charged or specialist background is required for a default learner.",risk-targeted-post-curation,,false
initial,10463318,It's not the initial cost that worries me. It's the upkeep.,pass,,"Read in full: the sentence is complete and natural, the target use is understandable, and no unnecessary charged or specialist background is required for a default learner.",risk-targeted-post-curation,,false
input,10173034,"If the device is not connected to the internet, the date and time settings will have to be manually input.",pass,,"Read in full: the sentence is complete and natural, the target use is understandable, and no unnecessary charged or specialist background is required for a default learner.",risk-targeted-post-curation,,false
insight,8993583,"Whenever I've felt there was no hope, I waited and gained new insight.",pass,,"Read in full: the sentence is complete and natural, the target use is understandable, and no unnecessary charged or specialist background is required for a default learner.",risk-targeted-post-curation,,false
intact,10722082,She could not escape with her reputation intact.,pass,,"Read in full: the sentence is complete and natural, the target use is understandable, and no unnecessary charged or specialist background is required for a default learner.",risk-targeted-post-curation,,false
intellectual,12759844,Mary often engages Tom in conversations that push their intellectual boundaries.,pass,,"Read in full: the sentence is complete and natural, the target use is understandable, and no unnecessary charged or specialist background is required for a default learner.",risk-targeted-post-curation,,false
interact,10018036,I no longer have to interact with people I have little to nothing in common with.,pass,,"Read in full: the sentence is complete and natural, the target use is understandable, and no unnecessary charged or specialist background is required for a default learner.",risk-targeted-post-curation,,false
interaction,10228572,Cats always need to feel like they have the choice to stop an interaction.,pass,,"Read in full: the sentence is complete and natural, the target use is understandable, and no unnecessary charged or specialist background is required for a default learner.",risk-targeted-post-curation,,false
intrinsic,9694653,Tom lacks intrinsic motivation to study French.,pass,,"Read in full: the sentence is complete and natural, the target use is understandable, and no unnecessary charged or specialist background is required for a default learner.",risk-targeted-post-curation,,false
jerk,11148845,I quietly helped a jerk and he blurted it out.,pass,,"Read in full: the sentence is complete and natural, the target use is understandable, and no unnecessary charged or specialist background is required for a default learner.",risk-targeted-post-curation,,false
jury,11585966,"""I can tell a guilty person by their aura,"" Tom said during jury selection.",pass,,"Read in full: the sentence is complete and natural, the target use is understandable, and no unnecessary charged or specialist background is required for a default learner.",risk-targeted-post-curation,,false
leather,11838550,"The head nurse came striding up, her leather heels clacking on the tile floor.",pass,,"Read in full: the sentence is complete and natural, the target use is understandable, and no unnecessary charged or specialist background is required for a default learner.",risk-targeted-post-curation,,false
mass,9954354,We're at the beginning of a global mass extinction event.,pass,,"Read in full: the sentence is complete and natural, the target use is understandable, and no unnecessary charged or specialist background is required for a default learner.",risk-targeted-post-curation,,false
massive,12759657,"A supernova is the explosive death of a star, releasing massive energy.",pass,,"Read in full: the sentence is complete and natural, the target use is understandable, and no unnecessary charged or specialist background is required for a default learner.",risk-targeted-post-curation,,false
military,10164952,Military recruiters came to our school.,pass,,"Read in full: the sentence is complete and natural, the target use is understandable, and no unnecessary charged or specialist background is required for a default learner.",risk-targeted-post-curation,,false
minority,10019223,A rule that works for a large global language like English might not work for a small minority language.,pass,,"Read in full: the sentence is complete and natural, the target use is understandable, and no unnecessary charged or specialist background is required for a default learner.",risk-targeted-post-curation,,false
occur,9805541,"Does your academic record reflect any major challenges? If so, what are they and why did they occur?",pass,,"Read in full: the sentence is complete and natural, the target use is understandable, and no unnecessary charged or specialist background is required for a default learner.",risk-targeted-post-curation,,false
offspring,9034386,I wonder why we were born? Maybe it's just to have offspring.,pass,,"Read in full: the sentence is complete and natural, the target use is understandable, and no unnecessary charged or specialist background is required for a default learner.",risk-targeted-post-curation,,false
olive,12028675,"One group had their diet supplemented with extra virgin olive oil, while another were given nuts instead.",pass,,"Read in full: the sentence is complete and natural, the target use is understandable, and no unnecessary charged or specialist background is required for a default learner.",risk-targeted-post-curation,,false
option,12772550,Was this really the only option?,pass,,"Read in full: the sentence is complete and natural, the target use is understandable, and no unnecessary charged or specialist background is required for a default learner.",risk-targeted-post-curation,,false
orientation,10778152,This orientation course will teach you everything you need to know.,pass,,"Read in full: the sentence is complete and natural, the target use is understandable, and no unnecessary charged or specialist background is required for a default learner.",risk-targeted-post-curation,,false
outbreak,12765267,Tom volunteered to assist with medical care during the outbreak.,pass,,"Read in full: the sentence is complete and natural, the target use is understandable, and no unnecessary charged or specialist background is required for a default learner.",risk-targeted-post-curation,,false
outward,11375735,Radiation and convection carry that energy outward to the star's surface and to its atmosphere beyond.,pass,,"Read in full: the sentence is complete and natural, the target use is understandable, and no unnecessary charged or specialist background is required for a default learner.",risk-targeted-post-curation,,false
panic,12764926,The crisis put everyone in a state of panic.,pass,,"Read in full: the sentence is complete and natural, the target use is understandable, and no unnecessary charged or specialist background is required for a default learner.",risk-targeted-post-curation,,false
permanent,11215800,A slab of concrete underlies nearly every permanent structure on Earth.,pass,,"Read in full: the sentence is complete and natural, the target use is understandable, and no unnecessary charged or specialist background is required for a default learner.",risk-targeted-post-curation,,false
persistent,11732700,"Cybersecurity experts say infiltrators are persistent, clever and part of an industrial-scale hacking economy.",pass,,"Read in full: the sentence is complete and natural, the target use is understandable, and no unnecessary charged or specialist background is required for a default learner.",risk-targeted-post-curation,,false
phenomenon,9444725,This is a phenomenon that has repeated itself many times throughout history.,pass,,"Read in full: the sentence is complete and natural, the target use is understandable, and no unnecessary charged or specialist background is required for a default learner.",risk-targeted-post-curation,,false
pirate,11462220,"He's a strange pirate. Instead of a parrot on his shoulder, he always has a cat.",pass,,"Read in full: the sentence is complete and natural, the target use is understandable, and no unnecessary charged or specialist background is required for a default learner.",risk-targeted-post-curation,,false
plague,10459884,I think I have the plague.,pass,,"Read in full: the sentence is complete and natural, the target use is understandable, and no unnecessary charged or specialist background is required for a default learner.",risk-targeted-post-curation,,false
poke,11065019,We don't want to poke the bear.,pass,,"Read in full: the sentence is complete and natural, the target use is understandable, and no unnecessary charged or specialist background is required for a default learner.",risk-targeted-post-curation,,false
pore,10928392,"The scientists say older cloth is best because repeated washings soften and loosen the threads, reducing the pore size.",pass,,"Read in full: the sentence is complete and natural, the target use is understandable, and no unnecessary charged or specialist background is required for a default learner.",risk-targeted-post-curation,,false
poverty,11522329,Bangladesh has made significant progress in reducing poverty and improving health and education in recent years.,pass,,"Read in full: the sentence is complete and natural, the target use is understandable, and no unnecessary charged or specialist background is required for a default learner.",risk-targeted-post-curation,,false
priest,10005701,Is a friar the same thing as a priest?,pass,,"Read in full: the sentence is complete and natural, the target use is understandable, and no unnecessary charged or specialist background is required for a default learner.",risk-targeted-post-curation,,false
primary,10723379,His mother is a nursery school teacher and his father is a primary school teacher.,pass,,"Read in full: the sentence is complete and natural, the target use is understandable, and no unnecessary charged or specialist background is required for a default learner.",risk-targeted-post-curation,,false
prime,9054433,This store isn't exactly in a prime location.,pass,,"Read in full: the sentence is complete and natural, the target use is understandable, and no unnecessary charged or specialist background is required for a default learner.",risk-targeted-post-curation,,false
privacy,12767857,Privacy protects the essence of who we are.,pass,,"Read in full: the sentence is complete and natural, the target use is understandable, and no unnecessary charged or specialist background is required for a default learner.",risk-targeted-post-curation,,false
professional,12317707,Professional wrestling is a performance art.,pass,,"Read in full: the sentence is complete and natural, the target use is understandable, and no unnecessary charged or specialist background is required for a default learner.",risk-targeted-post-curation,,false
propaganda,9101344,You are not immune to propaganda.,pass,,"Read in full: the sentence is complete and natural, the target use is understandable, and no unnecessary charged or specialist background is required for a default learner.",risk-targeted-post-curation,,false
protest,12777365,Do you believe in art as a form of protest?,pass,,"Read in full: the sentence is complete and natural, the target use is understandable, and no unnecessary charged or specialist background is required for a default learner.",risk-targeted-post-curation,,false
queer,12386366,The mere existence of queer people isn't inherently sexual.,pass,,"Read in full: the sentence is complete and natural, the target use is understandable, and no unnecessary charged or specialist background is required for a default learner.",risk-targeted-post-curation,,false
reaction,11351019,She had a reaction to the anesthesia she was given prior to plastic surgery.,pass,,"Read in full: the sentence is complete and natural, the target use is understandable, and no unnecessary charged or specialist background is required for a default learner.",risk-targeted-post-curation,,false
recipe,9403566,"I asked Tom for the recipe, but he said it was a secret.",pass,,"Read in full: the sentence is complete and natural, the target use is understandable, and no unnecessary charged or specialist background is required for a default learner.",risk-targeted-post-curation,,false
region,12765292,They worked to ensure that peace was maintained across the region.,pass,,"Read in full: the sentence is complete and natural, the target use is understandable, and no unnecessary charged or specialist background is required for a default learner.",risk-targeted-post-curation,,false
release,12414127,"The group called for the creation of fish hatcheries that would release ""fingerlings"" into the old spawning grounds.",pass,,"Read in full: the sentence is complete and natural, the target use is understandable, and no unnecessary charged or specialist background is required for a default learner.",risk-targeted-post-curation,,false
religion,9715179,Any religion or philosophy can be taken to excess.,pass,,"Read in full: the sentence is complete and natural, the target use is understandable, and no unnecessary charged or specialist background is required for a default learner.",risk-targeted-post-curation,,false
religious,11593686,There are good lessons to be found in every religious tradition.,pass,,"Read in full: the sentence is complete and natural, the target use is understandable, and no unnecessary charged or specialist background is required for a default learner.",risk-targeted-post-curation,,false
rely,12042018,"People rely on ferries for transportation in Bangladesh, a low-lying nation with hundreds of rivers.",pass,,"Read in full: the sentence is complete and natural, the target use is understandable, and no unnecessary charged or specialist background is required for a default learner.",risk-targeted-post-curation,,false
render,12065639,A passing motorist stopped to render aid.,pass,,"Read in full: the sentence is complete and natural, the target use is understandable, and no unnecessary charged or specialist background is required for a default learner.",risk-targeted-post-curation,,false
resistant,12141618,Once the young hatch they are raised in predator-proof pens until they are larger and more predator resistant.,pass,,"Read in full: the sentence is complete and natural, the target use is understandable, and no unnecessary charged or specialist background is required for a default learner.",risk-targeted-post-curation,,false
reverse,11095233,They're saying that the Sun's magnetic field is about to reverse or flip its polarity.,pass,,"Read in full: the sentence is complete and natural, the target use is understandable, and no unnecessary charged or specialist background is required for a default learner.",risk-targeted-post-curation,,false
royalty,9301090,I don't think Tom is royalty.,pass,,"Read in full: the sentence is complete and natural, the target use is understandable, and no unnecessary charged or specialist background is required for a default learner.",risk-targeted-post-curation,,false
severe,7249248,Tom was diagnosed with autism and severe depression.,pass,,"Read in full: the sentence is complete and natural, the target use is understandable, and no unnecessary charged or specialist background is required for a default learner.",risk-targeted-post-curation,,false
shark,12467700,A shark swam past the porthole.,pass,,"Read in full: the sentence is complete and natural, the target use is understandable, and no unnecessary charged or specialist background is required for a default learner.",risk-targeted-post-curation,,false
similar,12140227,I'm here to help you as someone who has gone through similar experiences.,pass,,"Read in full: the sentence is complete and natural, the target use is understandable, and no unnecessary charged or specialist background is required for a default learner.",risk-targeted-post-curation,,false
slash,10718770,The move has sparked alarm and is intensifying efforts to slash energy consumption and find alternatives.,pass,,"Read in full: the sentence is complete and natural, the target use is understandable, and no unnecessary charged or specialist background is required for a default learner.",risk-targeted-post-curation,,false
spectacle,11974788,There's a famous case of a jackdaw nest in India that was composed entirely of gold spectacle frames.,pass,,"Read in full: the sentence is complete and natural, the target use is understandable, and no unnecessary charged or specialist background is required for a default learner.",risk-targeted-post-curation,,false
spite,7335526,"In spite of everything, Tom is happy.",pass,,"Read in full: the sentence is complete and natural, the target use is understandable, and no unnecessary charged or specialist background is required for a default learner.",risk-targeted-post-curation,,false
stock,11158344,Major U.S. stock markets made strong gains Tuesday as strong earnings reports encouraged investors.,pass,,"Read in full: the sentence is complete and natural, the target use is understandable, and no unnecessary charged or specialist background is required for a default learner.",risk-targeted-post-curation,,false
stroll,12775821,Are the royal gardens prepared for the evening stroll?,pass,,"Read in full: the sentence is complete and natural, the target use is understandable, and no unnecessary charged or specialist background is required for a default learner.",risk-targeted-post-curation,,false
sue,11011678,"They probably wouldn't sue us over such a minor mistake, but we might as well double-check the contract.",pass,,"Read in full: the sentence is complete and natural, the target use is understandable, and no unnecessary charged or specialist background is required for a default learner.",risk-targeted-post-curation,,false
suffice,12773282,"Do your best, and that will suffice.",pass,,"Read in full: the sentence is complete and natural, the target use is understandable, and no unnecessary charged or specialist background is required for a default learner.",risk-targeted-post-curation,,false
summit,12768262,They reached the summit at dawn.,pass,,"Read in full: the sentence is complete and natural, the target use is understandable, and no unnecessary charged or specialist background is required for a default learner.",risk-targeted-post-curation,,false
surgery,9805365,Is it better to have a bath or shower after surgery?,pass,,"Read in full: the sentence is complete and natural, the target use is understandable, and no unnecessary charged or specialist background is required for a default learner.",risk-targeted-post-curation,,false
swap,10762587,Swap it out for a new one.,pass,,"Read in full: the sentence is complete and natural, the target use is understandable, and no unnecessary charged or specialist background is required for a default learner.",risk-targeted-post-curation,,false
threaten,12110954,Rebellious teenagers often threaten to run away from home.,pass,,"Read in full: the sentence is complete and natural, the target use is understandable, and no unnecessary charged or specialist background is required for a default learner.",risk-targeted-post-curation,,false
throne,12775923,The king's throne was made of the finest mahogany.,pass,,"Read in full: the sentence is complete and natural, the target use is understandable, and no unnecessary charged or specialist background is required for a default learner.",risk-targeted-post-curation,,false
transcend,12777697,Can love transcend time and space?,pass,,"Read in full: the sentence is complete and natural, the target use is understandable, and no unnecessary charged or specialist background is required for a default learner.",risk-targeted-post-curation,,false
trial,12766130,Will the justice system face challenges in this trial?,pass,,"Read in full: the sentence is complete and natural, the target use is understandable, and no unnecessary charged or specialist background is required for a default learner.",risk-targeted-post-curation,,false
tunnel,10112532,I'm starting to see the light at the end of the tunnel.,pass,,"Read in full: the sentence is complete and natural, the target use is understandable, and no unnecessary charged or specialist background is required for a default learner.",risk-targeted-post-curation,,false
unity,12768737,"We walk together, knowing that unity brings strength.",pass,,"Read in full: the sentence is complete and natural, the target use is understandable, and no unnecessary charged or specialist background is required for a default learner.",risk-targeted-post-curation,,false
urban,12777367,She draws inspiration from urban landscapes.,pass,,"Read in full: the sentence is complete and natural, the target use is understandable, and no unnecessary charged or specialist background is required for a default learner.",risk-targeted-post-curation,,false
vast,10986615,One of the great things about the Internet is the vast array of websites that cater to every conceivable interest.,pass,,"Read in full: the sentence is complete and natural, the target use is understandable, and no unnecessary charged or specialist background is required for a default learner.",risk-targeted-post-curation,,false
verse,11613818,"I mostly write free verse, but I employ meter and rhyme from time to time.",pass,,"Read in full: the sentence is complete and natural, the target use is understandable, and no unnecessary charged or specialist background is required for a default learner.",risk-targeted-post-curation,,false
versus,10873733,"She found what she called a ""small but significant"" difference in reading text from screen versus paper.",pass,,"Read in full: the sentence is complete and natural, the target use is understandable, and no unnecessary charged or specialist background is required for a default learner.",risk-targeted-post-curation,,false
vice,11371764,"Young Tom would've hated old Tom, and vice versa.",pass,,"Read in full: the sentence is complete and natural, the target use is understandable, and no unnecessary charged or specialist background is required for a default learner.",risk-targeted-post-curation,,false
volume,10077494,Could you turn the volume up? I can't make out what they're saying from my apartment.,pass,,"Read in full: the sentence is complete and natural, the target use is understandable, and no unnecessary charged or specialist background is required for a default learner.",risk-targeted-post-curation,,false
ward,11076990,I met Tom at the psych ward.,pass,,"Read in full: the sentence is complete and natural, the target use is understandable, and no unnecessary charged or specialist background is required for a default learner.",risk-targeted-post-curation,,false
wealthy,11745973,Mary used to work as a governess for a wealthy family.,pass,,"Read in full: the sentence is complete and natural, the target use is understandable, and no unnecessary charged or specialist background is required for a default learner.",risk-targeted-post-curation,,false
web,11574006,Why does the cosmic web exist?,pass,,"Read in full: the sentence is complete and natural, the target use is understandable, and no unnecessary charged or specialist background is required for a default learner.",risk-targeted-post-curation,,false
